src_flow_id,dst_flow_id,src_amount_usd,dst_amount_usd,median_delay_sec,pattern_type,label_confidence,label_type,bridge,label_source,support_tx_pair_count,matched_src_amount_usd,matched_dst_amount_usd,flow_mass_ratio_dst
eth_flow_0572088b25d54f__r7fam00__inst00__synth_split_src,bnb_flow_c72e6c6cb1394d__synth_split_a,124.742823,62.3714115,160.0,one_to_many,0.95,supervised_flow_pair,Celer,semi_synthetic_split,1,62.3714115,62.3714115,
eth_flow_0572088b25d54f__r7fam00__inst00__synth_split_src,bnb_flow_c72e6c6cb1394d__synth_split_b,124.742823,62.3714115,160.0,one_to_many,0.95,supervised_flow_pair,Celer,semi_synthetic_split,1,62.3714115,62.3714115,
eth_flow_0572088b25d54f__r7fam00__inst00__synth_merge_src1,bnb_flow_c72e6c6cb1394d__synth_merge_dst,62.3714115,124.742823,160.0,many_to_one,1.0,supervised_flow_pair,Celer,semi_synthetic_merge,,62.3714115,62.3714115,
eth_flow_0572088b25d54f__r7fam00__inst00__synth_merge_src2,bnb_flow_c72e6c6cb1394d__synth_merge_dst,62.3714115,124.742823,160.0,many_to_one,1.0,supervised_flow_pair,Celer,semi_synthetic_merge,,62.3714115,62.3714115,
eth_flow_0572088b25d54f__r7fam00__inst00__synth_unmatched_src,bnb_flow_c72e6c6cb1394d__synth_hidden_dst,124.742823,0,160.0,one_to_one,0.2,supervised_flow_pair,Celer,semi_synthetic_unmatched,,,0,0
eth_flow_0572088b25d54f__r7fam00__inst00__synth_noise_src_0,bnb_flow_c72e6c6cb1394d__synth_noise_dst_0,124.742823,123.82156449902013,220,one_to_one,0.2274,supervised_flow_pair,Celer,semi_synthetic_delay_noise,,,,
eth_flow_0572088b25d54f__r7fam00__inst00__synth_noise_src_1,bnb_flow_c72e6c6cb1394d__synth_noise_dst_1,124.742823,123.82156449902013,280,one_to_one,0.2519,supervised_flow_pair,Celer,semi_synthetic_delay_noise,,,,
eth_flow_dcbe00a81dec43__r7fam00__inst01__synth_split_src,bnb_flow_dab29e8158e347__synth_split_a,178.229144,89.114572,133.0,one_to_many,0.95,supervised_flow_pair,Celer,semi_synthetic_split,1,89.114572,89.114572,
eth_flow_dcbe00a81dec43__r7fam00__inst01__synth_split_src,bnb_flow_dab29e8158e347__synth_split_b,178.229144,89.114572,133.0,one_to_many,0.95,supervised_flow_pair,Celer,semi_synthetic_split,1,89.114572,89.114572,
eth_flow_dcbe00a81dec43__r7fam00__inst01__synth_merge_src1,bnb_flow_dab29e8158e347__synth_merge_dst,89.114572,178.229144,133.0,many_to_one,1.0,supervised_flow_pair,Celer,semi_synthetic_merge,,89.114572,89.114572,
eth_flow_dcbe00a81dec43__r7fam00__inst01__synth_merge_src2,bnb_flow_dab29e8158e347__synth_merge_dst,89.114572,178.229144,133.0,many_to_one,1.0,supervised_flow_pair,Celer,semi_synthetic_merge,,89.114572,89.114572,
eth_flow_dcbe00a81dec43__r7fam00__inst01__synth_unmatched_src,bnb_flow_dab29e8158e347__synth_hidden_dst,178.229144,0,133.0,one_to_one,0.2,supervised_flow_pair,Celer,semi_synthetic_unmatched,,,0,0
eth_flow_dcbe00a81dec43__r7fam00__inst01__synth_noise_src_0,bnb_flow_dab29e8158e347__synth_noise_dst_0,178.229144,176.71304414444884,193,one_to_one,0.241,supervised_flow_pair,Celer,semi_synthetic_delay_noise,,,,
eth_flow_dcbe00a81dec43__r7fam00__inst01__synth_noise_src_1,bnb_flow_dab29e8158e347__synth_noise_dst_1,178.229144,176.71304414444884,253,one_to_one,0.2392,supervised_flow_pair,Celer,semi_synthetic_delay_noise,,,,
eth_flow_9cf93decbc9943__r7fam01__inst00__synth_split_src,bnb_flow_764e66495f2548__synth_split_a,61.81,30.905,174.0,one_to_many,0.95,supervised_flow_pair,Celer,semi_synthetic_split,1,30.905,30.905,
eth_flow_9cf93decbc9943__r7fam01__inst00__synth_split_src,bnb_flow_764e66495f2548__synth_split_b,61.81,30.905,174.0,one_to_many,0.95,supervised_flow_pair,Celer,semi_synthetic_split,1,30.905,30.905,
eth_flow_9cf93decbc9943__r7fam01__inst00__synth_merge_src1,bnb_flow_764e66495f2548__synth_merge_dst,30.905,61.81,174.0,many_to_one,1.0,supervised_flow_pair,Celer,semi_synthetic_merge,,30.905,30.905,
eth_flow_9cf93decbc9943__r7fam01__inst00__synth_merge_src2,bnb_flow_764e66495f2548__synth_merge_dst,30.905,61.81,174.0,many_to_one,1.0,supervised_flow_pair,Celer,semi_synthetic_merge,,30.905,30.905,
eth_flow_9cf93decbc9943__r7fam01__inst00__synth_unmatched_src,bnb_flow_764e66495f2548__synth_hidden_dst,61.81,0,174.0,one_to_one,0.2,supervised_flow_pair,Celer,semi_synthetic_unmatched,,,0,0
eth_flow_9cf93decbc9943__r7fam01__inst00__synth_noise_src_0,bnb_flow_764e66495f2548__synth_noise_dst_0,61.81,61.42938363848994,234,one_to_one,0.2317,supervised_flow_pair,Celer,semi_synthetic_delay_noise,,,,
eth_flow_9cf93decbc9943__r7fam01__inst00__synth_noise_src_1,bnb_flow_764e66495f2548__synth_noise_dst_1,61.81,61.42938363848994,294,one_to_one,0.2226,supervised_flow_pair,Celer,semi_synthetic_delay_noise,,,,
eth_flow_246d4aebaf7543__r7fam01__inst01__synth_split_src,bnb_flow_176523ef37c540__synth_split_a,277.14,138.57,174.0,one_to_many,0.95,supervised_flow_pair,Celer,semi_synthetic_split,1,138.57,138.57,
eth_flow_246d4aebaf7543__r7fam01__inst01__synth_split_src,bnb_flow_176523ef37c540__synth_split_b,277.14,138.57,174.0,one_to_many,0.95,supervised_flow_pair,Celer,semi_synthetic_split,1,138.57,138.57,
eth_flow_246d4aebaf7543__r7fam01__inst01__synth_merge_src1,bnb_flow_176523ef37c540__synth_merge_dst,138.57,277.14,174.0,many_to_one,1.0,supervised_flow_pair,Celer,semi_synthetic_merge,,138.57,138.57,
eth_flow_246d4aebaf7543__r7fam01__inst01__synth_merge_src2,bnb_flow_176523ef37c540__synth_merge_dst,138.57,277.14,174.0,many_to_one,1.0,supervised_flow_pair,Celer,semi_synthetic_merge,,138.57,138.57,
eth_flow_246d4aebaf7543__r7fam01__inst01__synth_unmatched_src,bnb_flow_176523ef37c540__synth_hidden_dst,277.14,0,174.0,one_to_one,0.2,supervised_flow_pair,Celer,semi_synthetic_unmatched,,,0,0
eth_flow_246d4aebaf7543__r7fam01__inst01__synth_noise_src_0,bnb_flow_176523ef37c540__synth_noise_dst_0,277.14,275.5374914510556,234,one_to_one,0.2413,supervised_flow_pair,Celer,semi_synthetic_delay_noise,,,,
eth_flow_246d4aebaf7543__r7fam01__inst01__synth_noise_src_1,bnb_flow_176523ef37c540__synth_noise_dst_1,277.14,275.5374914510556,294,one_to_one,0.2432,supervised_flow_pair,Celer,semi_synthetic_delay_noise,,,,
eth_flow_d620056ef75f49__r7fam02__inst00__synth_split_src,bnb_flow_d5326c40ee204c__synth_split_a,0.026,0.013,190.0,one_to_many,0.95,supervised_flow_pair,Celer,semi_synthetic_split,1,0.013,0.013,
eth_flow_d620056ef75f49__r7fam02__inst00__synth_split_src,bnb_flow_d5326c40ee204c__synth_split_b,0.026,0.013,190.0,one_to_many,0.95,supervised_flow_pair,Celer,semi_synthetic_split,1,0.013,0.013,
eth_flow_d620056ef75f49__r7fam02__inst00__synth_merge_src1,bnb_flow_d5326c40ee204c__synth_merge_dst,0.013,0.026,190.0,many_to_one,1.0,supervised_flow_pair,Celer,semi_synthetic_merge,,0.013,0.013,
eth_flow_d620056ef75f49__r7fam02__inst00__synth_merge_src2,bnb_flow_d5326c40ee204c__synth_merge_dst,0.013,0.026,190.0,many_to_one,1.0,supervised_flow_pair,Celer,semi_synthetic_merge,,0.013,0.013,
eth_flow_d620056ef75f49__r7fam02__inst00__synth_unmatched_src,bnb_flow_d5326c40ee204c__synth_hidden_dst,0.026,0,190.0,one_to_one,0.2,supervised_flow_pair,Celer,semi_synthetic_unmatched,,,0,0
eth_flow_d620056ef75f49__r7fam02__inst00__synth_noise_src_0,bnb_flow_d5326c40ee204c__synth_noise_dst_0,0.026,0.0129078695630822,250,one_to_one,0.2276,supervised_flow_pair,Celer,semi_synthetic_delay_noise,,,,
eth_flow_d620056ef75f49__r7fam02__inst00__synth_noise_src_1,bnb_flow_d5326c40ee204c__synth_noise_dst_1,0.026,0.0129078695630822,310,one_to_one,0.2341,supervised_flow_pair,Celer,semi_synthetic_delay_noise,,,,
eth_flow_7b054ff7c30244__r7fam02__inst01__synth_split_src,bnb_flow_0ccc85fc835c45__synth_split_a,101.73681487,12.71710185875,187.0,one_to_many,0.95,supervised_flow_pair,Celer,semi_synthetic_split,1,12.71710185875,12.71710185875,
eth_flow_7b054ff7c30244__r7fam02__inst01__synth_split_src,bnb_flow_0ccc85fc835c45__synth_split_b,101.73681487,12.71710185875,187.0,one_to_many,0.95,supervised_flow_pair,Celer,semi_synthetic_split,1,12.71710185875,12.71710185875,
eth_flow_7b054ff7c30244__r7fam02__inst01__synth_split_src,bnb_flow_0ccc85fc835c45__synth_split_c,101.73681487,12.71710185875,187.0,one_to_many,0.95,supervised_flow_pair,Celer,semi_synthetic_split,1,12.71710185875,12.71710185875,
eth_flow_7b054ff7c30244__r7fam02__inst01__synth_split_src,bnb_flow_0ccc85fc835c45__synth_split_d,101.73681487,12.71710185875,187.0,one_to_many,0.95,supervised_flow_pair,Celer,semi_synthetic_split,1,12.71710185875,12.71710185875,
eth_flow_7b054ff7c30244__r7fam02__inst01__synth_split_src,bnb_flow_0ccc85fc835c45__synth_split_e,101.73681487,12.71710185875,187.0,one_to_many,0.95,supervised_flow_pair,Celer,semi_synthetic_split,1,12.71710185875,12.71710185875,
eth_flow_7b054ff7c30244__r7fam02__inst01__synth_split_src,bnb_flow_0ccc85fc835c45__synth_split_f,101.73681487,12.71710185875,187.0,one_to_many,0.95,supervised_flow_pair,Celer,semi_synthetic_split,1,12.71710185875,12.71710185875,
eth_flow_7b054ff7c30244__r7fam02__inst01__synth_split_src,bnb_flow_0ccc85fc835c45__synth_split_g,101.73681487,12.71710185875,187.0,one_to_many,0.95,supervised_flow_pair,Celer,semi_synthetic_split,1,12.71710185875,12.71710185875,
eth_flow_7b054ff7c30244__r7fam02__inst01__synth_split_src,bnb_flow_0ccc85fc835c45__synth_split_h,101.73681487,12.71710185875,187.0,one_to_many,0.95,supervised_flow_pair,Celer,semi_synthetic_split,1,12.71710185875,12.71710185875,
eth_flow_7b054ff7c30244__r7fam02__inst01__synth_merge_src1,bnb_flow_0ccc85fc835c45__synth_merge_dst,50.868407435,101.73681487,187.0,many_to_one,1.0,supervised_flow_pair,Celer,semi_synthetic_merge,,50.868407435,50.868407435,
eth_flow_7b054ff7c30244__r7fam02__inst01__synth_merge_src2,bnb_flow_0ccc85fc835c45__synth_merge_dst,50.868407435,101.73681487,187.0,many_to_one,1.0,supervised_flow_pair,Celer,semi_synthetic_merge,,50.868407435,50.868407435,
eth_flow_7b054ff7c30244__r7fam02__inst01__synth_unmatched_src,bnb_flow_0ccc85fc835c45__synth_hidden_dst,101.73681487,0,187.0,one_to_one,0.2,supervised_flow_pair,Celer,semi_synthetic_unmatched,,,0,0
eth_flow_7b054ff7c30244__r7fam02__inst01__synth_noise_src_0,bnb_flow_0ccc85fc835c45__synth_noise_dst_0,101.73681487,100.22704961710777,247,one_to_one,0.253,supervised_flow_pair,Celer,semi_synthetic_delay_noise,,,,
eth_flow_7b054ff7c30244__r7fam02__inst01__synth_noise_src_1,bnb_flow_0ccc85fc835c45__synth_noise_dst_1,101.73681487,100.22704961710777,307,one_to_one,0.2496,supervised_flow_pair,Celer,semi_synthetic_delay_noise,,,,
eth_flow_1e9cb8b4d2c543__r7fam03__inst00__synth_split_src,bnb_flow_16f27cd36db947__synth_split_a,72.0,24.0,207.0,one_to_many,0.95,supervised_flow_pair,Celer,semi_synthetic_split,1,24.0,24.0,
eth_flow_1e9cb8b4d2c543__r7fam03__inst00__synth_split_src,bnb_flow_16f27cd36db947__synth_split_b,72.0,24.0,207.0,one_to_many,0.95,supervised_flow_pair,Celer,semi_synthetic_split,1,24.0,24.0,
eth_flow_1e9cb8b4d2c543__r7fam03__inst00__synth_split_src,bnb_flow_16f27cd36db947__synth_split_c,72.0,24.0,207.0,one_to_many,0.95,supervised_flow_pair,Celer,semi_synthetic_split,1,24.0,24.0,
eth_flow_1e9cb8b4d2c543__r7fam03__inst00__synth_merge_src1,bnb_flow_16f27cd36db947__synth_merge_dst,36.0,72.0,207.0,many_to_one,1.0,supervised_flow_pair,Celer,semi_synthetic_merge,,36.0,36.0,
eth_flow_1e9cb8b4d2c543__r7fam03__inst00__synth_merge_src2,bnb_flow_16f27cd36db947__synth_merge_dst,36.0,72.0,207.0,many_to_one,1.0,supervised_flow_pair,Celer,semi_synthetic_merge,,36.0,36.0,
eth_flow_1e9cb8b4d2c543__r7fam03__inst00__synth_unmatched_src,bnb_flow_16f27cd36db947__synth_hidden_dst,72.0,0,207.0,one_to_one,0.2,supervised_flow_pair,Celer,semi_synthetic_unmatched,,,0,0
eth_flow_1e9cb8b4d2c543__r7fam03__inst00__synth_noise_src_0,bnb_flow_16f27cd36db947__synth_noise_dst_0,72.0,71.59189923249659,267,one_to_one,0.2491,supervised_flow_pair,Celer,semi_synthetic_delay_noise,,,,
eth_flow_1e9cb8b4d2c543__r7fam03__inst00__synth_noise_src_1,bnb_flow_16f27cd36db947__synth_noise_dst_1,72.0,71.59189923249659,327,one_to_one,0.2504,supervised_flow_pair,Celer,semi_synthetic_delay_noise,,,,
eth_flow_624fb63b191441__r7fam03__inst01__synth_split_src,bnb_flow_cbcd0962e82a48__synth_split_a,0.194,0.097,215.0,one_to_many,0.95,supervised_flow_pair,Celer,semi_synthetic_split,1,0.097,0.097,
eth_flow_624fb63b191441__r7fam03__inst01__synth_split_src,bnb_flow_cbcd0962e82a48__synth_split_b,0.194,0.097,215.0,one_to_many,0.95,supervised_flow_pair,Celer,semi_synthetic_split,1,0.097,0.097,
eth_flow_624fb63b191441__r7fam03__inst01__synth_merge_src1,bnb_flow_cbcd0962e82a48__synth_merge_dst,0.097,0.194,215.0,many_to_one,1.0,supervised_flow_pair,Celer,semi_synthetic_merge,,0.097,0.097,
eth_flow_624fb63b191441__r7fam03__inst01__synth_merge_src2,bnb_flow_cbcd0962e82a48__synth_merge_dst,0.097,0.194,215.0,many_to_one,1.0,supervised_flow_pair,Celer,semi_synthetic_merge,,0.097,0.097,
eth_flow_624fb63b191441__r7fam03__inst01__synth_unmatched_src,bnb_flow_cbcd0962e82a48__synth_hidden_dst,0.194,0,215.0,one_to_one,0.2,supervised_flow_pair,Celer,semi_synthetic_unmatched,,,0,0
eth_flow_624fb63b191441__r7fam03__inst01__synth_noise_src_0,bnb_flow_cbcd0962e82a48__synth_noise_dst_0,0.194,0.0968954873102425,275,one_to_one,0.2571,supervised_flow_pair,Celer,semi_synthetic_delay_noise,,,,
eth_flow_624fb63b191441__r7fam03__inst01__synth_noise_src_1,bnb_flow_cbcd0962e82a48__synth_noise_dst_1,0.194,0.0968954873102425,335,one_to_one,0.2237,supervised_flow_pair,Celer,semi_synthetic_delay_noise,,,,
eth_flow_214404232c3349__r7fam04__inst00__synth_split_src,bnb_flow_0129ba04306847__synth_split_a,267.3532,89.11773333333333,227.0,one_to_many,0.95,supervised_flow_pair,Celer,semi_synthetic_split,1,89.11773333333333,89.11773333333333,
eth_flow_214404232c3349__r7fam04__inst00__synth_split_src,bnb_flow_0129ba04306847__synth_split_b,267.3532,89.11773333333333,227.0,one_to_many,0.95,supervised_flow_pair,Celer,semi_synthetic_split,1,89.11773333333333,89.11773333333333,
eth_flow_214404232c3349__r7fam04__inst00__synth_split_src,bnb_flow_0129ba04306847__synth_split_c,267.3532,89.11773333333333,227.0,one_to_many,0.95,supervised_flow_pair,Celer,semi_synthetic_split,1,89.11773333333333,89.11773333333333,
eth_flow_214404232c3349__r7fam04__inst00__synth_merge_src1,bnb_flow_0129ba04306847__synth_merge_dst,133.6766,267.3532,227.0,many_to_one,1.0,supervised_flow_pair,Celer,semi_synthetic_merge,,133.6766,133.6766,
eth_flow_214404232c3349__r7fam04__inst00__synth_merge_src2,bnb_flow_0129ba04306847__synth_merge_dst,133.6766,267.3532,227.0,many_to_one,1.0,supervised_flow_pair,Celer,semi_synthetic_merge,,133.6766,133.6766,
eth_flow_214404232c3349__r7fam04__inst00__synth_unmatched_src,bnb_flow_0129ba04306847__synth_hidden_dst,267.3532,0,227.0,one_to_one,0.2,supervised_flow_pair,Celer,semi_synthetic_unmatched,,,0,0
eth_flow_214404232c3349__r7fam04__inst00__synth_noise_src_0,bnb_flow_0129ba04306847__synth_noise_dst_0,267.3532,266.8771380183577,287,one_to_one,0.2518,supervised_flow_pair,Celer,semi_synthetic_delay_noise,,,,
eth_flow_214404232c3349__r7fam04__inst00__synth_noise_src_1,bnb_flow_0129ba04306847__synth_noise_dst_1,267.3532,266.8771380183577,347,one_to_one,0.2391,supervised_flow_pair,Celer,semi_synthetic_delay_noise,,,,
eth_flow_b954fd68e20f42__r7fam04__inst01__synth_split_src,bnb_flow_8ce6481a688a48__synth_split_a,200.0,100.0,229.0,one_to_many,0.95,supervised_flow_pair,Celer,semi_synthetic_split,1,100.0,100.0,
eth_flow_b954fd68e20f42__r7fam04__inst01__synth_split_src,bnb_flow_8ce6481a688a48__synth_split_b,200.0,100.0,229.0,one_to_many,0.95,supervised_flow_pair,Celer,semi_synthetic_split,1,100.0,100.0,
eth_flow_b954fd68e20f42__r7fam04__inst01__synth_merge_src1,bnb_flow_8ce6481a688a48__synth_merge_dst,100.0,200.0,229.0,many_to_one,1.0,supervised_flow_pair,Celer,semi_synthetic_merge,,100.0,100.0,
eth_flow_b954fd68e20f42__r7fam04__inst01__synth_merge_src2,bnb_flow_8ce6481a688a48__synth_merge_dst,100.0,200.0,229.0,many_to_one,1.0,supervised_flow_pair,Celer,semi_synthetic_merge,,100.0,100.0,
eth_flow_b954fd68e20f42__r7fam04__inst01__synth_unmatched_src,bnb_flow_8ce6481a688a48__synth_hidden_dst,200.0,0,229.0,one_to_one,0.2,supervised_flow_pair,Celer,semi_synthetic_unmatched,,,0,0
eth_flow_b954fd68e20f42__r7fam04__inst01__synth_noise_src_0,bnb_flow_8ce6481a688a48__synth_noise_dst_0,200.0,199.500332349788,289,one_to_one,0.2578,supervised_flow_pair,Celer,semi_synthetic_delay_noise,,,,
eth_flow_b954fd68e20f42__r7fam04__inst01__synth_noise_src_1,bnb_flow_8ce6481a688a48__synth_noise_dst_1,200.0,199.500332349788,349,one_to_one,0.2257,supervised_flow_pair,Celer,semi_synthetic_delay_noise,,,,
eth_flow_60c66d0fd0cf4d__r7fam05__inst00__synth_split_src,bnb_flow_f9e87e7cdd9c43__synth_split_a,0.8,0.26666666666666666,522.0,one_to_many,0.95,supervised_flow_pair,Celer,semi_synthetic_split,1,0.26666666666666666,0.26666666666666666,
eth_flow_60c66d0fd0cf4d__r7fam05__inst00__synth_split_src,bnb_flow_f9e87e7cdd9c43__synth_split_b,0.8,0.26666666666666666,522.0,one_to_many,0.95,supervised_flow_pair,Celer,semi_synthetic_split,1,0.26666666666666666,0.26666666666666666,
eth_flow_60c66d0fd0cf4d__r7fam05__inst00__synth_split_src,bnb_flow_f9e87e7cdd9c43__synth_split_c,0.8,0.26666666666666666,522.0,one_to_many,0.95,supervised_flow_pair,Celer,semi_synthetic_split,1,0.26666666666666666,0.26666666666666666,
eth_flow_60c66d0fd0cf4d__r7fam05__inst00__synth_merge_src1,bnb_flow_f9e87e7cdd9c43__synth_merge_dst,0.4,0.8,522.0,many_to_one,1.0,supervised_flow_pair,Celer,semi_synthetic_merge,,0.4,0.4,
eth_flow_60c66d0fd0cf4d__r7fam05__inst00__synth_merge_src2,bnb_flow_f9e87e7cdd9c43__synth_merge_dst,0.4,0.8,522.0,many_to_one,1.0,supervised_flow_pair,Celer,semi_synthetic_merge,,0.4,0.4,
eth_flow_60c66d0fd0cf4d__r7fam05__inst00__synth_unmatched_src,bnb_flow_f9e87e7cdd9c43__synth_hidden_dst,0.8,0,522.0,one_to_one,0.2,supervised_flow_pair,Celer,semi_synthetic_unmatched,,,0,0
eth_flow_60c66d0fd0cf4d__r7fam05__inst00__synth_noise_src_0,bnb_flow_f9e87e7cdd9c43__synth_noise_dst_0,0.8,0.3997668247678417,582,one_to_one,0.2401,supervised_flow_pair,Celer,semi_synthetic_delay_noise,,,,
eth_flow_60c66d0fd0cf4d__r7fam05__inst00__synth_noise_src_1,bnb_flow_f9e87e7cdd9c43__synth_noise_dst_1,0.8,0.3997668247678417,642,one_to_one,0.2224,supervised_flow_pair,Celer,semi_synthetic_delay_noise,,,,
eth_flow_033eecbf9d3147__r7fam05__inst01__synth_split_src,bnb_flow_d74237157f2848__synth_split_a,22.0,11.0,333.0,one_to_many,0.95,supervised_flow_pair,Celer,semi_synthetic_split,1,11.0,11.0,
eth_flow_033eecbf9d3147__r7fam05__inst01__synth_split_src,bnb_flow_d74237157f2848__synth_split_b,22.0,11.0,333.0,one_to_many,0.95,supervised_flow_pair,Celer,semi_synthetic_split,1,11.0,11.0,
eth_flow_033eecbf9d3147__r7fam05__inst01__synth_merge_src1,bnb_flow_d74237157f2848__synth_merge_dst,11.0,22.0,333.0,many_to_one,1.0,supervised_flow_pair,Celer,semi_synthetic_merge,,11.0,11.0,
eth_flow_033eecbf9d3147__r7fam05__inst01__synth_merge_src2,bnb_flow_d74237157f2848__synth_merge_dst,11.0,22.0,333.0,many_to_one,1.0,supervised_flow_pair,Celer,semi_synthetic_merge,,11.0,11.0,
eth_flow_033eecbf9d3147__r7fam05__inst01__synth_unmatched_src,bnb_flow_d74237157f2848__synth_hidden_dst,22.0,0,333.0,one_to_one,0.2,supervised_flow_pair,Celer,semi_synthetic_unmatched,,,0,0
eth_flow_033eecbf9d3147__r7fam05__inst01__synth_noise_src_0,bnb_flow_d74237157f2848__synth_noise_dst_0,22.0,21.63489372125391,393,one_to_one,0.2388,supervised_flow_pair,Celer,semi_synthetic_delay_noise,,,,
eth_flow_033eecbf9d3147__r7fam05__inst01__synth_noise_src_1,bnb_flow_d74237157f2848__synth_noise_dst_1,22.0,21.63489372125391,453,one_to_one,0.2308,supervised_flow_pair,Celer,semi_synthetic_delay_noise,,,,
eth_flow_a25e995e05394e__r7fam06__inst00__synth_split_src,bnb_flow_57851d4f4cad4f__synth_split_a,1000.0,142.85714285714286,143.0,one_to_many,0.95,supervised_flow_pair,Celer,semi_synthetic_split,1,142.85714285714286,142.85714285714286,
eth_flow_a25e995e05394e__r7fam06__inst00__synth_split_src,bnb_flow_57851d4f4cad4f__synth_split_b,1000.0,142.85714285714286,143.0,one_to_many,0.95,supervised_flow_pair,Celer,semi_synthetic_split,1,142.85714285714286,142.85714285714286,
eth_flow_a25e995e05394e__r7fam06__inst00__synth_split_src,bnb_flow_57851d4f4cad4f__synth_split_c,1000.0,142.85714285714286,143.0,one_to_many,0.95,supervised_flow_pair,Celer,semi_synthetic_split,1,142.85714285714286,142.85714285714286,
eth_flow_a25e995e05394e__r7fam06__inst00__synth_split_src,bnb_flow_57851d4f4cad4f__synth_split_d,1000.0,142.85714285714286,143.0,one_to_many,0.95,supervised_flow_pair,Celer,semi_synthetic_split,1,142.85714285714286,142.85714285714286,
eth_flow_a25e995e05394e__r7fam06__inst00__synth_split_src,bnb_flow_57851d4f4cad4f__synth_split_e,1000.0,142.85714285714286,143.0,one_to_many,0.95,supervised_flow_pair,Celer,semi_synthetic_split,1,142.85714285714286,142.85714285714286,
eth_flow_a25e995e05394e__r7fam06__inst00__synth_split_src,bnb_flow_57851d4f4cad4f__synth_split_f,1000.0,142.85714285714286,143.0,one_to_many,0.95,supervised_flow_pair,Celer,semi_synthetic_split,1,142.85714285714286,142.85714285714286,
eth_flow_a25e995e05394e__r7fam06__inst00__synth_split_src,bnb_flow_57851d4f4cad4f__synth_split_g,1000.0,142.85714285714286,143.0,one_to_many,0.95,supervised_flow_pair,Celer,semi_synthetic_split,1,142.85714285714286,142.85714285714286,
eth_flow_a25e995e05394e__r7fam06__inst00__synth_merge_src1,bnb_flow_57851d4f4cad4f__synth_merge_dst,500.0,1000.0,143.0,many_to_one,1.0,supervised_flow_pair,Celer,semi_synthetic_merge,,500.0,500.0,
eth_flow_a25e995e05394e__r7fam06__inst00__synth_merge_src2,bnb_flow_57851d4f4cad4f__synth_merge_dst,500.0,1000.0,143.0,many_to_one,1.0,supervised_flow_pair,Celer,semi_synthetic_merge,,500.0,500.0,
eth_flow_a25e995e05394e__r7fam06__inst00__synth_unmatched_src,bnb_flow_57851d4f4cad4f__synth_hidden_dst,1000.0,0,143.0,one_to_one,0.2,supervised_flow_pair,Celer,semi_synthetic_unmatched,,,0,0
eth_flow_a25e995e05394e__r7fam06__inst00__synth_noise_src_0,bnb_flow_57851d4f4cad4f__synth_noise_dst_0,1000.0,999.2756324733618,203,one_to_one,0.2263,supervised_flow_pair,Celer,semi_synthetic_delay_noise,,,,
eth_flow_a25e995e05394e__r7fam06__inst00__synth_noise_src_1,bnb_flow_57851d4f4cad4f__synth_noise_dst_1,1000.0,999.2756324733618,263,one_to_one,0.2426,supervised_flow_pair,Celer,semi_synthetic_delay_noise,,,,
eth_flow_49dbc9b90b084d__r7fam06__inst01__synth_split_src,bnb_flow_73a6964ebc8644__synth_split_a,405.259933,202.6299665,158.0,one_to_many,0.95,supervised_flow_pair,Celer,semi_synthetic_split,1,202.6299665,202.6299665,
eth_flow_49dbc9b90b084d__r7fam06__inst01__synth_split_src,bnb_flow_73a6964ebc8644__synth_split_b,405.259933,202.6299665,158.0,one_to_many,0.95,supervised_flow_pair,Celer,semi_synthetic_split,1,202.6299665,202.6299665,
eth_flow_49dbc9b90b084d__r7fam06__inst01__synth_merge_src1,bnb_flow_73a6964ebc8644__synth_merge_dst,202.6299665,405.259933,158.0,many_to_one,1.0,supervised_flow_pair,Celer,semi_synthetic_merge,,202.6299665,202.6299665,
eth_flow_49dbc9b90b084d__r7fam06__inst01__synth_merge_src2,bnb_flow_73a6964ebc8644__synth_merge_dst,202.6299665,405.259933,158.0,many_to_one,1.0,supervised_flow_pair,Celer,semi_synthetic_merge,,202.6299665,202.6299665,
eth_flow_49dbc9b90b084d__r7fam06__inst01__synth_unmatched_src,bnb_flow_73a6964ebc8644__synth_hidden_dst,405.259933,0,158.0,one_to_one,0.2,supervised_flow_pair,Celer,semi_synthetic_unmatched,,,0,0
eth_flow_49dbc9b90b084d__r7fam06__inst01__synth_noise_src_0,bnb_flow_73a6964ebc8644__synth_noise_dst_0,405.259933,404.63940768018017,218,one_to_one,0.2236,supervised_flow_pair,Celer,semi_synthetic_delay_noise,,,,
eth_flow_49dbc9b90b084d__r7fam06__inst01__synth_noise_src_1,bnb_flow_73a6964ebc8644__synth_noise_dst_1,405.259933,404.63940768018017,278,one_to_one,0.2215,supervised_flow_pair,Celer,semi_synthetic_delay_noise,,,,
eth_flow_ec6140417fa04c__r7fam07__inst00__synth_split_src,bnb_flow_99fd7f6b6a5b44__synth_split_a,570.0,95.0,178.0,one_to_many,0.95,supervised_flow_pair,Celer,semi_synthetic_split,1,95.0,95.0,
eth_flow_ec6140417fa04c__r7fam07__inst00__synth_split_src,bnb_flow_99fd7f6b6a5b44__synth_split_b,570.0,95.0,178.0,one_to_many,0.95,supervised_flow_pair,Celer,semi_synthetic_split,1,95.0,95.0,
eth_flow_ec6140417fa04c__r7fam07__inst00__synth_split_src,bnb_flow_99fd7f6b6a5b44__synth_split_c,570.0,95.0,178.0,one_to_many,0.95,supervised_flow_pair,Celer,semi_synthetic_split,1,95.0,95.0,
eth_flow_ec6140417fa04c__r7fam07__inst00__synth_split_src,bnb_flow_99fd7f6b6a5b44__synth_split_d,570.0,95.0,178.0,one_to_many,0.95,supervised_flow_pair,Celer,semi_synthetic_split,1,95.0,95.0,
eth_flow_ec6140417fa04c__r7fam07__inst00__synth_split_src,bnb_flow_99fd7f6b6a5b44__synth_split_e,570.0,95.0,178.0,one_to_many,0.95,supervised_flow_pair,Celer,semi_synthetic_split,1,95.0,95.0,
eth_flow_ec6140417fa04c__r7fam07__inst00__synth_split_src,bnb_flow_99fd7f6b6a5b44__synth_split_f,570.0,95.0,178.0,one_to_many,0.95,supervised_flow_pair,Celer,semi_synthetic_split,1,95.0,95.0,
eth_flow_ec6140417fa04c__r7fam07__inst00__synth_merge_src1,bnb_flow_99fd7f6b6a5b44__synth_merge_dst,285.0,570.0,178.0,many_to_one,1.0,supervised_flow_pair,Celer,semi_synthetic_merge,,285.0,285.0,
eth_flow_ec6140417fa04c__r7fam07__inst00__synth_merge_src2,bnb_flow_99fd7f6b6a5b44__synth_merge_dst,285.0,570.0,178.0,many_to_one,1.0,supervised_flow_pair,Celer,semi_synthetic_merge,,285.0,285.0,
eth_flow_ec6140417fa04c__r7fam07__inst00__synth_unmatched_src,bnb_flow_99fd7f6b6a5b44__synth_hidden_dst,570.0,0,178.0,one_to_one,0.2,supervised_flow_pair,Celer,semi_synthetic_unmatched,,,0,0
eth_flow_ec6140417fa04c__r7fam07__inst00__synth_noise_src_0,bnb_flow_99fd7f6b6a5b44__synth_noise_dst_0,570.0,568.2954492787908,238,one_to_one,0.2497,supervised_flow_pair,Celer,semi_synthetic_delay_noise,,,,
eth_flow_ec6140417fa04c__r7fam07__inst00__synth_noise_src_1,bnb_flow_99fd7f6b6a5b44__synth_noise_dst_1,570.0,568.2954492787908,298,one_to_one,0.2584,supervised_flow_pair,Celer,semi_synthetic_delay_noise,,,,
eth_flow_abf16e3cc7024a__r7fam07__inst01__synth_split_src,bnb_flow_8cd61417d97741__synth_split_a,1000.0,500.0,172.0,one_to_many,0.95,supervised_flow_pair,Celer,semi_synthetic_split,1,500.0,500.0,
eth_flow_abf16e3cc7024a__r7fam07__inst01__synth_split_src,bnb_flow_8cd61417d97741__synth_split_b,1000.0,500.0,172.0,one_to_many,0.95,supervised_flow_pair,Celer,semi_synthetic_split,1,500.0,500.0,
eth_flow_abf16e3cc7024a__r7fam07__inst01__synth_merge_src1,bnb_flow_8cd61417d97741__synth_merge_dst,500.0,1000.0,172.0,many_to_one,1.0,supervised_flow_pair,Celer,semi_synthetic_merge,,500.0,500.0,
eth_flow_abf16e3cc7024a__r7fam07__inst01__synth_merge_src2,bnb_flow_8cd61417d97741__synth_merge_dst,500.0,1000.0,172.0,many_to_one,1.0,supervised_flow_pair,Celer,semi_synthetic_merge,,500.0,500.0,
eth_flow_abf16e3cc7024a__r7fam07__inst01__synth_unmatched_src,bnb_flow_8cd61417d97741__synth_hidden_dst,1000.0,0,172.0,one_to_one,0.2,supervised_flow_pair,Celer,semi_synthetic_unmatched,,,0,0
eth_flow_abf16e3cc7024a__r7fam07__inst01__synth_noise_src_0,bnb_flow_8cd61417d97741__synth_noise_dst_0,1000.0,998.2476293196364,232,one_to_one,0.2474,supervised_flow_pair,Celer,semi_synthetic_delay_noise,,,,
eth_flow_abf16e3cc7024a__r7fam07__inst01__synth_noise_src_1,bnb_flow_8cd61417d97741__synth_noise_dst_1,1000.0,998.2476293196364,292,one_to_one,0.2422,supervised_flow_pair,Celer,semi_synthetic_delay_noise,,,,
eth_flow_45822daf729e4c__r7fam08__inst00__synth_split_src,bnb_flow_44848ded3f6c4c__synth_split_a,1000.0,500.0,192.0,one_to_many,0.95,supervised_flow_pair,Celer,semi_synthetic_split,1,500.0,500.0,
eth_flow_45822daf729e4c__r7fam08__inst00__synth_split_src,bnb_flow_44848ded3f6c4c__synth_split_b,1000.0,500.0,192.0,one_to_many,0.95,supervised_flow_pair,Celer,semi_synthetic_split,1,500.0,500.0,
eth_flow_45822daf729e4c__r7fam08__inst00__synth_merge_src1,bnb_flow_44848ded3f6c4c__synth_merge_dst,500.0,1000.0,192.0,many_to_one,1.0,supervised_flow_pair,Celer,semi_synthetic_merge,,500.0,500.0,
eth_flow_45822daf729e4c__r7fam08__inst00__synth_merge_src2,bnb_flow_44848ded3f6c4c__synth_merge_dst,500.0,1000.0,192.0,many_to_one,1.0,supervised_flow_pair,Celer,semi_synthetic_merge,,500.0,500.0,
eth_flow_45822daf729e4c__r7fam08__inst00__synth_unmatched_src,bnb_flow_44848ded3f6c4c__synth_hidden_dst,1000.0,0,192.0,one_to_one,0.2,supervised_flow_pair,Celer,semi_synthetic_unmatched,,,0,0
eth_flow_45822daf729e4c__r7fam08__inst00__synth_noise_src_0,bnb_flow_44848ded3f6c4c__synth_noise_dst_0,1000.0,998.146834726213,252,one_to_one,0.2514,supervised_flow_pair,Celer,semi_synthetic_delay_noise,,,,
eth_flow_45822daf729e4c__r7fam08__inst00__synth_noise_src_1,bnb_flow_44848ded3f6c4c__synth_noise_dst_1,1000.0,998.146834726213,312,one_to_one,0.2259,supervised_flow_pair,Celer,semi_synthetic_delay_noise,,,,
eth_flow_009618ebace54b__r7fam08__inst01__synth_split_src,bnb_flow_a1934eb271d240__synth_split_a,1216.797624,608.398812,190.0,one_to_many,0.95,supervised_flow_pair,Celer,semi_synthetic_split,1,608.398812,608.398812,
eth_flow_009618ebace54b__r7fam08__inst01__synth_split_src,bnb_flow_a1934eb271d240__synth_split_b,1216.797624,608.398812,190.0,one_to_many,0.95,supervised_flow_pair,Celer,semi_synthetic_split,1,608.398812,608.398812,
eth_flow_009618ebace54b__r7fam08__inst01__synth_merge_src1,bnb_flow_a1934eb271d240__synth_merge_dst,608.398812,1216.797624,190.0,many_to_one,1.0,supervised_flow_pair,Celer,semi_synthetic_merge,,608.398812,608.398812,
eth_flow_009618ebace54b__r7fam08__inst01__synth_merge_src2,bnb_flow_a1934eb271d240__synth_merge_dst,608.398812,1216.797624,190.0,many_to_one,1.0,supervised_flow_pair,Celer,semi_synthetic_merge,,608.398812,608.398812,
eth_flow_009618ebace54b__r7fam08__inst01__synth_unmatched_src,bnb_flow_a1934eb271d240__synth_hidden_dst,1216.797624,0,190.0,one_to_one,0.2,supervised_flow_pair,Celer,semi_synthetic_unmatched,,,0,0
eth_flow_009618ebace54b__r7fam08__inst01__synth_noise_src_0,bnb_flow_a1934eb271d240__synth_noise_dst_0,1216.797624,1214.9502535774716,250,one_to_one,0.2535,supervised_flow_pair,Celer,semi_synthetic_delay_noise,,,,
eth_flow_009618ebace54b__r7fam08__inst01__synth_noise_src_1,bnb_flow_a1934eb271d240__synth_noise_dst_1,1216.797624,1214.9502535774716,310,one_to_one,0.2215,supervised_flow_pair,Celer,semi_synthetic_delay_noise,,,,
eth_flow_4761deb832554c__r7fam09__inst00__synth_split_src,bnb_flow_b8867f9fe9d644__synth_split_a,493.927135,164.64237833333334,200.0,one_to_many,0.95,supervised_flow_pair,Celer,semi_synthetic_split,1,164.64237833333334,164.64237833333334,
eth_flow_4761deb832554c__r7fam09__inst00__synth_split_src,bnb_flow_b8867f9fe9d644__synth_split_b,493.927135,164.64237833333334,200.0,one_to_many,0.95,supervised_flow_pair,Celer,semi_synthetic_split,1,164.64237833333334,164.64237833333334,
eth_flow_4761deb832554c__r7fam09__inst00__synth_split_src,bnb_flow_b8867f9fe9d644__synth_split_c,493.927135,164.64237833333334,200.0,one_to_many,0.95,supervised_flow_pair,Celer,semi_synthetic_split,1,164.64237833333334,164.64237833333334,
eth_flow_4761deb832554c__r7fam09__inst00__synth_merge_src1,bnb_flow_b8867f9fe9d644__synth_merge_dst,246.9635675,493.927135,200.0,many_to_one,1.0,supervised_flow_pair,Celer,semi_synthetic_merge,,246.9635675,246.9635675,
eth_flow_4761deb832554c__r7fam09__inst00__synth_merge_src2,bnb_flow_b8867f9fe9d644__synth_merge_dst,246.9635675,493.927135,200.0,many_to_one,1.0,supervised_flow_pair,Celer,semi_synthetic_merge,,246.9635675,246.9635675,
eth_flow_4761deb832554c__r7fam09__inst00__synth_unmatched_src,bnb_flow_b8867f9fe9d644__synth_hidden_dst,493.927135,0,200.0,one_to_one,0.2,supervised_flow_pair,Celer,semi_synthetic_unmatched,,,0,0
eth_flow_4761deb832554c__r7fam09__inst00__synth_noise_src_0,bnb_flow_b8867f9fe9d644__synth_noise_dst_0,493.927135,492.252623638366,260,one_to_one,0.2339,supervised_flow_pair,Celer,semi_synthetic_delay_noise,,,,
eth_flow_4761deb832554c__r7fam09__inst00__synth_noise_src_1,bnb_flow_b8867f9fe9d644__synth_noise_dst_1,493.927135,492.252623638366,320,one_to_one,0.2447,supervised_flow_pair,Celer,semi_synthetic_delay_noise,,,,
eth_flow_794022e8d11647__r7fam09__inst01__synth_split_src,bnb_flow_93a6e94b6a4845__synth_split_a,831.56,415.78,208.0,one_to_many,0.95,supervised_flow_pair,Celer,semi_synthetic_split,1,415.78,415.78,
eth_flow_794022e8d11647__r7fam09__inst01__synth_split_src,bnb_flow_93a6e94b6a4845__synth_split_b,831.56,415.78,208.0,one_to_many,0.95,supervised_flow_pair,Celer,semi_synthetic_split,1,415.78,415.78,
eth_flow_794022e8d11647__r7fam09__inst01__synth_merge_src1,bnb_flow_93a6e94b6a4845__synth_merge_dst,415.78,831.56,208.0,many_to_one,1.0,supervised_flow_pair,Celer,semi_synthetic_merge,,415.78,415.78,
eth_flow_794022e8d11647__r7fam09__inst01__synth_merge_src2,bnb_flow_93a6e94b6a4845__synth_merge_dst,415.78,831.56,208.0,many_to_one,1.0,supervised_flow_pair,Celer,semi_synthetic_merge,,415.78,415.78,
eth_flow_794022e8d11647__r7fam09__inst01__synth_unmatched_src,bnb_flow_93a6e94b6a4845__synth_hidden_dst,831.56,0,208.0,one_to_one,0.2,supervised_flow_pair,Celer,semi_synthetic_unmatched,,,0,0
eth_flow_794022e8d11647__r7fam09__inst01__synth_noise_src_0,bnb_flow_93a6e94b6a4845__synth_noise_dst_0,831.56,830.8338974432803,268,one_to_one,0.2351,supervised_flow_pair,Celer,semi_synthetic_delay_noise,,,,
eth_flow_794022e8d11647__r7fam09__inst01__synth_noise_src_1,bnb_flow_93a6e94b6a4845__synth_noise_dst_1,831.56,830.8338974432803,328,one_to_one,0.2501,supervised_flow_pair,Celer,semi_synthetic_delay_noise,,,,
eth_flow_4e780074a04e45__r7fam10__inst00__synth_split_src,bnb_flow_e68b6eea10304c__synth_split_a,350.0,175.0,220.0,one_to_many,0.95,supervised_flow_pair,Celer,semi_synthetic_split,1,175.0,175.0,
eth_flow_4e780074a04e45__r7fam10__inst00__synth_split_src,bnb_flow_e68b6eea10304c__synth_split_b,350.0,175.0,220.0,one_to_many,0.95,supervised_flow_pair,Celer,semi_synthetic_split,1,175.0,175.0,
eth_flow_4e780074a04e45__r7fam10__inst00__synth_merge_src1,bnb_flow_e68b6eea10304c__synth_merge_dst,175.0,350.0,220.0,many_to_one,1.0,supervised_flow_pair,Celer,semi_synthetic_merge,,175.0,175.0,
eth_flow_4e780074a04e45__r7fam10__inst00__synth_merge_src2,bnb_flow_e68b6eea10304c__synth_merge_dst,175.0,350.0,220.0,many_to_one,1.0,supervised_flow_pair,Celer,semi_synthetic_merge,,175.0,175.0,
eth_flow_4e780074a04e45__r7fam10__inst00__synth_unmatched_src,bnb_flow_e68b6eea10304c__synth_hidden_dst,350.0,0,220.0,one_to_one,0.2,supervised_flow_pair,Celer,semi_synthetic_unmatched,,,0,0
eth_flow_4e780074a04e45__r7fam10__inst00__synth_noise_src_0,bnb_flow_e68b6eea10304c__synth_noise_dst_0,350.0,349.4954659465146,280,one_to_one,0.2581,supervised_flow_pair,Celer,semi_synthetic_delay_noise,,,,
eth_flow_4e780074a04e45__r7fam10__inst00__synth_noise_src_1,bnb_flow_e68b6eea10304c__synth_noise_dst_1,350.0,349.4954659465146,340,one_to_one,0.2383,supervised_flow_pair,Celer,semi_synthetic_delay_noise,,,,
eth_flow_b978a5cd4b634e__r7fam10__inst01__synth_split_src,bnb_flow_eadba3294c8f47__synth_split_a,763.0991040455383,381.54955202276915,240.0,one_to_many,0.95,supervised_flow_pair,Celer,semi_synthetic_split,1,381.54955202276915,381.54955202276915,
eth_flow_b978a5cd4b634e__r7fam10__inst01__synth_split_src,bnb_flow_eadba3294c8f47__synth_split_b,763.0991040455383,381.54955202276915,240.0,one_to_many,0.95,supervised_flow_pair,Celer,semi_synthetic_split,1,381.54955202276915,381.54955202276915,
eth_flow_b978a5cd4b634e__r7fam10__inst01__synth_merge_src1,bnb_flow_eadba3294c8f47__synth_merge_dst,381.54955202276915,763.0991040455383,240.0,many_to_one,1.0,supervised_flow_pair,Celer,semi_synthetic_merge,,381.54955202276915,381.54955202276915,
eth_flow_b978a5cd4b634e__r7fam10__inst01__synth_merge_src2,bnb_flow_eadba3294c8f47__synth_merge_dst,381.54955202276915,763.0991040455383,240.0,many_to_one,1.0,supervised_flow_pair,Celer,semi_synthetic_merge,,381.54955202276915,381.54955202276915,
eth_flow_b978a5cd4b634e__r7fam10__inst01__synth_unmatched_src,bnb_flow_eadba3294c8f47__synth_hidden_dst,763.0991040455383,0,240.0,one_to_one,0.2,supervised_flow_pair,Celer,semi_synthetic_unmatched,,,0,0
eth_flow_b978a5cd4b634e__r7fam10__inst01__synth_noise_src_0,bnb_flow_eadba3294c8f47__synth_noise_dst_0,763.0991040455383,757.4310181280451,300,one_to_one,0.2533,supervised_flow_pair,Celer,semi_synthetic_delay_noise,,,,
eth_flow_b978a5cd4b634e__r7fam10__inst01__synth_noise_src_1,bnb_flow_eadba3294c8f47__synth_noise_dst_1,763.0991040455383,757.4310181280451,360,one_to_one,0.2489,supervised_flow_pair,Celer,semi_synthetic_delay_noise,,,,
eth_flow_4bd477eec1fb46__r7fam11__inst00__synth_split_src,bnb_flow_2cfbd748469043__synth_split_a,526.25,263.125,270.0,one_to_many,0.95,supervised_flow_pair,Celer,semi_synthetic_split,1,263.125,263.125,
eth_flow_4bd477eec1fb46__r7fam11__inst00__synth_split_src,bnb_flow_2cfbd748469043__synth_split_b,526.25,263.125,270.0,one_to_many,0.95,supervised_flow_pair,Celer,semi_synthetic_split,1,263.125,263.125,
eth_flow_4bd477eec1fb46__r7fam11__inst00__synth_merge_src1,bnb_flow_2cfbd748469043__synth_merge_dst,263.125,526.25,270.0,many_to_one,1.0,supervised_flow_pair,Celer,semi_synthetic_merge,,263.125,263.125,
eth_flow_4bd477eec1fb46__r7fam11__inst00__synth_merge_src2,bnb_flow_2cfbd748469043__synth_merge_dst,263.125,526.25,270.0,many_to_one,1.0,supervised_flow_pair,Celer,semi_synthetic_merge,,263.125,263.125,
eth_flow_4bd477eec1fb46__r7fam11__inst00__synth_unmatched_src,bnb_flow_2cfbd748469043__synth_hidden_dst,526.25,0,270.0,one_to_one,0.2,supervised_flow_pair,Celer,semi_synthetic_unmatched,,,0,0
eth_flow_4bd477eec1fb46__r7fam11__inst00__synth_noise_src_0,bnb_flow_2cfbd748469043__synth_noise_dst_0,526.25,524.5674651720968,330,one_to_one,0.2245,supervised_flow_pair,Celer,semi_synthetic_delay_noise,,,,
eth_flow_4bd477eec1fb46__r7fam11__inst00__synth_noise_src_1,bnb_flow_2cfbd748469043__synth_noise_dst_1,526.25,524.5674651720968,390,one_to_one,0.2308,supervised_flow_pair,Celer,semi_synthetic_delay_noise,,,,
eth_flow_b4506cb8fd4143__r7fam11__inst01__synth_split_src,bnb_flow_fbbb5ec3604049__synth_split_a,627.30550561,313.652752805,496.0,one_to_many,0.95,supervised_flow_pair,Celer,semi_synthetic_split,1,313.652752805,313.652752805,
eth_flow_b4506cb8fd4143__r7fam11__inst01__synth_split_src,bnb_flow_fbbb5ec3604049__synth_split_b,627.30550561,313.652752805,496.0,one_to_many,0.95,supervised_flow_pair,Celer,semi_synthetic_split,1,313.652752805,313.652752805,
eth_flow_b4506cb8fd4143__r7fam11__inst01__synth_merge_src1,bnb_flow_fbbb5ec3604049__synth_merge_dst,313.652752805,627.30550561,496.0,many_to_one,1.0,supervised_flow_pair,Celer,semi_synthetic_merge,,313.652752805,313.652752805,
eth_flow_b4506cb8fd4143__r7fam11__inst01__synth_merge_src2,bnb_flow_fbbb5ec3604049__synth_merge_dst,313.652752805,627.30550561,496.0,many_to_one,1.0,supervised_flow_pair,Celer,semi_synthetic_merge,,313.652752805,313.652752805,
eth_flow_b4506cb8fd4143__r7fam11__inst01__synth_unmatched_src,bnb_flow_fbbb5ec3604049__synth_hidden_dst,627.30550561,0,496.0,one_to_one,0.2,supervised_flow_pair,Celer,semi_synthetic_unmatched,,,0,0
eth_flow_b4506cb8fd4143__r7fam11__inst01__synth_noise_src_0,bnb_flow_fbbb5ec3604049__synth_noise_dst_0,627.30550561,626.6003353847976,556,one_to_one,0.2507,supervised_flow_pair,Celer,semi_synthetic_delay_noise,,,,
eth_flow_b4506cb8fd4143__r7fam11__inst01__synth_noise_src_1,bnb_flow_fbbb5ec3604049__synth_noise_dst_1,627.30550561,626.6003353847976,616,one_to_one,0.2436,supervised_flow_pair,Celer,semi_synthetic_delay_noise,,,,
eth_flow_ef2642ee0c9840__r7fam12__inst00__synth_split_src,bnb_flow_834694f456364a__synth_split_a,2627.42,875.8066666666667,140.0,one_to_many,0.95,supervised_flow_pair,Celer,semi_synthetic_split,1,875.8066666666667,875.8066666666667,
eth_flow_ef2642ee0c9840__r7fam12__inst00__synth_split_src,bnb_flow_834694f456364a__synth_split_b,2627.42,875.8066666666667,140.0,one_to_many,0.95,supervised_flow_pair,Celer,semi_synthetic_split,1,875.8066666666667,875.8066666666667,
eth_flow_ef2642ee0c9840__r7fam12__inst00__synth_split_src,bnb_flow_834694f456364a__synth_split_c,2627.42,875.8066666666667,140.0,one_to_many,0.95,supervised_flow_pair,Celer,semi_synthetic_split,1,875.8066666666667,875.8066666666667,
eth_flow_ef2642ee0c9840__r7fam12__inst00__synth_merge_src1,bnb_flow_834694f456364a__synth_merge_dst,1313.71,2627.42,140.0,many_to_one,1.0,supervised_flow_pair,Celer,semi_synthetic_merge,,1313.71,1313.71,
eth_flow_ef2642ee0c9840__r7fam12__inst00__synth_merge_src2,bnb_flow_834694f456364a__synth_merge_dst,1313.71,2627.42,140.0,many_to_one,1.0,supervised_flow_pair,Celer,semi_synthetic_merge,,1313.71,1313.71,
eth_flow_ef2642ee0c9840__r7fam12__inst00__synth_unmatched_src,bnb_flow_834694f456364a__synth_hidden_dst,2627.42,0,140.0,one_to_one,0.2,supervised_flow_pair,Celer,semi_synthetic_unmatched,,,0,0
eth_flow_ef2642ee0c9840__r7fam12__inst00__synth_noise_src_0,bnb_flow_834694f456364a__synth_noise_dst_0,2627.42,2626.019383679144,200,one_to_one,0.248,supervised_flow_pair,Celer,semi_synthetic_delay_noise,,,,
eth_flow_ef2642ee0c9840__r7fam12__inst00__synth_noise_src_1,bnb_flow_834694f456364a__synth_noise_dst_1,2627.42,2626.019383679144,260,one_to_one,0.2319,supervised_flow_pair,Celer,semi_synthetic_delay_noise,,,,
eth_flow_00161cd727324b__r7fam12__inst01__synth_split_src,bnb_flow_12afe342512340__synth_split_a,2018.0,1009.0,150.0,one_to_many,0.95,supervised_flow_pair,Celer,semi_synthetic_split,1,1009.0,1009.0,
eth_flow_00161cd727324b__r7fam12__inst01__synth_split_src,bnb_flow_12afe342512340__synth_split_b,2018.0,1009.0,150.0,one_to_many,0.95,supervised_flow_pair,Celer,semi_synthetic_split,1,1009.0,1009.0,
eth_flow_00161cd727324b__r7fam12__inst01__synth_merge_src1,bnb_flow_12afe342512340__synth_merge_dst,1009.0,2018.0,150.0,many_to_one,1.0,supervised_flow_pair,Celer,semi_synthetic_merge,,1009.0,1009.0,
eth_flow_00161cd727324b__r7fam12__inst01__synth_merge_src2,bnb_flow_12afe342512340__synth_merge_dst,1009.0,2018.0,150.0,many_to_one,1.0,supervised_flow_pair,Celer,semi_synthetic_merge,,1009.0,1009.0,
eth_flow_00161cd727324b__r7fam12__inst01__synth_unmatched_src,bnb_flow_12afe342512340__synth_hidden_dst,2018.0,0,150.0,one_to_one,0.2,supervised_flow_pair,Celer,semi_synthetic_unmatched,,,0,0
eth_flow_00161cd727324b__r7fam12__inst01__synth_noise_src_0,bnb_flow_12afe342512340__synth_noise_dst_0,2018.0,2015.8542093494127,210,one_to_one,0.2342,supervised_flow_pair,Celer,semi_synthetic_delay_noise,,,,
eth_flow_00161cd727324b__r7fam12__inst01__synth_noise_src_1,bnb_flow_12afe342512340__synth_noise_dst_1,2018.0,2015.8542093494127,270,one_to_one,0.2247,supervised_flow_pair,Celer,semi_synthetic_delay_noise,,,,
eth_flow_61e08a498e1445__r7fam13__inst00__synth_split_src,bnb_flow_e636dda75b3543__synth_split_a,1980.053093,660.0176976666667,172.0,one_to_many,0.95,supervised_flow_pair,Celer,semi_synthetic_split,1,660.0176976666667,660.0176976666667,
eth_flow_61e08a498e1445__r7fam13__inst00__synth_split_src,bnb_flow_e636dda75b3543__synth_split_b,1980.053093,660.0176976666667,172.0,one_to_many,0.95,supervised_flow_pair,Celer,semi_synthetic_split,1,660.0176976666667,660.0176976666667,
eth_flow_61e08a498e1445__r7fam13__inst00__synth_split_src,bnb_flow_e636dda75b3543__synth_split_c,1980.053093,660.0176976666667,172.0,one_to_many,0.95,supervised_flow_pair,Celer,semi_synthetic_split,1,660.0176976666667,660.0176976666667,
eth_flow_61e08a498e1445__r7fam13__inst00__synth_merge_src1,bnb_flow_e636dda75b3543__synth_merge_dst,990.0265465,1980.053093,172.0,many_to_one,1.0,supervised_flow_pair,Celer,semi_synthetic_merge,,990.0265465,990.0265465,
eth_flow_61e08a498e1445__r7fam13__inst00__synth_merge_src2,bnb_flow_e636dda75b3543__synth_merge_dst,990.0265465,1980.053093,172.0,many_to_one,1.0,supervised_flow_pair,Celer,semi_synthetic_merge,,990.0265465,990.0265465,
eth_flow_61e08a498e1445__r7fam13__inst00__synth_unmatched_src,bnb_flow_e636dda75b3543__synth_hidden_dst,1980.053093,0,172.0,one_to_one,0.2,supervised_flow_pair,Celer,semi_synthetic_unmatched,,,0,0
eth_flow_61e08a498e1445__r7fam13__inst00__synth_noise_src_0,bnb_flow_e636dda75b3543__synth_noise_dst_0,1980.053093,1977.8464016490093,232,one_to_one,0.2358,supervised_flow_pair,Celer,semi_synthetic_delay_noise,,,,
eth_flow_61e08a498e1445__r7fam13__inst00__synth_noise_src_1,bnb_flow_e636dda75b3543__synth_noise_dst_1,1980.053093,1977.8464016490093,292,one_to_one,0.2213,supervised_flow_pair,Celer,semi_synthetic_delay_noise,,,,
eth_flow_fc5fa07725af48__r7fam13__inst01__synth_split_src,bnb_flow_a8281351ded844__synth_split_a,7000.0,3500.0,178.0,one_to_many,0.95,supervised_flow_pair,Celer,semi_synthetic_split,1,3500.0,3500.0,
eth_flow_fc5fa07725af48__r7fam13__inst01__synth_split_src,bnb_flow_a8281351ded844__synth_split_b,7000.0,3500.0,178.0,one_to_many,0.95,supervised_flow_pair,Celer,semi_synthetic_split,1,3500.0,3500.0,
eth_flow_fc5fa07725af48__r7fam13__inst01__synth_merge_src1,bnb_flow_a8281351ded844__synth_merge_dst,3500.0,7000.0,178.0,many_to_one,1.0,supervised_flow_pair,Celer,semi_synthetic_merge,,3500.0,3500.0,
eth_flow_fc5fa07725af48__r7fam13__inst01__synth_merge_src2,bnb_flow_a8281351ded844__synth_merge_dst,3500.0,7000.0,178.0,many_to_one,1.0,supervised_flow_pair,Celer,semi_synthetic_merge,,3500.0,3500.0,
eth_flow_fc5fa07725af48__r7fam13__inst01__synth_unmatched_src,bnb_flow_a8281351ded844__synth_hidden_dst,7000.0,0,178.0,one_to_one,0.2,supervised_flow_pair,Celer,semi_synthetic_unmatched,,,0,0
eth_flow_fc5fa07725af48__r7fam13__inst01__synth_noise_src_0,bnb_flow_a8281351ded844__synth_noise_dst_0,7000.0,6996.079278988482,238,one_to_one,0.2382,supervised_flow_pair,Celer,semi_synthetic_delay_noise,,,,
eth_flow_fc5fa07725af48__r7fam13__inst01__synth_noise_src_1,bnb_flow_a8281351ded844__synth_noise_dst_1,7000.0,6996.079278988482,298,one_to_one,0.2541,supervised_flow_pair,Celer,semi_synthetic_delay_noise,,,,
eth_flow_ae86098b33bb40__r7fam14__inst00__synth_split_src,bnb_flow_b6e2d98c3ff243__synth_split_a,3476.2,1158.7333333333333,190.0,one_to_many,0.95,supervised_flow_pair,Celer,semi_synthetic_split,1,1158.7333333333333,1158.7333333333333,
eth_flow_ae86098b33bb40__r7fam14__inst00__synth_split_src,bnb_flow_b6e2d98c3ff243__synth_split_b,3476.2,1158.7333333333333,190.0,one_to_many,0.95,supervised_flow_pair,Celer,semi_synthetic_split,1,1158.7333333333333,1158.7333333333333,
eth_flow_ae86098b33bb40__r7fam14__inst00__synth_split_src,bnb_flow_b6e2d98c3ff243__synth_split_c,3476.2,1158.7333333333333,190.0,one_to_many,0.95,supervised_flow_pair,Celer,semi_synthetic_split,1,1158.7333333333333,1158.7333333333333,
eth_flow_ae86098b33bb40__r7fam14__inst00__synth_merge_src1,bnb_flow_b6e2d98c3ff243__synth_merge_dst,1738.1,3476.2,190.0,many_to_one,1.0,supervised_flow_pair,Celer,semi_synthetic_merge,,1738.1,1738.1,
eth_flow_ae86098b33bb40__r7fam14__inst00__synth_merge_src2,bnb_flow_b6e2d98c3ff243__synth_merge_dst,1738.1,3476.2,190.0,many_to_one,1.0,supervised_flow_pair,Celer,semi_synthetic_merge,,1738.1,1738.1,
eth_flow_ae86098b33bb40__r7fam14__inst00__synth_unmatched_src,bnb_flow_b6e2d98c3ff243__synth_hidden_dst,3476.2,0,190.0,one_to_one,0.2,supervised_flow_pair,Celer,semi_synthetic_unmatched,,,0,0
eth_flow_ae86098b33bb40__r7fam14__inst00__synth_noise_src_0,bnb_flow_b6e2d98c3ff243__synth_noise_dst_0,3476.2,3473.478961288839,250,one_to_one,0.2519,supervised_flow_pair,Celer,semi_synthetic_delay_noise,,,,
eth_flow_ae86098b33bb40__r7fam14__inst00__synth_noise_src_1,bnb_flow_b6e2d98c3ff243__synth_noise_dst_1,3476.2,3473.478961288839,310,one_to_one,0.2597,supervised_flow_pair,Celer,semi_synthetic_delay_noise,,,,
eth_flow_559215ca5a0e47__r7fam14__inst01__synth_split_src,bnb_flow_58e73e31c43641__synth_split_a,5320.012208280906,886.668701380151,186.0,one_to_many,0.95,supervised_flow_pair,Celer,semi_synthetic_split,1,886.668701380151,886.668701380151,
eth_flow_559215ca5a0e47__r7fam14__inst01__synth_split_src,bnb_flow_58e73e31c43641__synth_split_b,5320.012208280906,886.668701380151,186.0,one_to_many,0.95,supervised_flow_pair,Celer,semi_synthetic_split,1,886.668701380151,886.668701380151,
eth_flow_559215ca5a0e47__r7fam14__inst01__synth_split_src,bnb_flow_58e73e31c43641__synth_split_c,5320.012208280906,886.668701380151,186.0,one_to_many,0.95,supervised_flow_pair,Celer,semi_synthetic_split,1,886.668701380151,886.668701380151,
eth_flow_559215ca5a0e47__r7fam14__inst01__synth_split_src,bnb_flow_58e73e31c43641__synth_split_d,5320.012208280906,886.668701380151,186.0,one_to_many,0.95,supervised_flow_pair,Celer,semi_synthetic_split,1,886.668701380151,886.668701380151,
eth_flow_559215ca5a0e47__r7fam14__inst01__synth_split_src,bnb_flow_58e73e31c43641__synth_split_e,5320.012208280906,886.668701380151,186.0,one_to_many,0.95,supervised_flow_pair,Celer,semi_synthetic_split,1,886.668701380151,886.668701380151,
eth_flow_559215ca5a0e47__r7fam14__inst01__synth_split_src,bnb_flow_58e73e31c43641__synth_split_f,5320.012208280906,886.668701380151,186.0,one_to_many,0.95,supervised_flow_pair,Celer,semi_synthetic_split,1,886.668701380151,886.668701380151,
eth_flow_559215ca5a0e47__r7fam14__inst01__synth_merge_src1,bnb_flow_58e73e31c43641__synth_merge_dst,2660.006104140453,5320.012208280906,186.0,many_to_one,1.0,supervised_flow_pair,Celer,semi_synthetic_merge,,2660.006104140453,2660.006104140453,
eth_flow_559215ca5a0e47__r7fam14__inst01__synth_merge_src2,bnb_flow_58e73e31c43641__synth_merge_dst,2660.006104140453,5320.012208280906,186.0,many_to_one,1.0,supervised_flow_pair,Celer,semi_synthetic_merge,,2660.006104140453,2660.006104140453,
eth_flow_559215ca5a0e47__r7fam14__inst01__synth_unmatched_src,bnb_flow_58e73e31c43641__synth_hidden_dst,5320.012208280906,0,186.0,one_to_one,0.2,supervised_flow_pair,Celer,semi_synthetic_unmatched,,,0,0
eth_flow_559215ca5a0e47__r7fam14__inst01__synth_noise_src_0,bnb_flow_58e73e31c43641__synth_noise_dst_0,5320.012208280906,5316.865315125213,246,one_to_one,0.245,supervised_flow_pair,Celer,semi_synthetic_delay_noise,,,,
eth_flow_559215ca5a0e47__r7fam14__inst01__synth_noise_src_1,bnb_flow_58e73e31c43641__synth_noise_dst_1,5320.012208280906,5316.865315125213,306,one_to_one,0.2258,supervised_flow_pair,Celer,semi_synthetic_delay_noise,,,,
eth_flow_0547dd5de77a46__r7fam15__inst00__synth_split_src,bnb_flow_3ddb9015a20447__synth_split_a,3162.90243765516,790.72560941379,203.0,one_to_many,0.95,supervised_flow_pair,Celer,semi_synthetic_split,1,790.72560941379,790.72560941379,
eth_flow_0547dd5de77a46__r7fam15__inst00__synth_split_src,bnb_flow_3ddb9015a20447__synth_split_b,3162.90243765516,790.72560941379,203.0,one_to_many,0.95,supervised_flow_pair,Celer,semi_synthetic_split,1,790.72560941379,790.72560941379,
eth_flow_0547dd5de77a46__r7fam15__inst00__synth_split_src,bnb_flow_3ddb9015a20447__synth_split_c,3162.90243765516,790.72560941379,203.0,one_to_many,0.95,supervised_flow_pair,Celer,semi_synthetic_split,1,790.72560941379,790.72560941379,
eth_flow_0547dd5de77a46__r7fam15__inst00__synth_split_src,bnb_flow_3ddb9015a20447__synth_split_d,3162.90243765516,790.72560941379,203.0,one_to_many,0.95,supervised_flow_pair,Celer,semi_synthetic_split,1,790.72560941379,790.72560941379,
eth_flow_0547dd5de77a46__r7fam15__inst00__synth_merge_src1,bnb_flow_3ddb9015a20447__synth_merge_dst,1581.45121882758,3162.90243765516,203.0,many_to_one,1.0,supervised_flow_pair,Celer,semi_synthetic_merge,,1581.45121882758,1581.45121882758,
eth_flow_0547dd5de77a46__r7fam15__inst00__synth_merge_src2,bnb_flow_3ddb9015a20447__synth_merge_dst,1581.45121882758,3162.90243765516,203.0,many_to_one,1.0,supervised_flow_pair,Celer,semi_synthetic_merge,,1581.45121882758,1581.45121882758,
eth_flow_0547dd5de77a46__r7fam15__inst00__synth_unmatched_src,bnb_flow_3ddb9015a20447__synth_hidden_dst,3162.90243765516,0,203.0,one_to_one,0.2,supervised_flow_pair,Celer,semi_synthetic_unmatched,,,0,0
eth_flow_0547dd5de77a46__r7fam15__inst00__synth_noise_src_0,bnb_flow_3ddb9015a20447__synth_noise_dst_0,3162.90243765516,3158.909811389517,263,one_to_one,0.2554,supervised_flow_pair,Celer,semi_synthetic_delay_noise,,,,
eth_flow_0547dd5de77a46__r7fam15__inst00__synth_noise_src_1,bnb_flow_3ddb9015a20447__synth_noise_dst_1,3162.90243765516,3158.909811389517,323,one_to_one,0.2261,supervised_flow_pair,Celer,semi_synthetic_delay_noise,,,,
eth_flow_966b1ec76a2d4b__r7fam15__inst01__synth_split_src,bnb_flow_3bd4c87484ba41__synth_split_a,5981.498568149999,2990.7492840749997,209.0,one_to_many,0.95,supervised_flow_pair,Celer,semi_synthetic_split,1,2990.7492840749997,2990.7492840749997,
eth_flow_966b1ec76a2d4b__r7fam15__inst01__synth_split_src,bnb_flow_3bd4c87484ba41__synth_split_b,5981.498568149999,2990.7492840749997,209.0,one_to_many,0.95,supervised_flow_pair,Celer,semi_synthetic_split,1,2990.7492840749997,2990.7492840749997,
eth_flow_966b1ec76a2d4b__r7fam15__inst01__synth_merge_src1,bnb_flow_3bd4c87484ba41__synth_merge_dst,2990.7492840749997,5981.498568149999,209.0,many_to_one,1.0,supervised_flow_pair,Celer,semi_synthetic_merge,,2990.7492840749997,2990.7492840749997,
eth_flow_966b1ec76a2d4b__r7fam15__inst01__synth_merge_src2,bnb_flow_3bd4c87484ba41__synth_merge_dst,2990.7492840749997,5981.498568149999,209.0,many_to_one,1.0,supervised_flow_pair,Celer,semi_synthetic_merge,,2990.7492840749997,2990.7492840749997,
eth_flow_966b1ec76a2d4b__r7fam15__inst01__synth_unmatched_src,bnb_flow_3bd4c87484ba41__synth_hidden_dst,5981.498568149999,0,209.0,one_to_one,0.2,supervised_flow_pair,Celer,semi_synthetic_unmatched,,,0,0
eth_flow_966b1ec76a2d4b__r7fam15__inst01__synth_noise_src_0,bnb_flow_3bd4c87484ba41__synth_noise_dst_0,5981.498568149999,5960.0411206336685,269,one_to_one,0.2284,supervised_flow_pair,Celer,semi_synthetic_delay_noise,,,,
eth_flow_966b1ec76a2d4b__r7fam15__inst01__synth_noise_src_1,bnb_flow_3bd4c87484ba41__synth_noise_dst_1,5981.498568149999,5960.0411206336685,329,one_to_one,0.244,supervised_flow_pair,Celer,semi_synthetic_delay_noise,,,,
eth_flow_fb4a55fbad5545__r7fam16__inst00__synth_split_src,bnb_flow_205e81b9dea441__synth_split_a,1747.87,873.935,228.0,one_to_many,0.95,supervised_flow_pair,Celer,semi_synthetic_split,1,873.935,873.935,
eth_flow_fb4a55fbad5545__r7fam16__inst00__synth_split_src,bnb_flow_205e81b9dea441__synth_split_b,1747.87,873.935,228.0,one_to_many,0.95,supervised_flow_pair,Celer,semi_synthetic_split,1,873.935,873.935,
eth_flow_fb4a55fbad5545__r7fam16__inst00__synth_merge_src1,bnb_flow_205e81b9dea441__synth_merge_dst,873.935,1747.87,228.0,many_to_one,1.0,supervised_flow_pair,Celer,semi_synthetic_merge,,873.935,873.935,
eth_flow_fb4a55fbad5545__r7fam16__inst00__synth_merge_src2,bnb_flow_205e81b9dea441__synth_merge_dst,873.935,1747.87,228.0,many_to_one,1.0,supervised_flow_pair,Celer,semi_synthetic_merge,,873.935,873.935,
eth_flow_fb4a55fbad5545__r7fam16__inst00__synth_unmatched_src,bnb_flow_205e81b9dea441__synth_hidden_dst,1747.87,0,228.0,one_to_one,0.2,supervised_flow_pair,Celer,semi_synthetic_unmatched,,,0,0
eth_flow_fb4a55fbad5545__r7fam16__inst00__synth_noise_src_0,bnb_flow_205e81b9dea441__synth_noise_dst_0,1747.87,1747.199085035497,288,one_to_one,0.2513,supervised_flow_pair,Celer,semi_synthetic_delay_noise,,,,
eth_flow_fb4a55fbad5545__r7fam16__inst00__synth_noise_src_1,bnb_flow_205e81b9dea441__synth_noise_dst_1,1747.87,1747.199085035497,348,one_to_one,0.2439,supervised_flow_pair,Celer,semi_synthetic_delay_noise,,,,
eth_flow_054c745cdc2d44__r7fam16__inst01__synth_split_src,bnb_flow_1d464e570f234f__synth_split_a,5750.0,2875.0,238.0,one_to_many,0.95,supervised_flow_pair,Celer,semi_synthetic_split,1,2875.0,2875.0,
eth_flow_054c745cdc2d44__r7fam16__inst01__synth_split_src,bnb_flow_1d464e570f234f__synth_split_b,5750.0,2875.0,238.0,one_to_many,0.95,supervised_flow_pair,Celer,semi_synthetic_split,1,2875.0,2875.0,
eth_flow_054c745cdc2d44__r7fam16__inst01__synth_merge_src1,bnb_flow_1d464e570f234f__synth_merge_dst,2875.0,5750.0,238.0,many_to_one,1.0,supervised_flow_pair,Celer,semi_synthetic_merge,,2875.0,2875.0,
eth_flow_054c745cdc2d44__r7fam16__inst01__synth_merge_src2,bnb_flow_1d464e570f234f__synth_merge_dst,2875.0,5750.0,238.0,many_to_one,1.0,supervised_flow_pair,Celer,semi_synthetic_merge,,2875.0,2875.0,
eth_flow_054c745cdc2d44__r7fam16__inst01__synth_unmatched_src,bnb_flow_1d464e570f234f__synth_hidden_dst,5750.0,0,238.0,one_to_one,0.2,supervised_flow_pair,Celer,semi_synthetic_unmatched,,,0,0
eth_flow_054c745cdc2d44__r7fam16__inst01__synth_noise_src_0,bnb_flow_1d464e570f234f__synth_noise_dst_0,5750.0,5746.25494659046,298,one_to_one,0.2363,supervised_flow_pair,Celer,semi_synthetic_delay_noise,,,,
eth_flow_054c745cdc2d44__r7fam16__inst01__synth_noise_src_1,bnb_flow_1d464e570f234f__synth_noise_dst_1,5750.0,5746.25494659046,358,one_to_one,0.2318,supervised_flow_pair,Celer,semi_synthetic_delay_noise,,,,
eth_flow_0cf4dd01427345__r7fam17__inst00__synth_split_src,bnb_flow_1d8d50dfcdaf4e__synth_split_a,4084.994969358252,1361.664989786084,285.0,one_to_many,0.95,supervised_flow_pair,Celer,semi_synthetic_split,1,1361.664989786084,1361.664989786084,
eth_flow_0cf4dd01427345__r7fam17__inst00__synth_split_src,bnb_flow_1d8d50dfcdaf4e__synth_split_b,4084.994969358252,1361.664989786084,285.0,one_to_many,0.95,supervised_flow_pair,Celer,semi_synthetic_split,1,1361.664989786084,1361.664989786084,
eth_flow_0cf4dd01427345__r7fam17__inst00__synth_split_src,bnb_flow_1d8d50dfcdaf4e__synth_split_c,4084.994969358252,1361.664989786084,285.0,one_to_many,0.95,supervised_flow_pair,Celer,semi_synthetic_split,1,1361.664989786084,1361.664989786084,
eth_flow_0cf4dd01427345__r7fam17__inst00__synth_merge_src1,bnb_flow_1d8d50dfcdaf4e__synth_merge_dst,2042.497484679126,4084.994969358252,285.0,many_to_one,1.0,supervised_flow_pair,Celer,semi_synthetic_merge,,2042.497484679126,2042.497484679126,
eth_flow_0cf4dd01427345__r7fam17__inst00__synth_merge_src2,bnb_flow_1d8d50dfcdaf4e__synth_merge_dst,2042.497484679126,4084.994969358252,285.0,many_to_one,1.0,supervised_flow_pair,Celer,semi_synthetic_merge,,2042.497484679126,2042.497484679126,
eth_flow_0cf4dd01427345__r7fam17__inst00__synth_unmatched_src,bnb_flow_1d8d50dfcdaf4e__synth_hidden_dst,4084.994969358252,0,285.0,one_to_one,0.2,supervised_flow_pair,Celer,semi_synthetic_unmatched,,,0,0
eth_flow_0cf4dd01427345__r7fam17__inst00__synth_noise_src_0,bnb_flow_1d8d50dfcdaf4e__synth_noise_dst_0,4084.994969358252,4081.7970728193386,345,one_to_one,0.2208,supervised_flow_pair,Celer,semi_synthetic_delay_noise,,,,
eth_flow_0cf4dd01427345__r7fam17__inst00__synth_noise_src_1,bnb_flow_1d8d50dfcdaf4e__synth_noise_dst_1,4084.994969358252,4081.7970728193386,405,one_to_one,0.2519,supervised_flow_pair,Celer,semi_synthetic_delay_noise,,,,
eth_flow_76f6d8fa401441__r7fam17__inst01__synth_split_src,bnb_flow_d73078a7fdcc44__synth_split_a,7889.641,2629.880333333333,1338.0,one_to_many,0.95,supervised_flow_pair,Celer,semi_synthetic_split,1,2629.880333333333,2629.880333333333,
eth_flow_76f6d8fa401441__r7fam17__inst01__synth_split_src,bnb_flow_d73078a7fdcc44__synth_split_b,7889.641,2629.880333333333,1338.0,one_to_many,0.95,supervised_flow_pair,Celer,semi_synthetic_split,1,2629.880333333333,2629.880333333333,
eth_flow_76f6d8fa401441__r7fam17__inst01__synth_split_src,bnb_flow_d73078a7fdcc44__synth_split_c,7889.641,2629.880333333333,1338.0,one_to_many,0.95,supervised_flow_pair,Celer,semi_synthetic_split,1,2629.880333333333,2629.880333333333,
eth_flow_76f6d8fa401441__r7fam17__inst01__synth_merge_src1,bnb_flow_d73078a7fdcc44__synth_merge_dst,3944.8205,7889.641,1338.0,many_to_one,1.0,supervised_flow_pair,Celer,semi_synthetic_merge,,3944.8205,3944.8205,
eth_flow_76f6d8fa401441__r7fam17__inst01__synth_merge_src2,bnb_flow_d73078a7fdcc44__synth_merge_dst,3944.8205,7889.641,1338.0,many_to_one,1.0,supervised_flow_pair,Celer,semi_synthetic_merge,,3944.8205,3944.8205,
eth_flow_76f6d8fa401441__r7fam17__inst01__synth_unmatched_src,bnb_flow_d73078a7fdcc44__synth_hidden_dst,7889.641,0,1338.0,one_to_one,0.2,supervised_flow_pair,Celer,semi_synthetic_unmatched,,,0,0
eth_flow_76f6d8fa401441__r7fam17__inst01__synth_noise_src_0,bnb_flow_d73078a7fdcc44__synth_noise_dst_0,7889.641,7861.802572586978,1398,one_to_one,0.2425,supervised_flow_pair,Celer,semi_synthetic_delay_noise,,,,
eth_flow_76f6d8fa401441__r7fam17__inst01__synth_noise_src_1,bnb_flow_d73078a7fdcc44__synth_noise_dst_1,7889.641,7861.802572586978,1458,one_to_one,0.2598,supervised_flow_pair,Celer,semi_synthetic_delay_noise,,,,
eth_flow_31cb52c9dcc94f__r7fam18__inst00__synth_split_src,bnb_flow_cc73e45dd06c47__synth_split_a,26966.18823835,13483.094119175,140.0,one_to_many,0.95,supervised_flow_pair,Celer,semi_synthetic_split,1,13483.094119175,13483.094119175,
eth_flow_31cb52c9dcc94f__r7fam18__inst00__synth_split_src,bnb_flow_cc73e45dd06c47__synth_split_b,26966.18823835,13483.094119175,140.0,one_to_many,0.95,supervised_flow_pair,Celer,semi_synthetic_split,1,13483.094119175,13483.094119175,
eth_flow_31cb52c9dcc94f__r7fam18__inst00__synth_merge_src1,bnb_flow_cc73e45dd06c47__synth_merge_dst,13483.094119175,26966.18823835,140.0,many_to_one,1.0,supervised_flow_pair,Celer,semi_synthetic_merge,,13483.094119175,13483.094119175,
eth_flow_31cb52c9dcc94f__r7fam18__inst00__synth_merge_src2,bnb_flow_cc73e45dd06c47__synth_merge_dst,13483.094119175,26966.18823835,140.0,many_to_one,1.0,supervised_flow_pair,Celer,semi_synthetic_merge,,13483.094119175,13483.094119175,
eth_flow_31cb52c9dcc94f__r7fam18__inst00__synth_unmatched_src,bnb_flow_cc73e45dd06c47__synth_hidden_dst,26966.18823835,0,140.0,one_to_one,0.2,supervised_flow_pair,Celer,semi_synthetic_unmatched,,,0,0
eth_flow_31cb52c9dcc94f__r7fam18__inst00__synth_noise_src_0,bnb_flow_cc73e45dd06c47__synth_noise_dst_0,26966.18823835,26953.72546690221,200,one_to_one,0.2533,supervised_flow_pair,Celer,semi_synthetic_delay_noise,,,,
eth_flow_31cb52c9dcc94f__r7fam18__inst00__synth_noise_src_1,bnb_flow_cc73e45dd06c47__synth_noise_dst_1,26966.18823835,26953.72546690221,260,one_to_one,0.2531,supervised_flow_pair,Celer,semi_synthetic_delay_noise,,,,
eth_flow_219693e8af3249__r7fam18__inst01__synth_split_src,bnb_flow_4709ae9732ba49__synth_split_a,43791.55208304401,14597.184027681336,121.0,one_to_many,0.95,supervised_flow_pair,Celer,semi_synthetic_split,1,14597.184027681336,14597.184027681336,
eth_flow_219693e8af3249__r7fam18__inst01__synth_split_src,bnb_flow_4709ae9732ba49__synth_split_b,43791.55208304401,14597.184027681336,121.0,one_to_many,0.95,supervised_flow_pair,Celer,semi_synthetic_split,1,14597.184027681336,14597.184027681336,
eth_flow_219693e8af3249__r7fam18__inst01__synth_split_src,bnb_flow_4709ae9732ba49__synth_split_c,43791.55208304401,14597.184027681336,121.0,one_to_many,0.95,supervised_flow_pair,Celer,semi_synthetic_split,1,14597.184027681336,14597.184027681336,
eth_flow_219693e8af3249__r7fam18__inst01__synth_merge_src1,bnb_flow_4709ae9732ba49__synth_merge_dst,21895.776041522004,43791.55208304401,121.0,many_to_one,1.0,supervised_flow_pair,Celer,semi_synthetic_merge,,21895.776041522004,21895.776041522004,
eth_flow_219693e8af3249__r7fam18__inst01__synth_merge_src2,bnb_flow_4709ae9732ba49__synth_merge_dst,21895.776041522004,43791.55208304401,121.0,many_to_one,1.0,supervised_flow_pair,Celer,semi_synthetic_merge,,21895.776041522004,21895.776041522004,
eth_flow_219693e8af3249__r7fam18__inst01__synth_unmatched_src,bnb_flow_4709ae9732ba49__synth_hidden_dst,43791.55208304401,0,121.0,one_to_one,0.2,supervised_flow_pair,Celer,semi_synthetic_unmatched,,,0,0
eth_flow_219693e8af3249__r7fam18__inst01__synth_noise_src_0,bnb_flow_4709ae9732ba49__synth_noise_dst_0,43791.55208304401,43785.21532840956,181,one_to_one,0.2464,supervised_flow_pair,Celer,semi_synthetic_delay_noise,,,,
eth_flow_219693e8af3249__r7fam18__inst01__synth_noise_src_1,bnb_flow_4709ae9732ba49__synth_noise_dst_1,43791.55208304401,43785.21532840956,241,one_to_one,0.2427,supervised_flow_pair,Celer,semi_synthetic_delay_noise,,,,
eth_flow_4acfee6b7d2445__r7fam19__inst00__synth_split_src,bnb_flow_f3dd645cfff94a__synth_split_a,31892.46306149,15946.231530745,165.0,one_to_many,0.95,supervised_flow_pair,Celer,semi_synthetic_split,1,15946.231530745,15946.231530745,
eth_flow_4acfee6b7d2445__r7fam19__inst00__synth_split_src,bnb_flow_f3dd645cfff94a__synth_split_b,31892.46306149,15946.231530745,165.0,one_to_many,0.95,supervised_flow_pair,Celer,semi_synthetic_split,1,15946.231530745,15946.231530745,
eth_flow_4acfee6b7d2445__r7fam19__inst00__synth_merge_src1,bnb_flow_f3dd645cfff94a__synth_merge_dst,15946.231530745,31892.46306149,165.0,many_to_one,1.0,supervised_flow_pair,Celer,semi_synthetic_merge,,15946.231530745,15946.231530745,
eth_flow_4acfee6b7d2445__r7fam19__inst00__synth_merge_src2,bnb_flow_f3dd645cfff94a__synth_merge_dst,15946.231530745,31892.46306149,165.0,many_to_one,1.0,supervised_flow_pair,Celer,semi_synthetic_merge,,15946.231530745,15946.231530745,
eth_flow_4acfee6b7d2445__r7fam19__inst00__synth_unmatched_src,bnb_flow_f3dd645cfff94a__synth_hidden_dst,31892.46306149,0,165.0,one_to_one,0.2,supervised_flow_pair,Celer,semi_synthetic_unmatched,,,0,0
eth_flow_4acfee6b7d2445__r7fam19__inst00__synth_noise_src_0,bnb_flow_f3dd645cfff94a__synth_noise_dst_0,31892.46306149,31867.900199561,225,one_to_one,0.2389,supervised_flow_pair,Celer,semi_synthetic_delay_noise,,,,
eth_flow_4acfee6b7d2445__r7fam19__inst00__synth_noise_src_1,bnb_flow_f3dd645cfff94a__synth_noise_dst_1,31892.46306149,31867.900199561,285,one_to_one,0.2591,supervised_flow_pair,Celer,semi_synthetic_delay_noise,,,,
eth_flow_4fa224ae2bf049__r7fam19__inst01__synth_split_src,bnb_flow_963780ec2ff849__synth_split_a,9183.0,2295.75,179.0,one_to_many,0.95,supervised_flow_pair,Celer,semi_synthetic_split,1,2295.75,2295.75,
eth_flow_4fa224ae2bf049__r7fam19__inst01__synth_split_src,bnb_flow_963780ec2ff849__synth_split_b,9183.0,2295.75,179.0,one_to_many,0.95,supervised_flow_pair,Celer,semi_synthetic_split,1,2295.75,2295.75,
eth_flow_4fa224ae2bf049__r7fam19__inst01__synth_split_src,bnb_flow_963780ec2ff849__synth_split_c,9183.0,2295.75,179.0,one_to_many,0.95,supervised_flow_pair,Celer,semi_synthetic_split,1,2295.75,2295.75,
eth_flow_4fa224ae2bf049__r7fam19__inst01__synth_split_src,bnb_flow_963780ec2ff849__synth_split_d,9183.0,2295.75,179.0,one_to_many,0.95,supervised_flow_pair,Celer,semi_synthetic_split,1,2295.75,2295.75,
eth_flow_4fa224ae2bf049__r7fam19__inst01__synth_merge_src1,bnb_flow_963780ec2ff849__synth_merge_dst,4591.5,9183.0,179.0,many_to_one,1.0,supervised_flow_pair,Celer,semi_synthetic_merge,,4591.5,4591.5,
eth_flow_4fa224ae2bf049__r7fam19__inst01__synth_merge_src2,bnb_flow_963780ec2ff849__synth_merge_dst,4591.5,9183.0,179.0,many_to_one,1.0,supervised_flow_pair,Celer,semi_synthetic_merge,,4591.5,4591.5,
eth_flow_4fa224ae2bf049__r7fam19__inst01__synth_unmatched_src,bnb_flow_963780ec2ff849__synth_hidden_dst,9183.0,0,179.0,one_to_one,0.2,supervised_flow_pair,Celer,semi_synthetic_unmatched,,,0,0
eth_flow_4fa224ae2bf049__r7fam19__inst01__synth_noise_src_0,bnb_flow_963780ec2ff849__synth_noise_dst_0,9183.0,9178.023867799762,239,one_to_one,0.2411,supervised_flow_pair,Celer,semi_synthetic_delay_noise,,,,
eth_flow_4fa224ae2bf049__r7fam19__inst01__synth_noise_src_1,bnb_flow_963780ec2ff849__synth_noise_dst_1,9183.0,9178.023867799762,299,one_to_one,0.2577,supervised_flow_pair,Celer,semi_synthetic_delay_noise,,,,
eth_flow_fbcd8d41470844__r7fam20__inst00__synth_split_src,bnb_flow_9623701cbb1940__synth_split_a,585974.74862527,292987.374312635,192.0,one_to_many,0.95,supervised_flow_pair,Celer,semi_synthetic_split,1,292987.374312635,292987.374312635,
eth_flow_fbcd8d41470844__r7fam20__inst00__synth_split_src,bnb_flow_9623701cbb1940__synth_split_b,585974.74862527,292987.374312635,192.0,one_to_many,0.95,supervised_flow_pair,Celer,semi_synthetic_split,1,292987.374312635,292987.374312635,
eth_flow_fbcd8d41470844__r7fam20__inst00__synth_merge_src1,bnb_flow_9623701cbb1940__synth_merge_dst,292987.374312635,585974.74862527,192.0,many_to_one,1.0,supervised_flow_pair,Celer,semi_synthetic_merge,,292987.374312635,292987.374312635,
eth_flow_fbcd8d41470844__r7fam20__inst00__synth_merge_src2,bnb_flow_9623701cbb1940__synth_merge_dst,292987.374312635,585974.74862527,192.0,many_to_one,1.0,supervised_flow_pair,Celer,semi_synthetic_merge,,292987.374312635,292987.374312635,
eth_flow_fbcd8d41470844__r7fam20__inst00__synth_unmatched_src,bnb_flow_9623701cbb1940__synth_hidden_dst,585974.74862527,0,192.0,one_to_one,0.2,supervised_flow_pair,Celer,semi_synthetic_unmatched,,,0,0
eth_flow_fbcd8d41470844__r7fam20__inst00__synth_noise_src_0,bnb_flow_9623701cbb1940__synth_noise_dst_0,585974.74862527,585645.5200360337,252,one_to_one,0.2322,supervised_flow_pair,Celer,semi_synthetic_delay_noise,,,,
eth_flow_fbcd8d41470844__r7fam20__inst00__synth_noise_src_1,bnb_flow_9623701cbb1940__synth_noise_dst_1,585974.74862527,585645.5200360337,312,one_to_one,0.2357,supervised_flow_pair,Celer,semi_synthetic_delay_noise,,,,
eth_flow_9e09ea3720004e__r7fam20__inst01__synth_split_src,bnb_flow_5b2a491d31fb4e__synth_split_a,30029.496619,15014.7483095,184.0,one_to_many,0.95,supervised_flow_pair,Celer,semi_synthetic_split,1,15014.7483095,15014.7483095,
eth_flow_9e09ea3720004e__r7fam20__inst01__synth_split_src,bnb_flow_5b2a491d31fb4e__synth_split_b,30029.496619,15014.7483095,184.0,one_to_many,0.95,supervised_flow_pair,Celer,semi_synthetic_split,1,15014.7483095,15014.7483095,
eth_flow_9e09ea3720004e__r7fam20__inst01__synth_merge_src1,bnb_flow_5b2a491d31fb4e__synth_merge_dst,15014.7483095,30029.496619,184.0,many_to_one,1.0,supervised_flow_pair,Celer,semi_synthetic_merge,,15014.7483095,15014.7483095,
eth_flow_9e09ea3720004e__r7fam20__inst01__synth_merge_src2,bnb_flow_5b2a491d31fb4e__synth_merge_dst,15014.7483095,30029.496619,184.0,many_to_one,1.0,supervised_flow_pair,Celer,semi_synthetic_merge,,15014.7483095,15014.7483095,
eth_flow_9e09ea3720004e__r7fam20__inst01__synth_unmatched_src,bnb_flow_5b2a491d31fb4e__synth_hidden_dst,30029.496619,0,184.0,one_to_one,0.2,supervised_flow_pair,Celer,semi_synthetic_unmatched,,,0,0
eth_flow_9e09ea3720004e__r7fam20__inst01__synth_noise_src_0,bnb_flow_5b2a491d31fb4e__synth_noise_dst_0,30029.496619,30016.122202779683,244,one_to_one,0.2483,supervised_flow_pair,Celer,semi_synthetic_delay_noise,,,,
eth_flow_9e09ea3720004e__r7fam20__inst01__synth_noise_src_1,bnb_flow_5b2a491d31fb4e__synth_noise_dst_1,30029.496619,30016.122202779683,304,one_to_one,0.2264,supervised_flow_pair,Celer,semi_synthetic_delay_noise,,,,
eth_flow_23d54d032f2942__r7fam21__inst00__synth_split_src,bnb_flow_c52abfbb7bd949__synth_split_a,10169.70527673,3389.90175891,209.0,one_to_many,0.95,supervised_flow_pair,Celer,semi_synthetic_split,1,3389.90175891,3389.90175891,
eth_flow_23d54d032f2942__r7fam21__inst00__synth_split_src,bnb_flow_c52abfbb7bd949__synth_split_b,10169.70527673,3389.90175891,209.0,one_to_many,0.95,supervised_flow_pair,Celer,semi_synthetic_split,1,3389.90175891,3389.90175891,
eth_flow_23d54d032f2942__r7fam21__inst00__synth_split_src,bnb_flow_c52abfbb7bd949__synth_split_c,10169.70527673,3389.90175891,209.0,one_to_many,0.95,supervised_flow_pair,Celer,semi_synthetic_split,1,3389.90175891,3389.90175891,
eth_flow_23d54d032f2942__r7fam21__inst00__synth_merge_src1,bnb_flow_c52abfbb7bd949__synth_merge_dst,5084.852638365,10169.70527673,209.0,many_to_one,1.0,supervised_flow_pair,Celer,semi_synthetic_merge,,5084.852638365,5084.852638365,
eth_flow_23d54d032f2942__r7fam21__inst00__synth_merge_src2,bnb_flow_c52abfbb7bd949__synth_merge_dst,5084.852638365,10169.70527673,209.0,many_to_one,1.0,supervised_flow_pair,Celer,semi_synthetic_merge,,5084.852638365,5084.852638365,
eth_flow_23d54d032f2942__r7fam21__inst00__synth_unmatched_src,bnb_flow_c52abfbb7bd949__synth_hidden_dst,10169.70527673,0,209.0,one_to_one,0.2,supervised_flow_pair,Celer,semi_synthetic_unmatched,,,0,0
eth_flow_23d54d032f2942__r7fam21__inst00__synth_noise_src_0,bnb_flow_c52abfbb7bd949__synth_noise_dst_0,10169.70527673,10135.467601434751,269,one_to_one,0.2541,supervised_flow_pair,Celer,semi_synthetic_delay_noise,,,,
eth_flow_23d54d032f2942__r7fam21__inst00__synth_noise_src_1,bnb_flow_c52abfbb7bd949__synth_noise_dst_1,10169.70527673,10135.467601434751,329,one_to_one,0.2592,supervised_flow_pair,Celer,semi_synthetic_delay_noise,,,,
eth_flow_86e8a4794a5e4b__r7fam21__inst01__synth_split_src,bnb_flow_83ae8635587a44__synth_split_a,10610.7769,5305.38845,204.0,one_to_many,0.95,supervised_flow_pair,Celer,semi_synthetic_split,1,5305.38845,5305.38845,
eth_flow_86e8a4794a5e4b__r7fam21__inst01__synth_split_src,bnb_flow_83ae8635587a44__synth_split_b,10610.7769,5305.38845,204.0,one_to_many,0.95,supervised_flow_pair,Celer,semi_synthetic_split,1,5305.38845,5305.38845,
eth_flow_86e8a4794a5e4b__r7fam21__inst01__synth_merge_src1,bnb_flow_83ae8635587a44__synth_merge_dst,5305.38845,10610.7769,204.0,many_to_one,1.0,supervised_flow_pair,Celer,semi_synthetic_merge,,5305.38845,5305.38845,
eth_flow_86e8a4794a5e4b__r7fam21__inst01__synth_merge_src2,bnb_flow_83ae8635587a44__synth_merge_dst,5305.38845,10610.7769,204.0,many_to_one,1.0,supervised_flow_pair,Celer,semi_synthetic_merge,,5305.38845,5305.38845,
eth_flow_86e8a4794a5e4b__r7fam21__inst01__synth_unmatched_src,bnb_flow_83ae8635587a44__synth_hidden_dst,10610.7769,0,204.0,one_to_one,0.2,supervised_flow_pair,Celer,semi_synthetic_unmatched,,,0,0
eth_flow_86e8a4794a5e4b__r7fam21__inst01__synth_noise_src_0,bnb_flow_83ae8635587a44__synth_noise_dst_0,10610.7769,10574.5625351694,264,one_to_one,0.2483,supervised_flow_pair,Celer,semi_synthetic_delay_noise,,,,
eth_flow_86e8a4794a5e4b__r7fam21__inst01__synth_noise_src_1,bnb_flow_83ae8635587a44__synth_noise_dst_1,10610.7769,10574.5625351694,324,one_to_one,0.2303,supervised_flow_pair,Celer,semi_synthetic_delay_noise,,,,
eth_flow_95a1277d542b44__r7fam22__inst00__synth_split_src,bnb_flow_9058dd42d2ac44__synth_split_a,32918.3,16459.15,218.0,one_to_many,0.95,supervised_flow_pair,Celer,semi_synthetic_split,1,16459.15,16459.15,
eth_flow_95a1277d542b44__r7fam22__inst00__synth_split_src,bnb_flow_9058dd42d2ac44__synth_split_b,32918.3,16459.15,218.0,one_to_many,0.95,supervised_flow_pair,Celer,semi_synthetic_split,1,16459.15,16459.15,
eth_flow_95a1277d542b44__r7fam22__inst00__synth_merge_src1,bnb_flow_9058dd42d2ac44__synth_merge_dst,16459.15,32918.3,218.0,many_to_one,1.0,supervised_flow_pair,Celer,semi_synthetic_merge,,16459.15,16459.15,
eth_flow_95a1277d542b44__r7fam22__inst00__synth_merge_src2,bnb_flow_9058dd42d2ac44__synth_merge_dst,16459.15,32918.3,218.0,many_to_one,1.0,supervised_flow_pair,Celer,semi_synthetic_merge,,16459.15,16459.15,
eth_flow_95a1277d542b44__r7fam22__inst00__synth_unmatched_src,bnb_flow_9058dd42d2ac44__synth_hidden_dst,32918.3,0,218.0,one_to_one,0.2,supervised_flow_pair,Celer,semi_synthetic_unmatched,,,0,0
eth_flow_95a1277d542b44__r7fam22__inst00__synth_noise_src_0,bnb_flow_9058dd42d2ac44__synth_noise_dst_0,32918.3,32813.946027501246,278,one_to_one,0.2372,supervised_flow_pair,Celer,semi_synthetic_delay_noise,,,,
eth_flow_95a1277d542b44__r7fam22__inst00__synth_noise_src_1,bnb_flow_9058dd42d2ac44__synth_noise_dst_1,32918.3,32813.946027501246,338,one_to_one,0.2552,supervised_flow_pair,Celer,semi_synthetic_delay_noise,,,,
eth_flow_ea3a0da30d3549__r7fam22__inst01__synth_split_src,bnb_flow_30f174b913a74c__synth_split_a,86000.0,43000.0,226.0,one_to_many,0.95,supervised_flow_pair,Celer,semi_synthetic_split,1,43000.0,43000.0,
eth_flow_ea3a0da30d3549__r7fam22__inst01__synth_split_src,bnb_flow_30f174b913a74c__synth_split_b,86000.0,43000.0,226.0,one_to_many,0.95,supervised_flow_pair,Celer,semi_synthetic_split,1,43000.0,43000.0,
eth_flow_ea3a0da30d3549__r7fam22__inst01__synth_merge_src1,bnb_flow_30f174b913a74c__synth_merge_dst,43000.0,86000.0,226.0,many_to_one,1.0,supervised_flow_pair,Celer,semi_synthetic_merge,,43000.0,43000.0,
eth_flow_ea3a0da30d3549__r7fam22__inst01__synth_merge_src2,bnb_flow_30f174b913a74c__synth_merge_dst,43000.0,86000.0,226.0,many_to_one,1.0,supervised_flow_pair,Celer,semi_synthetic_merge,,43000.0,43000.0,
eth_flow_ea3a0da30d3549__r7fam22__inst01__synth_unmatched_src,bnb_flow_30f174b913a74c__synth_hidden_dst,86000.0,0,226.0,one_to_one,0.2,supervised_flow_pair,Celer,semi_synthetic_unmatched,,,0,0
eth_flow_ea3a0da30d3549__r7fam22__inst01__synth_noise_src_0,bnb_flow_30f174b913a74c__synth_noise_dst_0,86000.0,85737.53886769438,286,one_to_one,0.226,supervised_flow_pair,Celer,semi_synthetic_delay_noise,,,,
eth_flow_ea3a0da30d3549__r7fam22__inst01__synth_noise_src_1,bnb_flow_30f174b913a74c__synth_noise_dst_1,86000.0,85737.53886769438,346,one_to_one,0.2243,supervised_flow_pair,Celer,semi_synthetic_delay_noise,,,,
eth_flow_7beae1c3891246__r7fam23__inst00__synth_split_src,bnb_flow_9d41582685d042__synth_split_a,18405.38,9202.69,1257.0,one_to_many,0.95,supervised_flow_pair,Celer,semi_synthetic_split,1,9202.69,9202.69,
eth_flow_7beae1c3891246__r7fam23__inst00__synth_split_src,bnb_flow_9d41582685d042__synth_split_b,18405.38,9202.69,1257.0,one_to_many,0.95,supervised_flow_pair,Celer,semi_synthetic_split,1,9202.69,9202.69,
eth_flow_7beae1c3891246__r7fam23__inst00__synth_merge_src1,bnb_flow_9d41582685d042__synth_merge_dst,9202.69,18405.38,1257.0,many_to_one,1.0,supervised_flow_pair,Celer,semi_synthetic_merge,,9202.69,9202.69,
eth_flow_7beae1c3891246__r7fam23__inst00__synth_merge_src2,bnb_flow_9d41582685d042__synth_merge_dst,9202.69,18405.38,1257.0,many_to_one,1.0,supervised_flow_pair,Celer,semi_synthetic_merge,,9202.69,9202.69,
eth_flow_7beae1c3891246__r7fam23__inst00__synth_unmatched_src,bnb_flow_9d41582685d042__synth_hidden_dst,18405.38,0,1257.0,one_to_one,0.2,supervised_flow_pair,Celer,semi_synthetic_unmatched,,,0,0
eth_flow_7beae1c3891246__r7fam23__inst00__synth_noise_src_0,bnb_flow_9d41582685d042__synth_noise_dst_0,18405.38,18345.81678482689,1317,one_to_one,0.2453,supervised_flow_pair,Celer,semi_synthetic_delay_noise,,,,
eth_flow_7beae1c3891246__r7fam23__inst00__synth_noise_src_1,bnb_flow_9d41582685d042__synth_noise_dst_1,18405.38,18345.81678482689,1377,one_to_one,0.2446,supervised_flow_pair,Celer,semi_synthetic_delay_noise,,,,
eth_flow_d9fb398c316548__r7fam23__inst01__synth_split_src,bnb_flow_81c19cf85a9c4a__synth_split_a,30991.64252846573,10330.547509488577,263.0,one_to_many,0.95,supervised_flow_pair,Celer,semi_synthetic_split,1,10330.547509488577,10330.547509488577,
eth_flow_d9fb398c316548__r7fam23__inst01__synth_split_src,bnb_flow_81c19cf85a9c4a__synth_split_b,30991.64252846573,10330.547509488577,263.0,one_to_many,0.95,supervised_flow_pair,Celer,semi_synthetic_split,1,10330.547509488577,10330.547509488577,
eth_flow_d9fb398c316548__r7fam23__inst01__synth_split_src,bnb_flow_81c19cf85a9c4a__synth_split_c,30991.64252846573,10330.547509488577,263.0,one_to_many,0.95,supervised_flow_pair,Celer,semi_synthetic_split,1,10330.547509488577,10330.547509488577,
eth_flow_d9fb398c316548__r7fam23__inst01__synth_merge_src1,bnb_flow_81c19cf85a9c4a__synth_merge_dst,15495.821264232865,30991.64252846573,263.0,many_to_one,1.0,supervised_flow_pair,Celer,semi_synthetic_merge,,15495.821264232865,15495.821264232865,
eth_flow_d9fb398c316548__r7fam23__inst01__synth_merge_src2,bnb_flow_81c19cf85a9c4a__synth_merge_dst,15495.821264232865,30991.64252846573,263.0,many_to_one,1.0,supervised_flow_pair,Celer,semi_synthetic_merge,,15495.821264232865,15495.821264232865,
eth_flow_d9fb398c316548__r7fam23__inst01__synth_unmatched_src,bnb_flow_81c19cf85a9c4a__synth_hidden_dst,30991.642528465734,0,263.0,one_to_one,0.2,supervised_flow_pair,Celer,semi_synthetic_unmatched,,,0,0
eth_flow_d9fb398c316548__r7fam23__inst01__synth_noise_src_0,bnb_flow_81c19cf85a9c4a__synth_noise_dst_0,30991.642528465734,30986.35870764568,323,one_to_one,0.2375,supervised_flow_pair,Celer,semi_synthetic_delay_noise,,,,
eth_flow_d9fb398c316548__r7fam23__inst01__synth_noise_src_1,bnb_flow_81c19cf85a9c4a__synth_noise_dst_1,30991.642528465734,30986.35870764568,383,one_to_one,0.2379,supervised_flow_pair,Celer,semi_synthetic_delay_noise,,,,
