bridge,seed,template_id,truth_side,representation_side
Celer,411,eth_flow_00161cd727324b__r7fam12__inst01,1,1
Celer,411,eth_flow_009618ebace54b__r7fam08__inst01,1,1
Celer,411,eth_flow_033eecbf9d3147__r7fam05__inst01,1,1
Celer,411,eth_flow_0547dd5de77a46__r7fam15__inst00,1,1
Celer,411,eth_flow_054c745cdc2d44__r7fam16__inst01,1,1
Celer,411,eth_flow_0572088b25d54f__r7fam00__inst00,1,1
Celer,411,eth_flow_0cf4dd01427345__r7fam17__inst00,1,1
Celer,411,eth_flow_1e9cb8b4d2c543__r7fam03__inst00,1,1
Celer,411,eth_flow_214404232c3349__r7fam04__inst00,1,1
Celer,411,eth_flow_219693e8af3249__r7fam18__inst01,1,1
Celer,411,eth_flow_23d54d032f2942__r7fam21__inst00,1,1
Celer,411,eth_flow_246d4aebaf7543__r7fam01__inst01,1,1
Celer,411,eth_flow_31cb52c9dcc94f__r7fam18__inst00,1,1
Celer,411,eth_flow_45822daf729e4c__r7fam08__inst00,1,1
Celer,411,eth_flow_4761deb832554c__r7fam09__inst00,1,1
Celer,411,eth_flow_49dbc9b90b084d__r7fam06__inst01,1,1
Celer,411,eth_flow_4acfee6b7d2445__r7fam19__inst00,1,1
Celer,411,eth_flow_4bd477eec1fb46__r7fam11__inst00,1,1
Celer,411,eth_flow_4e780074a04e45__r7fam10__inst00,1,1
Celer,411,eth_flow_4fa224ae2bf049__r7fam19__inst01,1,1
Celer,411,eth_flow_559215ca5a0e47__r7fam14__inst01,1,1
Celer,411,eth_flow_60c66d0fd0cf4d__r7fam05__inst00,1,1
Celer,411,eth_flow_61e08a498e1445__r7fam13__inst00,1,1
Celer,411,eth_flow_624fb63b191441__r7fam03__inst01,1,1
Celer,411,eth_flow_76f6d8fa401441__r7fam17__inst01,1,1
Celer,411,eth_flow_794022e8d11647__r7fam09__inst01,1,1
Celer,411,eth_flow_7b054ff7c30244__r7fam02__inst01,1,1
Celer,411,eth_flow_7beae1c3891246__r7fam23__inst00,1,1
Celer,411,eth_flow_86e8a4794a5e4b__r7fam21__inst01,1,1
Celer,411,eth_flow_95a1277d542b44__r7fam22__inst00,1,1
Celer,411,eth_flow_966b1ec76a2d4b__r7fam15__inst01,1,1
Celer,411,eth_flow_9cf93decbc9943__r7fam01__inst00,1,1
Celer,411,eth_flow_9e09ea3720004e__r7fam20__inst01,1,1
Celer,411,eth_flow_a25e995e05394e__r7fam06__inst00,1,1
Celer,411,eth_flow_abf16e3cc7024a__r7fam07__inst01,1,1
Celer,411,eth_flow_ae86098b33bb40__r7fam14__inst00,1,1
Celer,411,eth_flow_b4506cb8fd4143__r7fam11__inst01,1,1
Celer,411,eth_flow_b954fd68e20f42__r7fam04__inst01,1,1
Celer,411,eth_flow_b978a5cd4b634e__r7fam10__inst01,1,1
Celer,411,eth_flow_d620056ef75f49__r7fam02__inst00,1,1
Celer,411,eth_flow_d9fb398c316548__r7fam23__inst01,1,1
Celer,411,eth_flow_dcbe00a81dec43__r7fam00__inst01,1,1
Celer,411,eth_flow_ea3a0da30d3549__r7fam22__inst01,1,1
Celer,411,eth_flow_ec6140417fa04c__r7fam07__inst00,1,1
Celer,411,eth_flow_ef2642ee0c9840__r7fam12__inst00,1,1
Celer,411,eth_flow_fb4a55fbad5545__r7fam16__inst00,1,1
Celer,411,eth_flow_fbcd8d41470844__r7fam20__inst00,1,1
Celer,411,eth_flow_fc5fa07725af48__r7fam13__inst01,1,1
Celer,412,eth_flow_00902dc9165943__r7fam16__inst00,1,1
Celer,412,eth_flow_12316bf12c994c__r7fam02__inst00,1,1
Celer,412,eth_flow_1bab5df610504e__r7fam19__inst01,1,1
Celer,412,eth_flow_1c2f0f3b64354a__r7fam17__inst00,1,1
Celer,412,eth_flow_1dda96ff0afa4f__r7fam06__inst01,1,1
Celer,412,eth_flow_1ea96754f5da49__r7fam11__inst01,1,1
Celer,412,eth_flow_27c8808558ef44__r7fam07__inst01,1,1
Celer,412,eth_flow_2a2de6fc0e3a48__r7fam11__inst00,1,1
Celer,412,eth_flow_3fff6a8de49545__r7fam19__inst00,1,1
Celer,412,eth_flow_4290d1a54cab4f__r7fam21__inst01,1,1
Celer,412,eth_flow_4893286f7a894b__r7fam03__inst00,1,1
Celer,412,eth_flow_48fcaccbaaad4f__r7fam01__inst00,1,1
Celer,412,eth_flow_4db9c7a7974e43__r7fam18__inst00,1,1
Celer,412,eth_flow_4ff44ecb239345__r7fam15__inst01,1,1
Celer,412,eth_flow_5244d4967d8d44__r7fam18__inst01,1,1
Celer,412,eth_flow_53403079860c40__r7fam22__inst01,1,1
Celer,412,eth_flow_57209f4756e449__r7fam00__inst01,1,1
Celer,412,eth_flow_58d068ad53124a__r7fam07__inst00,1,1
Celer,412,eth_flow_58dddcedfb1e46__r7fam04__inst00,1,1
Celer,412,eth_flow_5ccbff282e7840__r7fam16__inst01,1,1
Celer,412,eth_flow_5f88efbe2f8340__r7fam22__inst00,1,1
Celer,412,eth_flow_64165fc7707a41__r7fam12__inst00,1,1
Celer,412,eth_flow_664b395af87544__r7fam13__inst00,1,1
Celer,412,eth_flow_670148c91ef340__r7fam15__inst00,1,1
Celer,412,eth_flow_674caecd189c45__r7fam01__inst01,1,1
Celer,412,eth_flow_6cbc50e29aba4c__r7fam20__inst00,1,1
Celer,412,eth_flow_721ca269d51141__r7fam20__inst01,1,1
Celer,412,eth_flow_76ba5b41ae144b__r7fam06__inst00,1,1
Celer,412,eth_flow_85ac8286865943__r7fam05__inst01,1,1
Celer,412,eth_flow_8617f7e4a1e341__r7fam05__inst00,1,1
Celer,412,eth_flow_88acaaea2c2648__r7fam09__inst01,1,1
Celer,412,eth_flow_927be6e341ef4a__r7fam09__inst00,1,1
Celer,412,eth_flow_962d0e4d976e40__r7fam10__inst01,1,1
Celer,412,eth_flow_97153f711f8442__r7fam14__inst01,1,1
Celer,412,eth_flow_a448dc921e8f4d__r7fam17__inst01,1,1
Celer,412,eth_flow_abeba70cc31a4b__r7fam23__inst00,1,1
Celer,412,eth_flow_b47ad810d5e94e__r7fam02__inst01,1,1
Celer,412,eth_flow_bdcde2e0486143__r7fam00__inst00,1,1
Celer,412,eth_flow_becf7e5761f94b__r7fam14__inst00,1,1
Celer,412,eth_flow_c515b84a1f8345__r7fam03__inst01,1,1
Celer,412,eth_flow_c955f059044d47__r7fam04__inst01,1,1
Celer,412,eth_flow_c97781f7529449__r7fam13__inst01,1,1
Celer,412,eth_flow_d6251b89dc1d49__r7fam12__inst01,1,1
Celer,412,eth_flow_dd4d8606848e4e__r7fam10__inst00,1,1
Celer,412,eth_flow_ebb956da9bef4c__r7fam23__inst01,1,1
Celer,412,eth_flow_ecc04bb5ba2343__r7fam08__inst00,1,1
Celer,412,eth_flow_f2eccc861fe64d__r7fam21__inst00,1,1
Celer,412,eth_flow_f43f64618b794f__r7fam08__inst01,1,1
Celer,413,eth_flow_1b9f0c2564ca4d__r7fam04__inst01,1,1
Celer,413,eth_flow_1bd737892e9c42__r7fam06__inst00,1,1
Celer,413,eth_flow_20e4603e245545__r7fam20__inst01,1,1
Celer,413,eth_flow_20fe6e88c55740__r7fam17__inst00,1,1
Celer,413,eth_flow_2258ed735a2c41__r7fam07__inst01,1,1
Celer,413,eth_flow_2635cd99864f4f__r7fam21__inst01,1,1
Celer,413,eth_flow_292830487a2a47__r7fam18__inst00,1,1
Celer,413,eth_flow_2e9d9761d2ec4b__r7fam10__inst00,1,1
Celer,413,eth_flow_3006d955ae4842__r7fam09__inst01,1,1
Celer,413,eth_flow_32a0c06c64294c__r7fam14__inst00,1,1
Celer,413,eth_flow_35b297df13e14e__r7fam16__inst00,1,1
Celer,413,eth_flow_36ae96cc71134e__r7fam15__inst01,1,1
Celer,413,eth_flow_3ee8d51ff1c14e__r7fam06__inst01,1,1
Celer,413,eth_flow_4177c67ad5864b__r7fam11__inst00,1,1
Celer,413,eth_flow_44a4f67516ad47__r7fam05__inst00,1,1
Celer,413,eth_flow_44d5d5927f724e__r7fam11__inst01,1,1
Celer,413,eth_flow_4c507d60b66b45__r7fam14__inst01,1,1
Celer,413,eth_flow_4cc844cb430549__r7fam08__inst01,1,1
Celer,413,eth_flow_5ba63049fe6244__r7fam19__inst01,1,1
Celer,413,eth_flow_6d12a719b2da40__r7fam10__inst01,1,1
Celer,413,eth_flow_6e19f233511649__r7fam03__inst01,1,1
Celer,413,eth_flow_73803f29bda14a__r7fam23__inst00,1,1
Celer,413,eth_flow_7b692036387f48__r7fam22__inst00,1,1
Celer,413,eth_flow_86430808228749__r7fam16__inst01,1,1
Celer,413,eth_flow_86f3919a073042__r7fam01__inst00,1,1
Celer,413,eth_flow_9aa62594845d44__r7fam21__inst00,1,1
Celer,413,eth_flow_a0abd6d0af4241__r7fam23__inst01,1,1
Celer,413,eth_flow_a1f71590a6fc45__r7fam03__inst00,1,1
Celer,413,eth_flow_a9ac3b376bfc44__r7fam19__inst00,1,1
Celer,413,eth_flow_ae0ac6210eab4c__r7fam08__inst00,1,1
Celer,413,eth_flow_ae1c3c2f2b6447__r7fam04__inst00,1,1
Celer,413,eth_flow_b9f1beb284cb49__r7fam12__inst00,1,1
Celer,413,eth_flow_bad8c64a952040__r7fam01__inst01,1,1
Celer,413,eth_flow_c3144a68e43a47__r7fam02__inst00,1,1
Celer,413,eth_flow_d1c00a8bd20443__r7fam00__inst00,1,1
Celer,413,eth_flow_d4cb4bfbbe0541__r7fam15__inst00,1,1
Celer,413,eth_flow_d992e003098442__r7fam13__inst00,1,1
Celer,413,eth_flow_dc67db0d1bf444__r7fam09__inst00,1,1
Celer,413,eth_flow_dd477abcf9d74a__r7fam17__inst01,1,1
Celer,413,eth_flow_e2584ad93a0c42__r7fam20__inst00,1,1
Celer,413,eth_flow_e3c65de37bd94a__r7fam00__inst01,1,1
Celer,413,eth_flow_ec7d49320f504b__r7fam22__inst01,1,1
Celer,413,eth_flow_ecfa5cd33b1f48__r7fam07__inst00,1,1
Celer,413,eth_flow_efcacc96435140__r7fam13__inst01,1,1
Celer,413,eth_flow_f0ff5b9460b24d__r7fam12__inst01,1,1
Celer,413,eth_flow_f294128be8784f__r7fam18__inst01,1,1
Celer,413,eth_flow_fbac4d0905e04a__r7fam05__inst01,1,1
Celer,413,eth_flow_ff1014e6148b43__r7fam02__inst01,1,1
Celer,414,eth_flow_055c11bff68b40__r7fam00__inst00,1,1
Celer,414,eth_flow_0a520f59f8b04a__r7fam20__inst00,1,1
Celer,414,eth_flow_0ed5d33ea2e642__r7fam13__inst01,1,1
Celer,414,eth_flow_17034316f11a4b__r7fam15__inst01,1,1
Celer,414,eth_flow_227b4d019af749__r7fam16__inst01,1,1
Celer,414,eth_flow_2a0a8bfe6b7e46__r7fam12__inst01,1,1
Celer,414,eth_flow_2b6527d929f64a__r7fam23__inst00,1,1
Celer,414,eth_flow_3b1dbe9d185941__r7fam10__inst00,1,1
Celer,414,eth_flow_3e301acfdbe64e__r7fam04__inst01,1,1
Celer,414,eth_flow_3e7572f9e27849__r7fam04__inst00,1,1
Celer,414,eth_flow_3e82de28b2784e__r7fam23__inst01,1,1
Celer,414,eth_flow_43ea4e1eee4745__r7fam03__inst00,1,1
Celer,414,eth_flow_49ba2d7f8d164b__r7fam13__inst00,1,1
Celer,414,eth_flow_4aa3319ea77842__r7fam18__inst01,1,1
Celer,414,eth_flow_5719736ab77340__r7fam12__inst00,1,1
Celer,414,eth_flow_599a2d7ac63747__r7fam18__inst00,1,1
Celer,414,eth_flow_602c1daf245a4f__r7fam02__inst00,1,1
Celer,414,eth_flow_6509a009e9954c__r7fam06__inst00,1,1
Celer,414,eth_flow_6885460ea6734b__r7fam20__inst01,1,1
Celer,414,eth_flow_688fff15e8e443__r7fam07__inst01,1,1
Celer,414,eth_flow_77ad938fd8a740__r7fam11__inst00,1,1
Celer,414,eth_flow_7aed2569fac542__r7fam08__inst00,1,1
Celer,414,eth_flow_7b5bf17b1df44b__r7fam19__inst01,1,1
Celer,414,eth_flow_7ecd2b8d997f4c__r7fam16__inst00,1,1
Celer,414,eth_flow_7f54aa6d02ff4a__r7fam14__inst01,1,1
Celer,414,eth_flow_8449afd6d1c94a__r7fam10__inst01,1,1
Celer,414,eth_flow_85c6d5fa6c8c43__r7fam05__inst01,1,1
Celer,414,eth_flow_8b18bab6992d49__r7fam00__inst01,1,1
Celer,414,eth_flow_8ef492a3815d4b__r7fam14__inst00,1,1
Celer,414,eth_flow_8f1b05d2d69545__r7fam03__inst01,1,1
Celer,414,eth_flow_94ae216a661040__r7fam05__inst00,1,1
Celer,414,eth_flow_963029d73e6a49__r7fam21__inst01,1,1
Celer,414,eth_flow_96eeb1ebc4784e__r7fam11__inst01,1,1
Celer,414,eth_flow_9e72022152194d__r7fam06__inst01,1,1
Celer,414,eth_flow_9f2e9ab22c3847__r7fam15__inst00,1,1
Celer,414,eth_flow_ac1c7cf38bb94e__r7fam08__inst01,1,1
Celer,414,eth_flow_b5bb49db2f324c__r7fam17__inst01,1,1
Celer,414,eth_flow_d01608ad4b5b4a__r7fam17__inst00,1,1
Celer,414,eth_flow_d6f6a8a1e85641__r7fam01__inst00,1,1
Celer,414,eth_flow_d863aa5e5aae4c__r7fam07__inst00,1,1
Celer,414,eth_flow_de7ae2d1c0cd4b__r7fam02__inst01,1,1
Celer,414,eth_flow_e173b4077dff46__r7fam19__inst00,1,1
Celer,414,eth_flow_ea3a0da30d3549__r7fam22__inst01,1,1
Celer,414,eth_flow_eae92061902e4a__r7fam22__inst00,1,1
Celer,414,eth_flow_f1201dbd944840__r7fam01__inst01,1,1
Celer,414,eth_flow_f4d043541f1548__r7fam09__inst01,1,1
Celer,414,eth_flow_f7848a63a23646__r7fam09__inst00,1,1
Celer,414,eth_flow_f9272f26dcd04f__r7fam21__inst00,1,1
Celer,415,eth_flow_01e48705606942__r7fam00__inst00,1,1
Celer,415,eth_flow_04c6e351b2ca47__r7fam12__inst01,1,1
Celer,415,eth_flow_07caa2710bec4a__r7fam06__inst00,1,1
Celer,415,eth_flow_1588148019174f__r7fam23__inst00,1,1
Celer,415,eth_flow_1d0873480aad4a__r7fam05__inst00,1,1
Celer,415,eth_flow_1f9dedfc829d4f__r7fam04__inst01,1,1
Celer,415,eth_flow_28f0b84621ac46__r7fam13__inst00,1,1
Celer,415,eth_flow_2f206355aaea43__r7fam06__inst01,1,1
Celer,415,eth_flow_358d478069d945__r7fam04__inst00,1,1
Celer,415,eth_flow_37d75efd5f9f44__r7fam10__inst01,1,1
Celer,415,eth_flow_4e127cbb55e04c__r7fam09__inst01,1,1
Celer,415,eth_flow_4e50beef0cd749__r7fam21__inst00,1,1
Celer,415,eth_flow_4f475c3f020d4b__r7fam10__inst00,1,1
Celer,415,eth_flow_52b6b2ca133d4f__r7fam09__inst00,1,1
Celer,415,eth_flow_561eb0573d5047__r7fam02__inst00,1,1
Celer,415,eth_flow_58e46d4d94ff4b__r7fam15__inst00,1,1
Celer,415,eth_flow_5db6976e9e5c41__r7fam18__inst01,1,1
Celer,415,eth_flow_5f517c41176241__r7fam08__inst01,1,1
Celer,415,eth_flow_62a740efd18b4e__r7fam17__inst00,1,1
Celer,415,eth_flow_63c2fd6a03ab48__r7fam03__inst01,1,1
Celer,415,eth_flow_6643ff5b4dfa4c__r7fam15__inst01,1,1
Celer,415,eth_flow_66c2efb1ed7841__r7fam14__inst01,1,1
Celer,415,eth_flow_6971b0e2a6fd43__r7fam16__inst00,1,1
Celer,415,eth_flow_6d0a06f9cab04b__r7fam19__inst01,1,1
Celer,415,eth_flow_78e761c6e4ea46__r7fam07__inst01,1,1
Celer,415,eth_flow_79d5606782cc4b__r7fam22__inst01,1,1
Celer,415,eth_flow_7a593f14f3454d__r7fam20__inst00,1,1
Celer,415,eth_flow_84eb4a01f48146__r7fam14__inst00,1,1
Celer,415,eth_flow_8533725a2ff148__r7fam19__inst00,1,1
Celer,415,eth_flow_945d764af1ee46__r7fam02__inst01,1,1
Celer,415,eth_flow_9b7f54e98dae48__r7fam01__inst01,1,1
Celer,415,eth_flow_9d7db6cce43e42__r7fam03__inst00,1,1
Celer,415,eth_flow_9ddc6740afc843__r7fam11__inst01,1,1
Celer,415,eth_flow_a4a80679601147__r7fam21__inst01,1,1
Celer,415,eth_flow_a8215ccddcb644__r7fam20__inst01,1,1
Celer,415,eth_flow_b01abec2dd1b4f__r7fam17__inst01,1,1
Celer,415,eth_flow_b0a4d1a76c1f45__r7fam05__inst01,1,1
Celer,415,eth_flow_bc0dae0eaa9045__r7fam08__inst00,1,1
Celer,415,eth_flow_ccaf1ae9f76040__r7fam11__inst00,1,1
Celer,415,eth_flow_d0b401427d8b41__r7fam18__inst00,1,1
Celer,415,eth_flow_d72f67727efa49__r7fam12__inst00,1,1
Celer,415,eth_flow_db6bf960b0b342__r7fam00__inst01,1,1
Celer,415,eth_flow_ddf60dca90a64d__r7fam07__inst00,1,1
Celer,415,eth_flow_ec309ca2e8a345__r7fam13__inst01,1,1
Celer,415,eth_flow_efa91de4dfd74b__r7fam16__inst01,1,1
Celer,415,eth_flow_f1201dbd944840__r7fam01__inst00,1,1
Celer,415,eth_flow_f22fae0c8eab42__r7fam22__inst00,1,1
Celer,415,eth_flow_fd8301a1b6d243__r7fam23__inst01,1,1
Celer,416,eth_flow_0567341442c94c__r7fam11__inst01,1,1
Celer,416,eth_flow_05e1797783664c__r7fam15__inst00,1,1
Celer,416,eth_flow_0d8c751dfc1341__r7fam10__inst01,1,1
Celer,416,eth_flow_0e650cd9209344__r7fam04__inst00,1,1
Celer,416,eth_flow_0e8754e4e2664f__r7fam01__inst01,1,1
Celer,416,eth_flow_0fd48a4bf50b44__r7fam05__inst00,1,1
Celer,416,eth_flow_1080053d73934f__r7fam02__inst00,1,1
Celer,416,eth_flow_164fbed2c74e4b__r7fam07__inst01,1,1
Celer,416,eth_flow_1d4ae101aa1c49__r7fam17__inst00,1,1
Celer,416,eth_flow_1ecf467d72d24e__r7fam18__inst01,1,1
Celer,416,eth_flow_2b6527d929f64a__r7fam23__inst01,1,1
Celer,416,eth_flow_2f96ecf6fb8f4e__r7fam16__inst00,1,1
Celer,416,eth_flow_36d35cf317b844__r7fam01__inst00,1,1
Celer,416,eth_flow_3aec5cb32dd640__r7fam12__inst01,1,1
Celer,416,eth_flow_3c4f35ac164f4f__r7fam08__inst01,1,1
Celer,416,eth_flow_3e2af43297f343__r7fam02__inst01,1,1
Celer,416,eth_flow_4489660c4f604e__r7fam13__inst01,1,1
Celer,416,eth_flow_4556e983917d46__r7fam11__inst00,1,1
Celer,416,eth_flow_477b992b3bd14f__r7fam23__inst00,1,1
Celer,416,eth_flow_52488b584aff49__r7fam14__inst01,1,1
Celer,416,eth_flow_56012c32041a4d__r7fam21__inst01,1,1
Celer,416,eth_flow_584c266130544e__r7fam07__inst00,1,1
Celer,416,eth_flow_5ca10ffddfed4b__r7fam03__inst00,1,1
Celer,416,eth_flow_6a017b95e8694f__r7fam09__inst01,1,1
Celer,416,eth_flow_6e14a57631304e__r7fam10__inst00,1,1
Celer,416,eth_flow_75a99b6e7d3840__r7fam22__inst01,1,1
Celer,416,eth_flow_793601b03d214e__r7fam06__inst00,1,1
Celer,416,eth_flow_7a3733456d3944__r7fam16__inst01,1,1
Celer,416,eth_flow_7a593f14f3454d__r7fam20__inst01,1,1
Celer,416,eth_flow_7fa0c3bf29fb49__r7fam03__inst01,1,1
Celer,416,eth_flow_8533725a2ff148__r7fam19__inst00,1,1
Celer,416,eth_flow_85ac8286865943__r7fam05__inst01,1,1
Celer,416,eth_flow_8b94e39738734b__r7fam18__inst00,1,1
Celer,416,eth_flow_8be640407a844a__r7fam13__inst00,1,1
Celer,416,eth_flow_8c4362f60ae948__r7fam06__inst01,1,1
Celer,416,eth_flow_989363af0d734b__r7fam17__inst01,1,1
Celer,416,eth_flow_b152641714e543__r7fam15__inst01,1,1
Celer,416,eth_flow_b2a149686b914d__r7fam00__inst00,1,1
Celer,416,eth_flow_b6f4438707024a__r7fam19__inst01,1,1
Celer,416,eth_flow_bf2ac9054f3041__r7fam14__inst00,1,1
Celer,416,eth_flow_c3fb2f7ec4d642__r7fam00__inst01,1,1
Celer,416,eth_flow_ccf7844c3dfb4d__r7fam20__inst00,1,1
Celer,416,eth_flow_cdcbe1b021f746__r7fam04__inst01,1,1
Celer,416,eth_flow_dc4a3844d0b34f__r7fam22__inst00,1,1
Celer,416,eth_flow_e704c48730194a__r7fam12__inst00,1,1
Celer,416,eth_flow_eefc6588da1246__r7fam09__inst00,1,1
Celer,416,eth_flow_f1f4055eee8648__r7fam21__inst00,1,1
Celer,416,eth_flow_fd4a2c03887348__r7fam08__inst00,1,1
Celer,417,eth_flow_0376413a558843__r7fam03__inst01,1,1
Celer,417,eth_flow_054c745cdc2d44__r7fam16__inst00,1,1
Celer,417,eth_flow_13e15c66910543__r7fam12__inst00,1,1
Celer,417,eth_flow_149326182a314d__r7fam20__inst01,1,1
Celer,417,eth_flow_1706ad15a8884f__r7fam07__inst00,1,1
Celer,417,eth_flow_1839ab78796b4a__r7fam09__inst01,1,1
Celer,417,eth_flow_1e116a36fb1b40__r7fam02__inst00,1,1
Celer,417,eth_flow_1f9dedfc829d4f__r7fam04__inst00,1,1
Celer,417,eth_flow_209b7fe31cda47__r7fam11__inst00,1,1
Celer,417,eth_flow_2d548288144f46__r7fam00__inst00,1,1
Celer,417,eth_flow_395d236937a54a__r7fam08__inst00,1,1
Celer,417,eth_flow_3a874eda391e42__r7fam08__inst01,1,1
Celer,417,eth_flow_3c2c3b9887b443__r7fam21__inst00,1,1
Celer,417,eth_flow_3d083683848145__r7fam14__inst01,1,1
Celer,417,eth_flow_41432321361342__r7fam01__inst00,1,1
Celer,417,eth_flow_431646cc58cc44__r7fam02__inst01,1,1
Celer,417,eth_flow_44e29fb341c44e__r7fam07__inst01,1,1
Celer,417,eth_flow_46cfba9168d54e__r7fam04__inst01,1,1
Celer,417,eth_flow_506b58caa8d74d__r7fam15__inst01,1,1
Celer,417,eth_flow_5b32cabe8cc743__r7fam01__inst01,1,1
Celer,417,eth_flow_5df29215b8b94c__r7fam18__inst01,1,1
Celer,417,eth_flow_5f6624cedb8c47__r7fam13__inst01,1,1
Celer,417,eth_flow_6a4c40a779ef45__r7fam21__inst01,1,1
Celer,417,eth_flow_717790da9e5f46__r7fam14__inst00,1,1
Celer,417,eth_flow_7c8585836b8548__r7fam13__inst00,1,1
Celer,417,eth_flow_7fa0c3bf29fb49__r7fam03__inst00,1,1
Celer,417,eth_flow_86a1b58e59fe41__r7fam19__inst01,1,1
Celer,417,eth_flow_875335bcec1647__r7fam10__inst00,1,1
Celer,417,eth_flow_8992040c7c2345__r7fam18__inst00,1,1
Celer,417,eth_flow_989363af0d734b__r7fam17__inst01,1,1
Celer,417,eth_flow_9a75635d17ad45__r7fam15__inst00,1,1
Celer,417,eth_flow_9f2f40971fb94b__r7fam06__inst00,1,1
Celer,417,eth_flow_a8a9d62d9d464a__r7fam12__inst01,1,1
Celer,417,eth_flow_b0a4d1a76c1f45__r7fam05__inst00,1,1
Celer,417,eth_flow_b2dbc5acde0442__r7fam20__inst00,1,1
Celer,417,eth_flow_b2fe5e76cd724a__r7fam10__inst01,1,1
Celer,417,eth_flow_b4e0bf5fa5024b__r7fam06__inst01,1,1
Celer,417,eth_flow_b5bb49db2f324c__r7fam17__inst00,1,1
Celer,417,eth_flow_c13065e767594c__r7fam22__inst00,1,1
Celer,417,eth_flow_c32fbdddc0c74f__r7fam05__inst01,1,1
Celer,417,eth_flow_c96916a069e941__r7fam19__inst00,1,1
Celer,417,eth_flow_d9d4edd8ec8046__r7fam09__inst00,1,1
Celer,417,eth_flow_dba2566145d44b__r7fam23__inst00,1,1
Celer,417,eth_flow_de9689226f3841__r7fam00__inst01,1,1
Celer,417,eth_flow_e3f363d8c8b344__r7fam22__inst01,1,1
Celer,417,eth_flow_e7635cb7d2e64d__r7fam16__inst01,1,1
Celer,417,eth_flow_ef57bf0dad344e__r7fam23__inst01,1,1
Celer,417,eth_flow_f54db09fb08c45__r7fam11__inst01,1,1
Celer,418,eth_flow_0094d71bf3a440__r7fam18__inst00,1,1
Celer,418,eth_flow_00b34dc613934a__r7fam13__inst01,1,1
Celer,418,eth_flow_00e485aaa9354e__r7fam15__inst00,1,1
Celer,418,eth_flow_04003f6c02ab4b__r7fam14__inst00,1,1
Celer,418,eth_flow_055677152cb04e__r7fam22__inst01,1,1
Celer,418,eth_flow_073128b6c38e4d__r7fam10__inst01,1,1
Celer,418,eth_flow_11fa6650b3d145__r7fam23__inst00,1,1
Celer,418,eth_flow_2557a3efac2c49__r7fam16__inst00,1,1
Celer,418,eth_flow_2731a4e0113545__r7fam19__inst01,1,1
Celer,418,eth_flow_275620d1fcf146__r7fam04__inst01,1,1
Celer,418,eth_flow_27c8808558ef44__r7fam07__inst01,1,1
Celer,418,eth_flow_28cbe2b10a204e__r7fam10__inst00,1,1
Celer,418,eth_flow_2be21058db5b4f__r7fam06__inst01,1,1
Celer,418,eth_flow_2da8cce037df4b__r7fam09__inst00,1,1
Celer,418,eth_flow_352e3d706b904f__r7fam04__inst00,1,1
Celer,418,eth_flow_358b31834f8943__r7fam05__inst01,1,1
Celer,418,eth_flow_3ab4a92e1d5e43__r7fam12__inst01,1,1
Celer,418,eth_flow_457af90c651249__r7fam07__inst00,1,1
Celer,418,eth_flow_49d71ff4260849__r7fam22__inst00,1,1
Celer,418,eth_flow_4b744ae517aa49__r7fam20__inst00,1,1
Celer,418,eth_flow_5011aa66108247__r7fam06__inst00,1,1
Celer,418,eth_flow_5027cbaa3a8549__r7fam23__inst01,1,1
Celer,418,eth_flow_511aa3c428f04c__r7fam17__inst01,1,1
Celer,418,eth_flow_5ad75b6e10cb44__r7fam03__inst01,1,1
Celer,418,eth_flow_7a2bee53289941__r7fam18__inst01,1,1
Celer,418,eth_flow_8285580224e343__r7fam16__inst01,1,1
Celer,418,eth_flow_85606d8cc2ad4d__r7fam00__inst01,1,1
Celer,418,eth_flow_89f64f48757049__r7fam01__inst01,1,1
Celer,418,eth_flow_908c9fde112749__r7fam02__inst00,1,1
Celer,418,eth_flow_a2e3aca60cc241__r7fam08__inst00,1,1
Celer,418,eth_flow_a80dbce45d7146__r7fam13__inst00,1,1
Celer,418,eth_flow_ab8101ba2a2042__r7fam08__inst01,1,1
Celer,418,eth_flow_aecb0d965a614e__r7fam15__inst01,1,1
Celer,418,eth_flow_af44ce568fd04a__r7fam17__inst00,1,1
Celer,418,eth_flow_c37f893580bd43__r7fam11__inst00,1,1
Celer,418,eth_flow_c4acdc4940c043__r7fam02__inst01,1,1
Celer,418,eth_flow_ce3d5524dab947__r7fam01__inst00,1,1
Celer,418,eth_flow_cf527744255e4c__r7fam21__inst01,1,1
Celer,418,eth_flow_d5d89623637e44__r7fam03__inst00,1,1
Celer,418,eth_flow_ddbdc0fa2f8440__r7fam19__inst00,1,1
Celer,418,eth_flow_dfa16e75620949__r7fam09__inst01,1,1
Celer,418,eth_flow_dfa590b562c247__r7fam21__inst00,1,1
Celer,418,eth_flow_e203c69be68547__r7fam11__inst01,1,1
Celer,418,eth_flow_e55ad3097ab24c__r7fam00__inst00,1,1
Celer,418,eth_flow_eba2575f7aa348__r7fam05__inst00,1,1
Celer,418,eth_flow_ed0faf34303649__r7fam14__inst01,1,1
Celer,418,eth_flow_f37b109153cf42__r7fam20__inst01,1,1
Celer,418,eth_flow_f66f2b82d8034c__r7fam12__inst00,1,1
Celer,419,eth_flow_0b8592c8b57f40__r7fam20__inst01,1,1
Celer,419,eth_flow_0d14a8a2073e4c__r7fam04__inst01,1,1
Celer,419,eth_flow_107a49d9fd8d4d__r7fam13__inst01,1,1
Celer,419,eth_flow_1761dee2f84c4e__r7fam20__inst00,1,1
Celer,419,eth_flow_1b3c921630144c__r7fam03__inst00,1,1
Celer,419,eth_flow_1e9cb8b4d2c543__r7fam03__inst01,1,1
Celer,419,eth_flow_241eed3fae3240__r7fam18__inst01,1,1
Celer,419,eth_flow_383e7a45e01e4e__r7fam17__inst00,1,1
Celer,419,eth_flow_3aec5cb32dd640__r7fam12__inst01,1,1
Celer,419,eth_flow_420aaf244e7749__r7fam00__inst00,1,1
Celer,419,eth_flow_4415eb923f704f__r7fam10__inst00,1,1
Celer,419,eth_flow_47ef3e64e52c44__r7fam19__inst01,1,1
Celer,419,eth_flow_49b23c182e1e4b__r7fam02__inst00,1,1
Celer,419,eth_flow_517425d5c12040__r7fam00__inst01,1,1
Celer,419,eth_flow_57f55d9e68a54b__r7fam10__inst01,1,1
Celer,419,eth_flow_5b9bfcd589ef4d__r7fam21__inst01,1,1
Celer,419,eth_flow_7bff265b17e048__r7fam23__inst01,1,1
Celer,419,eth_flow_7ca0196f77c144__r7fam18__inst00,1,1
Celer,419,eth_flow_829f42bc5fc041__r7fam15__inst00,1,1
Celer,419,eth_flow_82f5b08b599d45__r7fam11__inst00,1,1
Celer,419,eth_flow_938393c499754f__r7fam22__inst01,1,1
Celer,419,eth_flow_9856bdcf1b7a43__r7fam06__inst01,1,1
Celer,419,eth_flow_98fd1569ae4247__r7fam12__inst00,1,1
Celer,419,eth_flow_9dad5b1675b74e__r7fam05__inst00,1,1
Celer,419,eth_flow_a3c8a388ac4342__r7fam13__inst00,1,1
Celer,419,eth_flow_a768c58bdcb74e__r7fam09__inst00,1,1
Celer,419,eth_flow_aabaca0c95614b__r7fam05__inst01,1,1
Celer,419,eth_flow_af2adebd8eb143__r7fam15__inst01,1,1
Celer,419,eth_flow_af4cfbdb6c4d49__r7fam19__inst00,1,1
Celer,419,eth_flow_b1bb3a75577143__r7fam04__inst00,1,1
Celer,419,eth_flow_b3ebf7629d1c4b__r7fam08__inst00,1,1
Celer,419,eth_flow_c31bcacc1a774b__r7fam21__inst00,1,1
Celer,419,eth_flow_c49df9c438384d__r7fam14__inst01,1,1
Celer,419,eth_flow_cea3fc9b21654f__r7fam23__inst00,1,1
Celer,419,eth_flow_d342b094b15949__r7fam22__inst00,1,1
Celer,419,eth_flow_d7bfa7587fcf47__r7fam01__inst00,1,1
Celer,419,eth_flow_d863aa5e5aae4c__r7fam07__inst01,1,1
Celer,419,eth_flow_ddf60dca90a64d__r7fam07__inst00,1,1
Celer,419,eth_flow_e23ca8bf97f047__r7fam17__inst01,1,1
Celer,419,eth_flow_edd8bb6d46fd4c__r7fam02__inst01,1,1
Celer,419,eth_flow_f0dd72e488f249__r7fam16__inst00,1,1
Celer,419,eth_flow_f47228df7eb24e__r7fam01__inst01,1,1
Celer,419,eth_flow_f55718aec34f48__r7fam09__inst01,1,1
Celer,419,eth_flow_fb03afe7601f43__r7fam08__inst01,1,1
Celer,419,eth_flow_fd6d69b3727b40__r7fam11__inst01,1,1
Celer,419,eth_flow_fd8df60df8854c__r7fam14__inst00,1,1
Celer,419,eth_flow_fdc4498f595043__r7fam06__inst00,1,1
Celer,419,eth_flow_ff94e6eaeaea43__r7fam16__inst01,1,1
Celer,420,eth_flow_02d219031e534d__r7fam21__inst00,1,1
Celer,420,eth_flow_0ea338a9984443__r7fam20__inst01,1,1
Celer,420,eth_flow_1acfec42dbdc44__r7fam08__inst00,1,1
Celer,420,eth_flow_1d3f508d940747__r7fam15__inst01,1,1
Celer,420,eth_flow_20429c90c40c41__r7fam14__inst00,1,1
Celer,420,eth_flow_261cc391239748__r7fam07__inst01,1,1
Celer,420,eth_flow_31d31acd47054e__r7fam22__inst00,1,1
Celer,420,eth_flow_47292232b1e846__r7fam18__inst01,1,1
Celer,420,eth_flow_47ef3e64e52c44__r7fam19__inst00,1,1
Celer,420,eth_flow_5a0cfc0fa3da46__r7fam23__inst00,1,1
Celer,420,eth_flow_5b7ba8648cbb42__r7fam16__inst01,1,1
Celer,420,eth_flow_5be5f5c1622849__r7fam13__inst01,1,1
Celer,420,eth_flow_5e46119813894d__r7fam12__inst00,1,1
Celer,420,eth_flow_6523c251aa7749__r7fam17__inst01,1,1
Celer,420,eth_flow_674d476cd6fe46__r7fam00__inst01,1,1
Celer,420,eth_flow_6a017b95e8694f__r7fam09__inst01,1,1
Celer,420,eth_flow_6cbc50e29aba4c__r7fam20__inst00,1,1
Celer,420,eth_flow_6e3bf5b755b245__r7fam03__inst01,1,1
Celer,420,eth_flow_71154ae9976a4e__r7fam02__inst00,1,1
Celer,420,eth_flow_76a262ee772f41__r7fam15__inst00,1,1
Celer,420,eth_flow_7e5abc850f0c49__r7fam12__inst01,1,1
Celer,420,eth_flow_7eab44be34064e__r7fam19__inst01,1,1
Celer,420,eth_flow_8052b0099efd46__r7fam06__inst01,1,1
Celer,420,eth_flow_81dd1cf8cad74c__r7fam04__inst00,1,1
Celer,420,eth_flow_85e5fc43e02846__r7fam05__inst01,1,1
Celer,420,eth_flow_8767da9abafd42__r7fam10__inst01,1,1
Celer,420,eth_flow_8ef492a3815d4b__r7fam14__inst01,1,1
Celer,420,eth_flow_927be6e341ef4a__r7fam09__inst00,1,1
Celer,420,eth_flow_970c43df216d48__r7fam00__inst00,1,1
Celer,420,eth_flow_a854890db5684e__r7fam04__inst01,1,1
Celer,420,eth_flow_ace88765df8a4d__r7fam13__inst00,1,1
Celer,420,eth_flow_b0aac4c80e0e49__r7fam01__inst00,1,1
Celer,420,eth_flow_b2cc3656da614d__r7fam05__inst00,1,1
Celer,420,eth_flow_be1a4c34430b42__r7fam18__inst00,1,1
Celer,420,eth_flow_c33ec5fb04d64c__r7fam10__inst00,1,1
Celer,420,eth_flow_c9dd2722251042__r7fam01__inst01,1,1
Celer,420,eth_flow_cbe492181e7043__r7fam06__inst00,1,1
Celer,420,eth_flow_ccaf1ae9f76040__r7fam11__inst00,1,1
Celer,420,eth_flow_dd1287ebc5434f__r7fam23__inst01,1,1
Celer,420,eth_flow_de7ae2d1c0cd4b__r7fam02__inst01,1,1
Celer,420,eth_flow_e337d3e4a44e42__r7fam03__inst00,1,1
Celer,420,eth_flow_ea400be104ff43__r7fam22__inst01,1,1
Celer,420,eth_flow_ec04e962a70a43__r7fam07__inst00,1,1
Celer,420,eth_flow_f4680b624a6649__r7fam17__inst00,1,1
Celer,420,eth_flow_f607c87173ac43__r7fam21__inst01,1,1
Celer,420,eth_flow_f786b95d6aa547__r7fam11__inst01,1,1
Celer,420,eth_flow_f95d69154d5f42__r7fam16__inst00,1,1
Celer,420,eth_flow_fc8851d7de9a47__r7fam08__inst01,1,1
Multi,411,eth_flow_0x027d9172fe57__r7fam16__inst01,1,1
Multi,411,eth_flow_0x06a9a45ad0c1__r7fam22__inst01,1,1
Multi,411,eth_flow_0x0e3f3f20ac24__r7fam06__inst01,1,1
Multi,411,eth_flow_0x1376745cd745__r7fam20__inst00,1,1
Multi,411,eth_flow_0x14066de6912a__r7fam11__inst01,1,1
Multi,411,eth_flow_0x175f994dd2b4__r7fam17__inst00,1,1
Multi,411,eth_flow_0x2d72c036135b__r7fam18__inst01,1,1
Multi,411,eth_flow_0x3013e2b84772__r7fam21__inst00,1,1
Multi,411,eth_flow_0x307c0cde436f__r7fam10__inst00,1,1
Multi,411,eth_flow_0x3881f5ac17cc__r7fam11__inst00,1,1
Multi,411,eth_flow_0x4100c2879849__r7fam07__inst00,1,1
Multi,411,eth_flow_0x43ddb0f024c3__r7fam03__inst00,1,1
Multi,411,eth_flow_0x4555473040ff__r7fam02__inst00,1,1
Multi,411,eth_flow_0x493415d73aeb__r7fam23__inst01,1,1
Multi,411,eth_flow_0x4a5f8c94ebc9__r7fam02__inst01,1,1
Multi,411,eth_flow_0x5152d86ea722__r7fam20__inst01,1,1
Multi,411,eth_flow_0x51edb032c745__r7fam19__inst01,1,1
Multi,411,eth_flow_0x568b615440f2__r7fam23__inst00,1,1
Multi,411,eth_flow_0x5f4dc970b564__r7fam15__inst01,1,1
Multi,411,eth_flow_0x68834585822a__r7fam16__inst00,1,1
Multi,411,eth_flow_0x6d501054e9d8__r7fam21__inst01,1,1
Multi,411,eth_flow_0x77725be0bcfe__r7fam14__inst01,1,1
Multi,411,eth_flow_0x787f5402189a__r7fam14__inst00,1,1
Multi,411,eth_flow_0x7b9ff16dbc46__r7fam07__inst01,1,1
Multi,411,eth_flow_0x7d415a15bf54__r7fam13__inst01,1,1
Multi,411,eth_flow_0x7dec5f1c648b__r7fam18__inst00,1,1
Multi,411,eth_flow_0x7e0fc37efe6c__r7fam00__inst01,1,1
Multi,411,eth_flow_0x7e3bd80581db__r7fam13__inst00,1,1
Multi,411,eth_flow_0x7f5d5d821b9b__r7fam06__inst00,1,1
Multi,411,eth_flow_0x7fac3f0e6191__r7fam05__inst01,1,1
Multi,411,eth_flow_0x87d480f83946__r7fam08__inst00,1,1
Multi,411,eth_flow_0x8afe93501037__r7fam22__inst00,1,1
Multi,411,eth_flow_0x8f6d05ddf766__r7fam17__inst01,1,1
Multi,411,eth_flow_0x9a8fdc0cc92a__r7fam01__inst01,1,1
Multi,411,eth_flow_0xa09f5f9dd0b9__r7fam03__inst01,1,1
Multi,411,eth_flow_0xa43299e09cac__r7fam09__inst01,1,1
Multi,411,eth_flow_0xb67b7ce00ee4__r7fam01__inst00,1,1
Multi,411,eth_flow_0xbd75ece90694__r7fam09__inst00,1,1
Multi,411,eth_flow_0xbe1006611e8e__r7fam12__inst00,1,1
Multi,411,eth_flow_0xccd4a4c2b564__r7fam04__inst00,1,1
Multi,411,eth_flow_0xd3216198d384__r7fam00__inst00,1,1
Multi,411,eth_flow_0xd5c670d9ab18__r7fam12__inst01,1,1
Multi,411,eth_flow_0xe19fd82d479f__r7fam08__inst01,1,1
Multi,411,eth_flow_0xf138201fb9a7__r7fam04__inst01,1,1
Multi,411,eth_flow_0xf1f0232fa959__r7fam15__inst00,1,1
Multi,411,eth_flow_0xf27e63837f79__r7fam05__inst00,1,1
Multi,411,eth_flow_0xfaffe3574412__r7fam10__inst01,1,1
Multi,411,eth_flow_0xfe294ef46deb__r7fam19__inst00,1,1
Multi,412,eth_flow_0x01d5f62f6001__r7fam15__inst00,1,1
Multi,412,eth_flow_0x02c81cf4d690__r7fam07__inst01,1,1
Multi,412,eth_flow_0x0433d6700a27__r7fam00__inst01,1,1
Multi,412,eth_flow_0x0e1ab95837cd__r7fam14__inst00,1,1
Multi,412,eth_flow_0x1187e9b7343b__r7fam06__inst00,1,1
Multi,412,eth_flow_0x13b0b7f38d94__r7fam05__inst01,1,1
Multi,412,eth_flow_0x13d7722170b0__r7fam17__inst00,1,1
Multi,412,eth_flow_0x1b7ae4be95a2__r7fam02__inst01,1,1
Multi,412,eth_flow_0x2915f0dc74af__r7fam23__inst01,1,1
Multi,412,eth_flow_0x2f5995f6a730__r7fam18__inst00,1,1
Multi,412,eth_flow_0x307c0cde436f__r7fam10__inst01,1,1
Multi,412,eth_flow_0x3306a906640a__r7fam11__inst01,1,1
Multi,412,eth_flow_0x35bec9bb3825__r7fam01__inst00,1,1
Multi,412,eth_flow_0x38d1ace2e0ec__r7fam22__inst01,1,1
Multi,412,eth_flow_0x43baad853004__r7fam00__inst00,1,1
Multi,412,eth_flow_0x49d60f34bb4c__r7fam01__inst01,1,1
Multi,412,eth_flow_0x4f75d1985737__r7fam10__inst00,1,1
Multi,412,eth_flow_0x50727c57d839__r7fam19__inst01,1,1
Multi,412,eth_flow_0x51f3966d47ae__r7fam12__inst00,1,1
Multi,412,eth_flow_0x5386338451f3__r7fam21__inst01,1,1
Multi,412,eth_flow_0x5a12a9951281__r7fam22__inst00,1,1
Multi,412,eth_flow_0x5f1384bda4d4__r7fam09__inst01,1,1
Multi,412,eth_flow_0x694bd176dd93__r7fam07__inst00,1,1
Multi,412,eth_flow_0x6dc4605826b4__r7fam11__inst00,1,1
Multi,412,eth_flow_0x78b023bf2527__r7fam13__inst00,1,1
Multi,412,eth_flow_0x7aac259d7d88__r7fam04__inst00,1,1
Multi,412,eth_flow_0x84dc42fccf2d__r7fam14__inst01,1,1
Multi,412,eth_flow_0x85216096a58f__r7fam17__inst01,1,1
Multi,412,eth_flow_0x88d62c1e43af__r7fam19__inst00,1,1
Multi,412,eth_flow_0x91aecf5547ab__r7fam20__inst01,1,1
Multi,412,eth_flow_0x9a2701e08956__r7fam16__inst01,1,1
Multi,412,eth_flow_0x9e8320494fd9__r7fam09__inst00,1,1
Multi,412,eth_flow_0xa3137f516f26__r7fam21__inst00,1,1
Multi,412,eth_flow_0xa4bddac9c2a2__r7fam03__inst01,1,1
Multi,412,eth_flow_0xa897f383522b__r7fam03__inst00,1,1
Multi,412,eth_flow_0xacd2dc2b6edc__r7fam15__inst01,1,1
Multi,412,eth_flow_0xba92b3f3a5d5__r7fam18__inst01,1,1
Multi,412,eth_flow_0xc5de682b8fbd__r7fam13__inst01,1,1
Multi,412,eth_flow_0xcf2595bbfb03__r7fam04__inst01,1,1
Multi,412,eth_flow_0xd075e33cda6c__r7fam20__inst00,1,1
Multi,412,eth_flow_0xd81072645548__r7fam06__inst01,1,1
Multi,412,eth_flow_0xe324fadae7ad__r7fam08__inst01,1,1
Multi,412,eth_flow_0xf40029c219bc__r7fam05__inst00,1,1
Multi,412,eth_flow_0xf7296ae7de8b__r7fam12__inst01,1,1
Multi,412,eth_flow_0xf773ebdae281__r7fam08__inst00,1,1
Multi,412,eth_flow_0xfb01688b2ba4__r7fam02__inst00,1,1
Multi,412,eth_flow_0xfe4e2b557d78__r7fam23__inst00,1,1
Multi,412,eth_flow_0xfffe350b6a06__r7fam16__inst00,1,1
Multi,413,eth_flow_0x0c6fc79be28d__r7fam15__inst00,1,1
Multi,413,eth_flow_0x0db93e004ed9__r7fam19__inst01,1,1
Multi,413,eth_flow_0x180ae8fdbabe__r7fam17__inst00,1,1
Multi,413,eth_flow_0x18e28965a90c__r7fam16__inst00,1,1
Multi,413,eth_flow_0x21ed34ce6e95__r7fam10__inst01,1,1
Multi,413,eth_flow_0x281edce92a08__r7fam22__inst01,1,1
Multi,413,eth_flow_0x286e37528f22__r7fam05__inst00,1,1
Multi,413,eth_flow_0x29f051837c62__r7fam14__inst00,1,1
Multi,413,eth_flow_0x2b40ecfa817c__r7fam19__inst00,1,1
Multi,413,eth_flow_0x2be3f3ba39d1__r7fam14__inst01,1,1
Multi,413,eth_flow_0x2f7835293078__r7fam23__inst00,1,1
Multi,413,eth_flow_0x308f13373ab8__r7fam03__inst01,1,1
Multi,413,eth_flow_0x370c572ed8c2__r7fam00__inst00,1,1
Multi,413,eth_flow_0x42abdd4575cf__r7fam17__inst01,1,1
Multi,413,eth_flow_0x4987be0ed94a__r7fam01__inst00,1,1
Multi,413,eth_flow_0x4a60d8f1b5f1__r7fam01__inst01,1,1
Multi,413,eth_flow_0x4bc52cb29c0b__r7fam03__inst00,1,1
Multi,413,eth_flow_0x533c47842886__r7fam18__inst00,1,1
Multi,413,eth_flow_0x5807a49b8255__r7fam06__inst00,1,1
Multi,413,eth_flow_0x59ec0453b8bf__r7fam23__inst01,1,1
Multi,413,eth_flow_0x5c9afa66a68e__r7fam21__inst00,1,1
Multi,413,eth_flow_0x6099f5aec2e9__r7fam11__inst01,1,1
Multi,413,eth_flow_0x6e5e8c469ee5__r7fam22__inst00,1,1
Multi,413,eth_flow_0x70c947033603__r7fam09__inst00,1,1
Multi,413,eth_flow_0x7684a7df9b47__r7fam07__inst00,1,1
Multi,413,eth_flow_0x7d415a15bf54__r7fam13__inst01,1,1
Multi,413,eth_flow_0x8281c46b08ca__r7fam21__inst01,1,1
Multi,413,eth_flow_0x82a1bf995a1b__r7fam04__inst00,1,1
Multi,413,eth_flow_0x8704efb13f54__r7fam12__inst01,1,1
Multi,413,eth_flow_0x884975e2371f__r7fam07__inst01,1,1
Multi,413,eth_flow_0x88cbfcf0963b__r7fam08__inst00,1,1
Multi,413,eth_flow_0x88fb4bbb4274__r7fam05__inst01,1,1
Multi,413,eth_flow_0x8a63576f3ff3__r7fam15__inst01,1,1
Multi,413,eth_flow_0x96b25346b928__r7fam00__inst01,1,1
Multi,413,eth_flow_0xa3c8a2e0024b__r7fam06__inst01,1,1
Multi,413,eth_flow_0xa893e7fa7c9f__r7fam20__inst01,1,1
Multi,413,eth_flow_0xaed0756dbc9d__r7fam13__inst00,1,1
Multi,413,eth_flow_0xafb42eac7e2a__r7fam16__inst01,1,1
Multi,413,eth_flow_0xc745f1047ab3__r7fam02__inst00,1,1
Multi,413,eth_flow_0xca89faaf0ca6__r7fam04__inst01,1,1
Multi,413,eth_flow_0xd581aa7dde98__r7fam02__inst01,1,1
Multi,413,eth_flow_0xd63bc3b98a33__r7fam10__inst00,1,1
Multi,413,eth_flow_0xd7d4f6e5516a__r7fam20__inst00,1,1
Multi,413,eth_flow_0xd853ca526079__r7fam12__inst00,1,1
Multi,413,eth_flow_0xde9a0c8c2053__r7fam11__inst00,1,1
Multi,413,eth_flow_0xe324fadae7ad__r7fam08__inst01,1,1
Multi,413,eth_flow_0xed5153b04266__r7fam09__inst01,1,1
Multi,413,eth_flow_0xf6523617d543__r7fam18__inst01,1,1
Multi,414,eth_flow_0x026c17ef3e1e__r7fam02__inst00,1,1
Multi,414,eth_flow_0x0cac3f0e29f6__r7fam20__inst01,1,1
Multi,414,eth_flow_0x1a9d4be47862__r7fam00__inst01,1,1
Multi,414,eth_flow_0x2595a914c1b8__r7fam21__inst00,1,1
Multi,414,eth_flow_0x464afda64235__r7fam23__inst00,1,1
Multi,414,eth_flow_0x50ff9e0ff0e4__r7fam15__inst00,1,1
Multi,414,eth_flow_0x55af4a88dd79__r7fam23__inst01,1,1
Multi,414,eth_flow_0x5a12a9951281__r7fam22__inst00,1,1
Multi,414,eth_flow_0x5dd7f8ae21b9__r7fam11__inst01,1,1
Multi,414,eth_flow_0x606dfc67459b__r7fam12__inst00,1,1
Multi,414,eth_flow_0x69c782370bbb__r7fam03__inst00,1,1
Multi,414,eth_flow_0x6a5eed2aef17__r7fam06__inst00,1,1
Multi,414,eth_flow_0x6d658d3be706__r7fam17__inst01,1,1
Multi,414,eth_flow_0x7476926190f8__r7fam22__inst01,1,1
Multi,414,eth_flow_0x75ed4d5d4aa4__r7fam15__inst01,1,1
Multi,414,eth_flow_0x76b691b000a4__r7fam04__inst00,1,1
Multi,414,eth_flow_0x7ab00b0739e3__r7fam12__inst01,1,1
Multi,414,eth_flow_0x7b4d14a60bdb__r7fam11__inst00,1,1
Multi,414,eth_flow_0x7e567ea40e7a__r7fam08__inst00,1,1
Multi,414,eth_flow_0x8373e2dba481__r7fam20__inst00,1,1
Multi,414,eth_flow_0x97a2cccc0142__r7fam06__inst01,1,1
Multi,414,eth_flow_0x98d865dcd02b__r7fam18__inst01,1,1
Multi,414,eth_flow_0x99abef9840ab__r7fam02__inst01,1,1
Multi,414,eth_flow_0x9a79b652506a__r7fam09__inst01,1,1
Multi,414,eth_flow_0xa005eb73134f__r7fam14__inst00,1,1
Multi,414,eth_flow_0xa4013b179704__r7fam07__inst00,1,1
Multi,414,eth_flow_0xa681e35650dd__r7fam07__inst01,1,1
Multi,414,eth_flow_0xb05d1da12568__r7fam16__inst01,1,1
Multi,414,eth_flow_0xb9e110ff4e53__r7fam21__inst01,1,1
Multi,414,eth_flow_0xbb6eec168f8e__r7fam04__inst01,1,1
Multi,414,eth_flow_0xbe5e6b4cff35__r7fam09__inst00,1,1
Multi,414,eth_flow_0xc05da80b7d6e__r7fam10__inst00,1,1
Multi,414,eth_flow_0xc4e58e001084__r7fam01__inst01,1,1
Multi,414,eth_flow_0xc566dad1b2a4__r7fam05__inst00,1,1
Multi,414,eth_flow_0xcf7252578116__r7fam16__inst00,1,1
Multi,414,eth_flow_0xd251f533ba02__r7fam05__inst01,1,1
Multi,414,eth_flow_0xd4261f487d7a__r7fam01__inst00,1,1
Multi,414,eth_flow_0xd7ba6a649d49__r7fam17__inst00,1,1
Multi,414,eth_flow_0xd970ab621aab__r7fam19__inst01,1,1
Multi,414,eth_flow_0xdc2bdb780f46__r7fam14__inst01,1,1
Multi,414,eth_flow_0xdcc764b9ddc4__r7fam13__inst00,1,1
Multi,414,eth_flow_0xe3eee31e6336__r7fam03__inst01,1,1
Multi,414,eth_flow_0xe41a875d6ee4__r7fam19__inst00,1,1
Multi,414,eth_flow_0xe8f7ced60e57__r7fam10__inst01,1,1
Multi,414,eth_flow_0xe9e24fea5a99__r7fam00__inst00,1,1
Multi,414,eth_flow_0xece748a90171__r7fam08__inst01,1,1
Multi,414,eth_flow_0xfb095c8b8575__r7fam18__inst00,1,1
Multi,414,eth_flow_0xfd9f46a47d92__r7fam13__inst01,1,1
Multi,415,eth_flow_0x0277c643efc1__r7fam19__inst00,1,1
Multi,415,eth_flow_0x0501c458db8c__r7fam05__inst00,1,1
Multi,415,eth_flow_0x05f57ed4d6dc__r7fam14__inst01,1,1
Multi,415,eth_flow_0x0d0e28589ae5__r7fam16__inst01,1,1
Multi,415,eth_flow_0x0ed4665d8a44__r7fam18__inst00,1,1
Multi,415,eth_flow_0x117c1f4aec07__r7fam15__inst00,1,1
Multi,415,eth_flow_0x13ac7a7826c0__r7fam13__inst01,1,1
Multi,415,eth_flow_0x180ae8fdbabe__r7fam17__inst00,1,1
Multi,415,eth_flow_0x1d18f2e75b72__r7fam22__inst01,1,1
Multi,415,eth_flow_0x275f955faa2c__r7fam16__inst00,1,1
Multi,415,eth_flow_0x2fdb8ced1f1e__r7fam12__inst01,1,1
Multi,415,eth_flow_0x2ffa297a14ba__r7fam00__inst01,1,1
Multi,415,eth_flow_0x30e8e5986510__r7fam21__inst01,1,1
Multi,415,eth_flow_0x38a66988b673__r7fam15__inst01,1,1
Multi,415,eth_flow_0x3eff7f92b372__r7fam14__inst00,1,1
Multi,415,eth_flow_0x3f501c468169__r7fam20__inst01,1,1
Multi,415,eth_flow_0x3ff6029a8aa7__r7fam05__inst01,1,1
Multi,415,eth_flow_0x43332231042d__r7fam01__inst01,1,1
Multi,415,eth_flow_0x4dfb5e662e15__r7fam17__inst01,1,1
Multi,415,eth_flow_0x4f72fc1fba0b__r7fam12__inst00,1,1
Multi,415,eth_flow_0x5152d86ea722__r7fam20__inst00,1,1
Multi,415,eth_flow_0x6039f7e943c8__r7fam22__inst00,1,1
Multi,415,eth_flow_0x630dfe458172__r7fam09__inst00,1,1
Multi,415,eth_flow_0x6e382c863fa2__r7fam00__inst00,1,1
Multi,415,eth_flow_0x76c85809b90e__r7fam06__inst00,1,1
Multi,415,eth_flow_0x775a20ca61ae__r7fam10__inst01,1,1
Multi,415,eth_flow_0x8d3cff7b169b__r7fam07__inst01,1,1
Multi,415,eth_flow_0x8f7570089560__r7fam07__inst00,1,1
Multi,415,eth_flow_0x8fdab9f2e862__r7fam10__inst00,1,1
Multi,415,eth_flow_0x93853c517494__r7fam21__inst00,1,1
Multi,415,eth_flow_0x96c9fa30ef1a__r7fam02__inst01,1,1
Multi,415,eth_flow_0x97e449812c39__r7fam19__inst01,1,1
Multi,415,eth_flow_0xa12f2841ff9b__r7fam04__inst01,1,1
Multi,415,eth_flow_0xa99c4828c55f__r7fam08__inst00,1,1
Multi,415,eth_flow_0xb2318726c7e7__r7fam01__inst00,1,1
Multi,415,eth_flow_0xb23260516900__r7fam11__inst01,1,1
Multi,415,eth_flow_0xbb8a6e043b70__r7fam03__inst01,1,1
Multi,415,eth_flow_0xc6a6c0cefb72__r7fam23__inst00,1,1
Multi,415,eth_flow_0xcd5793acb380__r7fam06__inst01,1,1
Multi,415,eth_flow_0xceb67559d842__r7fam13__inst00,1,1
Multi,415,eth_flow_0xcfc18b0fc508__r7fam02__inst00,1,1
Multi,415,eth_flow_0xd2c1a645ccd2__r7fam08__inst01,1,1
Multi,415,eth_flow_0xdec2580766a4__r7fam09__inst01,1,1
Multi,415,eth_flow_0xe4294f4d6d97__r7fam04__inst00,1,1
Multi,415,eth_flow_0xe6b5196c2f70__r7fam11__inst00,1,1
Multi,415,eth_flow_0xeb865c45796e__r7fam23__inst01,1,1
Multi,415,eth_flow_0xf6523617d543__r7fam18__inst01,1,1
Multi,415,eth_flow_0xfd47fb1ea42a__r7fam03__inst00,1,1
Multi,416,eth_flow_0x00c5e928f7d2__r7fam18__inst00,1,1
Multi,416,eth_flow_0x09744efd2449__r7fam13__inst01,1,1
Multi,416,eth_flow_0x09e505a506fb__r7fam00__inst01,1,1
Multi,416,eth_flow_0x1425ee027f89__r7fam17__inst00,1,1
Multi,416,eth_flow_0x24fa9b5c4dbc__r7fam06__inst00,1,1
Multi,416,eth_flow_0x2a60a6accfc2__r7fam10__inst00,1,1
Multi,416,eth_flow_0x310c4de9f815__r7fam01__inst00,1,1
Multi,416,eth_flow_0x328187e0f4e5__r7fam03__inst00,1,1
Multi,416,eth_flow_0x343c4840ebff__r7fam09__inst00,1,1
Multi,416,eth_flow_0x41963843a91c__r7fam07__inst01,1,1
Multi,416,eth_flow_0x4301f66db88e__r7fam11__inst01,1,1
Multi,416,eth_flow_0x43d4f5733fee__r7fam05__inst00,1,1
Multi,416,eth_flow_0x4a1f89bbebe3__r7fam20__inst01,1,1
Multi,416,eth_flow_0x4dfb5e662e15__r7fam17__inst01,1,1
Multi,416,eth_flow_0x535fae840669__r7fam20__inst00,1,1
Multi,416,eth_flow_0x557698a03676__r7fam12__inst00,1,1
Multi,416,eth_flow_0x582dde2c0fa8__r7fam22__inst01,1,1
Multi,416,eth_flow_0x58f627508a38__r7fam02__inst00,1,1
Multi,416,eth_flow_0x5c4add4ee748__r7fam21__inst00,1,1
Multi,416,eth_flow_0x5f5145605b41__r7fam08__inst01,1,1
Multi,416,eth_flow_0x61f27aa64a07__r7fam06__inst01,1,1
Multi,416,eth_flow_0x7695eb786506__r7fam14__inst01,1,1
Multi,416,eth_flow_0x81b3dcdff9dc__r7fam19__inst01,1,1
Multi,416,eth_flow_0x88f3c6fa1d7a__r7fam00__inst00,1,1
Multi,416,eth_flow_0x8dc7ae5aef3d__r7fam19__inst00,1,1
Multi,416,eth_flow_0x98ea6da4a7e2__r7fam02__inst01,1,1
Multi,416,eth_flow_0xa96ba58e1dad__r7fam10__inst01,1,1
Multi,416,eth_flow_0xb361ddf85d11__r7fam07__inst00,1,1
Multi,416,eth_flow_0xb530dab19e82__r7fam23__inst00,1,1
Multi,416,eth_flow_0xb5e238a5e1c3__r7fam13__inst00,1,1
Multi,416,eth_flow_0xbda854194610__r7fam16__inst00,1,1
Multi,416,eth_flow_0xbee6fc7d736a__r7fam23__inst01,1,1
Multi,416,eth_flow_0xbefee0651811__r7fam11__inst00,1,1
Multi,416,eth_flow_0xbf7d6f13b532__r7fam12__inst01,1,1
Multi,416,eth_flow_0xc041f5cc360e__r7fam04__inst01,1,1
Multi,416,eth_flow_0xc566dad1b2a4__r7fam05__inst01,1,1
Multi,416,eth_flow_0xc914eb2e5c2f__r7fam14__inst00,1,1
Multi,416,eth_flow_0xc93772ceb231__r7fam15__inst00,1,1
Multi,416,eth_flow_0xc9838a11bc7d__r7fam15__inst01,1,1
Multi,416,eth_flow_0xc9934f14a5ff__r7fam01__inst01,1,1
Multi,416,eth_flow_0xcc32f46d9165__r7fam22__inst00,1,1
Multi,416,eth_flow_0xcf2595bbfb03__r7fam04__inst00,1,1
Multi,416,eth_flow_0xd0f9a2438b83__r7fam16__inst01,1,1
Multi,416,eth_flow_0xd4400727a620__r7fam03__inst01,1,1
Multi,416,eth_flow_0xd4eb82e003dd__r7fam08__inst00,1,1
Multi,416,eth_flow_0xda0a86363fca__r7fam18__inst01,1,1
Multi,416,eth_flow_0xed5153b04266__r7fam09__inst01,1,1
Multi,416,eth_flow_0xfaa9c78a8412__r7fam21__inst01,1,1
Multi,417,eth_flow_0x003b4f6dd78f__r7fam23__inst00,1,1
Multi,417,eth_flow_0x03a4574fd9e6__r7fam00__inst00,1,1
Multi,417,eth_flow_0x093401a77044__r7fam15__inst01,1,1
Multi,417,eth_flow_0x195d9b2bb02e__r7fam07__inst01,1,1
Multi,417,eth_flow_0x1ec42a7a3b6a__r7fam17__inst01,1,1
Multi,417,eth_flow_0x2be3f3ba39d1__r7fam14__inst01,1,1
Multi,417,eth_flow_0x2f7835293078__r7fam23__inst01,1,1
Multi,417,eth_flow_0x3e8b861ad1e2__r7fam20__inst01,1,1
Multi,417,eth_flow_0x419ea01431d8__r7fam21__inst00,1,1
Multi,417,eth_flow_0x4463fcb93825__r7fam19__inst00,1,1
Multi,417,eth_flow_0x467e5833c939__r7fam15__inst00,1,1
Multi,417,eth_flow_0x48afd860278c__r7fam18__inst00,1,1
Multi,417,eth_flow_0x5152d86ea722__r7fam20__inst00,1,1
Multi,417,eth_flow_0x53e62c00021c__r7fam19__inst01,1,1
Multi,417,eth_flow_0x572bbe58c82d__r7fam04__inst01,1,1
Multi,417,eth_flow_0x5c3ca3aa3443__r7fam13__inst00,1,1
Multi,417,eth_flow_0x6c773174fe12__r7fam02__inst01,1,1
Multi,417,eth_flow_0x738ad4b9f052__r7fam17__inst00,1,1
Multi,417,eth_flow_0x7483c902f6a2__r7fam11__inst00,1,1
Multi,417,eth_flow_0x7488a9fef063__r7fam06__inst01,1,1
Multi,417,eth_flow_0x75cc5bb0b6b9__r7fam10__inst00,1,1
Multi,417,eth_flow_0x7baa301a3308__r7fam09__inst00,1,1
Multi,417,eth_flow_0x7e0fc37efe6c__r7fam00__inst01,1,1
Multi,417,eth_flow_0x7fac3f0e6191__r7fam05__inst01,1,1
Multi,417,eth_flow_0x7fe0d6fbdbfd__r7fam21__inst01,1,1
Multi,417,eth_flow_0x85e1e2c6e470__r7fam14__inst00,1,1
Multi,417,eth_flow_0x86b549f2a682__r7fam04__inst00,1,1
Multi,417,eth_flow_0x8a68d565694c__r7fam09__inst01,1,1
Multi,417,eth_flow_0x93d96a95b6ab__r7fam08__inst00,1,1
Multi,417,eth_flow_0x98ad5523e663__r7fam18__inst01,1,1
Multi,417,eth_flow_0x9a2701e08956__r7fam16__inst01,1,1
Multi,417,eth_flow_0xa477a487f611__r7fam01__inst00,1,1
Multi,417,eth_flow_0xac6ff969539c__r7fam03__inst00,1,1
Multi,417,eth_flow_0xadd0935d8248__r7fam02__inst00,1,1
Multi,417,eth_flow_0xb27eb36de299__r7fam06__inst00,1,1
Multi,417,eth_flow_0xbc1208182a7f__r7fam12__inst00,1,1
Multi,417,eth_flow_0xc52401785dfe__r7fam22__inst00,1,1
Multi,417,eth_flow_0xceb67559d842__r7fam13__inst01,1,1
Multi,417,eth_flow_0xd0ab22957091__r7fam11__inst01,1,1
Multi,417,eth_flow_0xd0ffdbc27de6__r7fam16__inst00,1,1
Multi,417,eth_flow_0xd465d9a5001e__r7fam07__inst00,1,1
Multi,417,eth_flow_0xd8fff4783e61__r7fam12__inst01,1,1
Multi,417,eth_flow_0xdfce7ac72889__r7fam05__inst00,1,1
Multi,417,eth_flow_0xe077c4e787b5__r7fam01__inst01,1,1
Multi,417,eth_flow_0xe3c5e15b681b__r7fam08__inst01,1,1
Multi,417,eth_flow_0xf9d4dada53cc__r7fam03__inst01,1,1
Multi,417,eth_flow_0xfc29ac696131__r7fam22__inst01,1,1
Multi,417,eth_flow_0xfd3be7ded0dd__r7fam10__inst01,1,1
Multi,418,eth_flow_0x01ccaf758240__r7fam22__inst00,1,1
Multi,418,eth_flow_0x02a753c779f7__r7fam18__inst00,1,1
Multi,418,eth_flow_0x0a7c64b6f313__r7fam20__inst00,1,1
Multi,418,eth_flow_0x0fff0b706f91__r7fam18__inst01,1,1
Multi,418,eth_flow_0x121856bf0746__r7fam06__inst01,1,1
Multi,418,eth_flow_0x15fc39ceb0fa__r7fam01__inst01,1,1
Multi,418,eth_flow_0x21ff35089129__r7fam16__inst01,1,1
Multi,418,eth_flow_0x22b0a2dfd236__r7fam21__inst00,1,1
Multi,418,eth_flow_0x24ea2bfbaaaf__r7fam11__inst00,1,1
Multi,418,eth_flow_0x274e798f5500__r7fam15__inst00,1,1
Multi,418,eth_flow_0x293d601afc46__r7fam15__inst01,1,1
Multi,418,eth_flow_0x2c845efe8532__r7fam22__inst01,1,1
Multi,418,eth_flow_0x3703ddfa9368__r7fam05__inst00,1,1
Multi,418,eth_flow_0x3962dfc4b83f__r7fam14__inst00,1,1
Multi,418,eth_flow_0x3cc9a81c79d9__r7fam10__inst00,1,1
Multi,418,eth_flow_0x4dad3c66f7b1__r7fam19__inst01,1,1
Multi,418,eth_flow_0x5135b4f5fd81__r7fam19__inst00,1,1
Multi,418,eth_flow_0x534014883cf7__r7fam08__inst01,1,1
Multi,418,eth_flow_0x541a4f587cf5__r7fam04__inst00,1,1
Multi,418,eth_flow_0x653960ac07fe__r7fam23__inst01,1,1
Multi,418,eth_flow_0x67a7033086d4__r7fam04__inst01,1,1
Multi,418,eth_flow_0x76989f1f0c9b__r7fam11__inst01,1,1
Multi,418,eth_flow_0x7a6d78f0ab17__r7fam13__inst01,1,1
Multi,418,eth_flow_0x7da591204d1d__r7fam20__inst01,1,1
Multi,418,eth_flow_0x8073f328132e__r7fam00__inst00,1,1
Multi,418,eth_flow_0x80d7404a8fec__r7fam05__inst01,1,1
Multi,418,eth_flow_0x82b58083f60a__r7fam06__inst00,1,1
Multi,418,eth_flow_0x83e96ec0ab88__r7fam17__inst00,1,1
Multi,418,eth_flow_0x8bb510c39530__r7fam12__inst01,1,1
Multi,418,eth_flow_0x913a7751f7b0__r7fam21__inst01,1,1
Multi,418,eth_flow_0x94a250c684de__r7fam17__inst01,1,1
Multi,418,eth_flow_0x9b5e22279981__r7fam14__inst01,1,1
Multi,418,eth_flow_0xa52f768430e7__r7fam12__inst00,1,1
Multi,418,eth_flow_0xa66ac08cc0dd__r7fam07__inst00,1,1
Multi,418,eth_flow_0xaed91109b30e__r7fam10__inst01,1,1
Multi,418,eth_flow_0xb0ac3c7adaf1__r7fam09__inst00,1,1
Multi,418,eth_flow_0xb7b7416cba92__r7fam03__inst00,1,1
Multi,418,eth_flow_0xbbb17907c222__r7fam02__inst00,1,1
Multi,418,eth_flow_0xc0ab5cf79601__r7fam13__inst00,1,1
Multi,418,eth_flow_0xc107dbed4360__r7fam08__inst00,1,1
Multi,418,eth_flow_0xd1712b0f18bd__r7fam09__inst01,1,1
Multi,418,eth_flow_0xd43f7cb488b3__r7fam03__inst01,1,1
Multi,418,eth_flow_0xd7bb9eef50ed__r7fam00__inst01,1,1
Multi,418,eth_flow_0xdadda465722f__r7fam16__inst00,1,1
Multi,418,eth_flow_0xe1b9fbe27fa4__r7fam02__inst01,1,1
Multi,418,eth_flow_0xf5065792d2b0__r7fam23__inst00,1,1
Multi,418,eth_flow_0xf5adb4ba59ad__r7fam01__inst00,1,1
Multi,418,eth_flow_0xfda57f739dd4__r7fam07__inst01,1,1
Multi,419,eth_flow_0x00ba83867a8f__r7fam19__inst01,1,1
Multi,419,eth_flow_0x01844ac1d7b8__r7fam22__inst00,1,1
Multi,419,eth_flow_0x01d3e41714fa__r7fam20__inst00,1,1
Multi,419,eth_flow_0x0deb98e6ecf8__r7fam11__inst01,1,1
Multi,419,eth_flow_0x0f0556a6d5c1__r7fam19__inst00,1,1
Multi,419,eth_flow_0x13d182bbfc09__r7fam13__inst00,1,1
Multi,419,eth_flow_0x1c5f271f1481__r7fam13__inst01,1,1
Multi,419,eth_flow_0x2ad316dbf5dd__r7fam06__inst00,1,1
Multi,419,eth_flow_0x2aeda0ade141__r7fam14__inst00,1,1
Multi,419,eth_flow_0x2b8cd30e0c19__r7fam08__inst01,1,1
Multi,419,eth_flow_0x30e8e5986510__r7fam21__inst00,1,1
Multi,419,eth_flow_0x335fbe77cedb__r7fam07__inst00,1,1
Multi,419,eth_flow_0x34126a7f96ad__r7fam09__inst01,1,1
Multi,419,eth_flow_0x3bc8c0411d02__r7fam16__inst01,1,1
Multi,419,eth_flow_0x3c1f9b277b2a__r7fam18__inst01,1,1
Multi,419,eth_flow_0x3fc9a837a7d1__r7fam05__inst01,1,1
Multi,419,eth_flow_0x43ddb0f024c3__r7fam03__inst01,1,1
Multi,419,eth_flow_0x43e33b8c1e69__r7fam06__inst01,1,1
Multi,419,eth_flow_0x467e5833c939__r7fam15__inst00,1,1
Multi,419,eth_flow_0x46cd1483a834__r7fam10__inst00,1,1
Multi,419,eth_flow_0x4778a1be4140__r7fam02__inst01,1,1
Multi,419,eth_flow_0x4db57870e0a7__r7fam03__inst00,1,1
Multi,419,eth_flow_0x59ba12e0cb80__r7fam04__inst00,1,1
Multi,419,eth_flow_0x60c6dfb81f89__r7fam07__inst01,1,1
Multi,419,eth_flow_0x6a8797aee705__r7fam16__inst00,1,1
Multi,419,eth_flow_0x7483c902f6a2__r7fam11__inst00,1,1
Multi,419,eth_flow_0x7aabccfa708b__r7fam14__inst01,1,1
Multi,419,eth_flow_0x7d4a59069de0__r7fam17__inst00,1,1
Multi,419,eth_flow_0x7e567ea40e7a__r7fam08__inst00,1,1
Multi,419,eth_flow_0x83679bf8884d__r7fam17__inst01,1,1
Multi,419,eth_flow_0x8477acf841ea__r7fam01__inst00,1,1
Multi,419,eth_flow_0x9a5d46ec26fd__r7fam04__inst01,1,1
Multi,419,eth_flow_0xa61ec7fc5f87__r7fam10__inst01,1,1
Multi,419,eth_flow_0xaac11a2555a8__r7fam01__inst01,1,1
Multi,419,eth_flow_0xab6f1de69952__r7fam22__inst01,1,1
Multi,419,eth_flow_0xae16005a6dcd__r7fam20__inst01,1,1
Multi,419,eth_flow_0xb21362f3049e__r7fam18__inst00,1,1
Multi,419,eth_flow_0xb33e5658bba8__r7fam02__inst00,1,1
Multi,419,eth_flow_0xb512b00f10f2__r7fam00__inst00,1,1
Multi,419,eth_flow_0xbe14c4723a7c__r7fam15__inst01,1,1
Multi,419,eth_flow_0xbfd671580853__r7fam12__inst00,1,1
Multi,419,eth_flow_0xc6b2ec8be39e__r7fam05__inst00,1,1
Multi,419,eth_flow_0xcb5a995498e0__r7fam12__inst01,1,1
Multi,419,eth_flow_0xd34d38c3c6ec__r7fam23__inst00,1,1
Multi,419,eth_flow_0xd3b107b67fd0__r7fam09__inst00,1,1
Multi,419,eth_flow_0xe574bd778517__r7fam21__inst01,1,1
Multi,419,eth_flow_0xe6ab36df0ff8__r7fam23__inst01,1,1
Multi,419,eth_flow_0xe9e24fea5a99__r7fam00__inst01,1,1
Multi,420,eth_flow_0x0340ba2c544b__r7fam01__inst00,1,1
Multi,420,eth_flow_0x12b6d170fa03__r7fam19__inst00,1,1
Multi,420,eth_flow_0x2cf8225639dd__r7fam05__inst00,1,1
Multi,420,eth_flow_0x32d9afffe0af__r7fam16__inst01,1,1
Multi,420,eth_flow_0x347c99e47f97__r7fam11__inst00,1,1
Multi,420,eth_flow_0x35a4a71c48e0__r7fam07__inst00,1,1
Multi,420,eth_flow_0x3f63e273186a__r7fam12__inst00,1,1
Multi,420,eth_flow_0x41ef4d0a4849__r7fam06__inst01,1,1
Multi,420,eth_flow_0x42abdd4575cf__r7fam17__inst01,1,1
Multi,420,eth_flow_0x4433f0b497ca__r7fam23__inst01,1,1
Multi,420,eth_flow_0x461dcabd7e2f__r7fam10__inst01,1,1
Multi,420,eth_flow_0x4f5c00c7be16__r7fam12__inst01,1,1
Multi,420,eth_flow_0x58deb62504da__r7fam22__inst01,1,1
Multi,420,eth_flow_0x6a918e4ab84f__r7fam01__inst01,1,1
Multi,420,eth_flow_0x6ad055e2f56b__r7fam04__inst00,1,1
Multi,420,eth_flow_0x6c30274e2744__r7fam06__inst00,1,1
Multi,420,eth_flow_0x6d1e8e4fa3f9__r7fam08__inst01,1,1
Multi,420,eth_flow_0x6f8c6cb4a65b__r7fam21__inst01,1,1
Multi,420,eth_flow_0x74e73705a4dd__r7fam05__inst01,1,1
Multi,420,eth_flow_0x78b023bf2527__r7fam13__inst00,1,1
Multi,420,eth_flow_0x7a184458d08a__r7fam10__inst00,1,1
Multi,420,eth_flow_0x83149eef7d18__r7fam00__inst00,1,1
Multi,420,eth_flow_0x84d4b9694537__r7fam16__inst00,1,1
Multi,420,eth_flow_0x85af5f6596b3__r7fam14__inst00,1,1
Multi,420,eth_flow_0x8c8a7aee707c__r7fam08__inst00,1,1
Multi,420,eth_flow_0x9b3d5426b6bd__r7fam03__inst00,1,1
Multi,420,eth_flow_0x9d6500d12dae__r7fam15__inst01,1,1
Multi,420,eth_flow_0x9e8320494fd9__r7fam09__inst01,1,1
Multi,420,eth_flow_0xa09f5f9dd0b9__r7fam03__inst01,1,1
Multi,420,eth_flow_0xad9871369745__r7fam13__inst01,1,1
Multi,420,eth_flow_0xb40f4f2c3e6b__r7fam17__inst00,1,1
Multi,420,eth_flow_0xb512b00f10f2__r7fam00__inst01,1,1
Multi,420,eth_flow_0xc01617496b4d__r7fam07__inst01,1,1
Multi,420,eth_flow_0xc15042e9d8f5__r7fam02__inst01,1,1
Multi,420,eth_flow_0xc4fc26ff0cd6__r7fam02__inst00,1,1
Multi,420,eth_flow_0xcf95870d2cd1__r7fam15__inst00,1,1
Multi,420,eth_flow_0xd2e576589bca__r7fam04__inst01,1,1
Multi,420,eth_flow_0xd34d38c3c6ec__r7fam23__inst00,1,1
Multi,420,eth_flow_0xd99b0fa2a61f__r7fam20__inst00,1,1
Multi,420,eth_flow_0xe5f7825810d4__r7fam09__inst00,1,1
Multi,420,eth_flow_0xe92e39dbff31__r7fam14__inst01,1,1
Multi,420,eth_flow_0xeb66e1f4c6bf__r7fam19__inst01,1,1
Multi,420,eth_flow_0xf22da30877f8__r7fam22__inst00,1,1
Multi,420,eth_flow_0xf435a12ab8af__r7fam21__inst00,1,1
Multi,420,eth_flow_0xf62032b1bf58__r7fam18__inst01,1,1
Multi,420,eth_flow_0xf7fe96a011cd__r7fam11__inst01,1,1
Multi,420,eth_flow_0xf918527158c6__r7fam18__inst00,1,1
Multi,420,eth_flow_0xfe8140c94d9c__r7fam20__inst01,1,1
Poly,411,eth_flow_0x04ce42c3a363__r7fam13__inst01,1,1
Poly,411,eth_flow_0x0aa7b256d48b__r7fam19__inst00,1,1
Poly,411,eth_flow_0x0d37eb30240e__r7fam11__inst00,1,1
Poly,411,eth_flow_0x0f1c7fc1537b__r7fam02__inst01,1,1
Poly,411,eth_flow_0x10a7fbc22b28__r7fam07__inst00,1,1
Poly,411,eth_flow_0x12d079d19b14__r7fam00__inst00,1,1
Poly,411,eth_flow_0x1f3645d23a29__r7fam11__inst01,1,1
Poly,411,eth_flow_0x265be8b6e890__r7fam18__inst00,1,1
Poly,411,eth_flow_0x2bb5b11ee52f__r7fam10__inst00,1,1
Poly,411,eth_flow_0x33d08808c8cf__r7fam17__inst00,1,1
Poly,411,eth_flow_0x398eeccc10c5__r7fam00__inst01,1,1
Poly,411,eth_flow_0x400e55802849__r7fam23__inst01,1,1
Poly,411,eth_flow_0x40402202bcd7__r7fam05__inst01,1,1
Poly,411,eth_flow_0x4886c7894fed__r7fam07__inst01,1,1
Poly,411,eth_flow_0x4b8657df818f__r7fam09__inst01,1,1
Poly,411,eth_flow_0x4dfea298d546__r7fam23__inst00,1,1
Poly,411,eth_flow_0x507627395f54__r7fam06__inst01,1,1
Poly,411,eth_flow_0x5141010ee9b3__r7fam02__inst00,1,1
Poly,411,eth_flow_0x55a84f52bcf2__r7fam14__inst00,1,1
Poly,411,eth_flow_0x5ad54e32f48c__r7fam21__inst00,1,1
Poly,411,eth_flow_0x5d23b13d0181__r7fam08__inst00,1,1
Poly,411,eth_flow_0x5da7e4699306__r7fam20__inst00,1,1
Poly,411,eth_flow_0x6984a32a4f55__r7fam01__inst01,1,1
Poly,411,eth_flow_0x6a1968379c7a__r7fam22__inst01,1,1
Poly,411,eth_flow_0x734e95f6267c__r7fam10__inst01,1,1
Poly,411,eth_flow_0x753a70670d42__r7fam16__inst00,1,1
Poly,411,eth_flow_0x777642c6ec46__r7fam19__inst01,1,1
Poly,411,eth_flow_0x7a72df4b2853__r7fam06__inst00,1,1
Poly,411,eth_flow_0x7c13969b9b22__r7fam18__inst01,1,1
Poly,411,eth_flow_0x811fd2b58b6b__r7fam12__inst01,1,1
Poly,411,eth_flow_0x8e9ba23e8289__r7fam21__inst01,1,1
Poly,411,eth_flow_0x98ad388d6f22__r7fam03__inst01,1,1
Poly,411,eth_flow_0x9e0f34f10492__r7fam15__inst00,1,1
Poly,411,eth_flow_0xa12a5391dc8e__r7fam05__inst00,1,1
Poly,411,eth_flow_0xa1bd15a7df8c__r7fam12__inst00,1,1
Poly,411,eth_flow_0xa8b46441cc77__r7fam04__inst00,1,1
Poly,411,eth_flow_0xa9ad93615b42__r7fam16__inst01,1,1
Poly,411,eth_flow_0xbf1afe93f4f1__r7fam20__inst01,1,1
Poly,411,eth_flow_0xc0d9e234d323__r7fam22__inst00,1,1
Poly,411,eth_flow_0xcbc14d34cf9f__r7fam01__inst00,1,1
Poly,411,eth_flow_0xd0e5684158fc__r7fam13__inst00,1,1
Poly,411,eth_flow_0xd3bd23bc6d3f__r7fam14__inst01,1,1
Poly,411,eth_flow_0xd493a4486311__r7fam08__inst01,1,1
Poly,411,eth_flow_0xd8222155831c__r7fam15__inst01,1,1
Poly,411,eth_flow_0xe00a86c362c9__r7fam04__inst01,1,1
Poly,411,eth_flow_0xe21883a616e5__r7fam17__inst01,1,1
Poly,411,eth_flow_0xea5ac49c8e39__r7fam09__inst00,1,1
Poly,411,eth_flow_0xea7018c3b012__r7fam03__inst00,1,1
Poly,412,eth_flow_0x05337270175e__r7fam00__inst00,1,1
Poly,412,eth_flow_0x074c9ce2f055__r7fam08__inst00,1,1
Poly,412,eth_flow_0x0b6e2e4f2964__r7fam11__inst00,1,1
Poly,412,eth_flow_0x0cf199873fe6__r7fam12__inst00,1,1
Poly,412,eth_flow_0x1a2e8d421e3a__r7fam05__inst01,1,1
Poly,412,eth_flow_0x20a73f352770__r7fam14__inst00,1,1
Poly,412,eth_flow_0x211e2ddbc644__r7fam22__inst00,1,1
Poly,412,eth_flow_0x22c46de797e4__r7fam07__inst01,1,1
Poly,412,eth_flow_0x2471cd723b3b__r7fam08__inst01,1,1
Poly,412,eth_flow_0x2480deb6e4d9__r7fam09__inst01,1,1
Poly,412,eth_flow_0x2a96e32bad6e__r7fam21__inst01,1,1
Poly,412,eth_flow_0x3681a9bdc6ad__r7fam21__inst00,1,1
Poly,412,eth_flow_0x38a4c5d04702__r7fam10__inst00,1,1
Poly,412,eth_flow_0x3a72a678a59f__r7fam04__inst01,1,1
Poly,412,eth_flow_0x400e55802849__r7fam23__inst01,1,1
Poly,412,eth_flow_0x457ad4948dbd__r7fam12__inst01,1,1
Poly,412,eth_flow_0x4a61726ae46e__r7fam18__inst01,1,1
Poly,412,eth_flow_0x4dfea298d546__r7fam23__inst00,1,1
Poly,412,eth_flow_0x50f758912339__r7fam14__inst01,1,1
Poly,412,eth_flow_0x5176a3f85f9c__r7fam01__inst00,1,1
Poly,412,eth_flow_0x51fffec69051__r7fam13__inst00,1,1
Poly,412,eth_flow_0x599c0ff86f40__r7fam15__inst01,1,1
Poly,412,eth_flow_0x5e483a599d62__r7fam03__inst01,1,1
Poly,412,eth_flow_0x60214a0b3217__r7fam18__inst00,1,1
Poly,412,eth_flow_0x60942c2002bc__r7fam00__inst01,1,1
Poly,412,eth_flow_0x63777fbdff99__r7fam09__inst00,1,1
Poly,412,eth_flow_0x6b1a4a7aae94__r7fam13__inst01,1,1
Poly,412,eth_flow_0x753a70670d42__r7fam16__inst00,1,1
Poly,412,eth_flow_0x7808c0ead17f__r7fam02__inst01,1,1
Poly,412,eth_flow_0x7a72df4b2853__r7fam06__inst00,1,1
Poly,412,eth_flow_0x7cd9c0ae4455__r7fam07__inst00,1,1
Poly,412,eth_flow_0x7f37628d8b43__r7fam22__inst01,1,1
Poly,412,eth_flow_0x7fa8fe4c9388__r7fam17__inst00,1,1
Poly,412,eth_flow_0x92560339226e__r7fam19__inst01,1,1
Poly,412,eth_flow_0x9952bed73370__r7fam20__inst00,1,1
Poly,412,eth_flow_0xa3ff98a1b16a__r7fam20__inst01,1,1
Poly,412,eth_flow_0xafeea0a8bb33__r7fam05__inst00,1,1
Poly,412,eth_flow_0xb1a577f310f4__r7fam15__inst00,1,1
Poly,412,eth_flow_0xb3fbfa9e5974__r7fam02__inst00,1,1
Poly,412,eth_flow_0xb7791d944dbb__r7fam10__inst01,1,1
Poly,412,eth_flow_0xbb61e04f3843__r7fam06__inst01,1,1
Poly,412,eth_flow_0xc8eec51af5a4__r7fam17__inst01,1,1
Poly,412,eth_flow_0xce33079de89b__r7fam01__inst01,1,1
Poly,412,eth_flow_0xe1d01fcd36a3__r7fam19__inst00,1,1
Poly,412,eth_flow_0xeb86d3cde085__r7fam04__inst00,1,1
Poly,412,eth_flow_0xeebc4db294f1__r7fam03__inst00,1,1
Poly,412,eth_flow_0xf25dc3609073__r7fam11__inst01,1,1
Poly,412,eth_flow_0xf380f68e2a42__r7fam16__inst01,1,1
Poly,413,eth_flow_0x1154eb9f0c4d__r7fam21__inst00,1,1
Poly,413,eth_flow_0x14b873121287__r7fam22__inst01,1,1
Poly,413,eth_flow_0x15763ee549de__r7fam13__inst00,1,1
Poly,413,eth_flow_0x2480deb6e4d9__r7fam09__inst00,1,1
Poly,413,eth_flow_0x2581fbd146aa__r7fam06__inst01,1,1
Poly,413,eth_flow_0x282ca438c8cb__r7fam14__inst00,1,1
Poly,413,eth_flow_0x2bf81d72f705__r7fam02__inst00,1,1
Poly,413,eth_flow_0x2e9716a247df__r7fam19__inst00,1,1
Poly,413,eth_flow_0x315f90620962__r7fam06__inst00,1,1
Poly,413,eth_flow_0x40d4a283a4ea__r7fam14__inst01,1,1
Poly,413,eth_flow_0x49b1a9f29016__r7fam01__inst00,1,1
Poly,413,eth_flow_0x4d323570e45d__r7fam21__inst01,1,1
Poly,413,eth_flow_0x536da18f84fa__r7fam07__inst01,1,1
Poly,413,eth_flow_0x60214a0b3217__r7fam18__inst00,1,1
Poly,413,eth_flow_0x611764c22e7d__r7fam15__inst01,1,1
Poly,413,eth_flow_0x617ebea0a19c__r7fam13__inst01,1,1
Poly,413,eth_flow_0x683ef4180e09__r7fam11__inst00,1,1
Poly,413,eth_flow_0x75e4a25fe8dd__r7fam05__inst01,1,1
Poly,413,eth_flow_0x76dcb16e4f6d__r7fam10__inst00,1,1
Poly,413,eth_flow_0x80fa5fc16c51__r7fam20__inst01,1,1
Poly,413,eth_flow_0x8171fb800be6__r7fam07__inst00,1,1
Poly,413,eth_flow_0x81e4c4fa61e7__r7fam01__inst01,1,1
Poly,413,eth_flow_0x8f449991c995__r7fam23__inst01,1,1
Poly,413,eth_flow_0x9097a845446e__r7fam16__inst01,1,1
Poly,413,eth_flow_0x9fcd9f48fb98__r7fam05__inst00,1,1
Poly,413,eth_flow_0xa0b1f3c1fb33__r7fam00__inst01,1,1
Poly,413,eth_flow_0xa2222c45a052__r7fam16__inst00,1,1
Poly,413,eth_flow_0xa33964277bd7__r7fam10__inst01,1,1
Poly,413,eth_flow_0xac29be42b701__r7fam18__inst01,1,1
Poly,413,eth_flow_0xad19b1102a84__r7fam20__inst00,1,1
Poly,413,eth_flow_0xaef40204021a__r7fam04__inst00,1,1
Poly,413,eth_flow_0xb02a1b978a91__r7fam00__inst00,1,1
Poly,413,eth_flow_0xb449f3420a96__r7fam08__inst01,1,1
Poly,413,eth_flow_0xb5a64910366d__r7fam23__inst00,1,1
Poly,413,eth_flow_0xb717ffa3f488__r7fam09__inst01,1,1
Poly,413,eth_flow_0xc19aaa4319d7__r7fam17__inst01,1,1
Poly,413,eth_flow_0xc8eec51af5a4__r7fam17__inst00,1,1
Poly,413,eth_flow_0xd09eb416c778__r7fam03__inst01,1,1
Poly,413,eth_flow_0xd4f5a2a87e25__r7fam11__inst01,1,1
Poly,413,eth_flow_0xd8222155831c__r7fam15__inst00,1,1
Poly,413,eth_flow_0xd9015503e86c__r7fam19__inst01,1,1
Poly,413,eth_flow_0xd94345cc188d__r7fam12__inst00,1,1
Poly,413,eth_flow_0xdb1bc7c01c5f__r7fam08__inst00,1,1
Poly,413,eth_flow_0xe99845d4604d__r7fam02__inst01,1,1
Poly,413,eth_flow_0xef5642b70d32__r7fam04__inst01,1,1
Poly,413,eth_flow_0xef9029087113__r7fam12__inst01,1,1
Poly,413,eth_flow_0xf561e794a626__r7fam22__inst00,1,1
Poly,413,eth_flow_0xf6aed3c5e32d__r7fam03__inst00,1,1
Poly,414,eth_flow_0x172a6e327207__r7fam19__inst00,1,1
Poly,414,eth_flow_0x1cfe635be8d7__r7fam20__inst01,1,1
Poly,414,eth_flow_0x220a7c2fcbb3__r7fam05__inst01,1,1
Poly,414,eth_flow_0x22428e167810__r7fam17__inst00,1,1
Poly,414,eth_flow_0x22c46de797e4__r7fam07__inst01,1,1
Poly,414,eth_flow_0x265be8b6e890__r7fam18__inst01,1,1
Poly,414,eth_flow_0x2bf81d72f705__r7fam02__inst01,1,1
Poly,414,eth_flow_0x2d2b4f507553__r7fam17__inst01,1,1
Poly,414,eth_flow_0x3a27f7bcafc4__r7fam06__inst00,1,1
Poly,414,eth_flow_0x400e55802849__r7fam23__inst00,1,1
Poly,414,eth_flow_0x43985c40892d__r7fam22__inst01,1,1
Poly,414,eth_flow_0x49aa1f4c98b8__r7fam23__inst01,1,1
Poly,414,eth_flow_0x4b8657df818f__r7fam09__inst01,1,1
Poly,414,eth_flow_0x4d49e49f3b22__r7fam01__inst01,1,1
Poly,414,eth_flow_0x50797437784c__r7fam08__inst01,1,1
Poly,414,eth_flow_0x6706d65b21ea__r7fam12__inst01,1,1
Poly,414,eth_flow_0x68aac6a0ca64__r7fam09__inst00,1,1
Poly,414,eth_flow_0x77ec2d336d13__r7fam02__inst00,1,1
Poly,414,eth_flow_0x7fcdcea78d0d__r7fam12__inst00,1,1
Poly,414,eth_flow_0x83cdd238d1a1__r7fam05__inst00,1,1
Poly,414,eth_flow_0x8dd2156fc130__r7fam13__inst01,1,1
Poly,414,eth_flow_0x92733a47a54c__r7fam03__inst00,1,1
Poly,414,eth_flow_0x99e381a8ac27__r7fam11__inst01,1,1
Poly,414,eth_flow_0x9a1ca3f9988d__r7fam01__inst00,1,1
Poly,414,eth_flow_0x9cf772c282ea__r7fam22__inst00,1,1
Poly,414,eth_flow_0x9f9ecb4e7239__r7fam16__inst00,1,1
Poly,414,eth_flow_0xa02116244742__r7fam15__inst00,1,1
Poly,414,eth_flow_0xa04e89b5fe86__r7fam21__inst00,1,1
Poly,414,eth_flow_0xa626891f711d__r7fam04__inst00,1,1
Poly,414,eth_flow_0xa862f2a4e378__r7fam19__inst01,1,1
Poly,414,eth_flow_0xa89b25e55812__r7fam14__inst01,1,1
Poly,414,eth_flow_0xab3eeb2820ab__r7fam06__inst01,1,1
Poly,414,eth_flow_0xb449f3420a96__r7fam08__inst00,1,1
Poly,414,eth_flow_0xb48f58a74dee__r7fam13__inst00,1,1
Poly,414,eth_flow_0xb4d7943c5d74__r7fam00__inst01,1,1
Poly,414,eth_flow_0xb8d23d3ae1d0__r7fam10__inst01,1,1
Poly,414,eth_flow_0xb93b2ed0d89e__r7fam11__inst00,1,1
Poly,414,eth_flow_0xc7db89deaf3e__r7fam20__inst00,1,1
Poly,414,eth_flow_0xcec6b2f51c51__r7fam16__inst01,1,1
Poly,414,eth_flow_0xd3402049c7ff__r7fam07__inst00,1,1
Poly,414,eth_flow_0xd669b1ed1133__r7fam18__inst00,1,1
Poly,414,eth_flow_0xd7a69596cc3b__r7fam15__inst01,1,1
Poly,414,eth_flow_0xd8804532b3ad__r7fam03__inst01,1,1
Poly,414,eth_flow_0xed61fd826483__r7fam14__inst00,1,1
Poly,414,eth_flow_0xedd37c6347e8__r7fam10__inst00,1,1
Poly,414,eth_flow_0xf260f68a9bfa__r7fam00__inst00,1,1
Poly,414,eth_flow_0xf5bab01511f0__r7fam04__inst01,1,1
Poly,414,eth_flow_0xff5a40741a1e__r7fam21__inst01,1,1
Poly,415,eth_flow_0x0532316f2750__r7fam06__inst01,1,1
Poly,415,eth_flow_0x061f02bc8c81__r7fam01__inst00,1,1
Poly,415,eth_flow_0x074c9ce2f055__r7fam08__inst00,1,1
Poly,415,eth_flow_0x0e0b88f95667__r7fam12__inst00,1,1
Poly,415,eth_flow_0x1d6b03d44ce8__r7fam18__inst01,1,1
Poly,415,eth_flow_0x218c43627fe4__r7fam02__inst01,1,1
Poly,415,eth_flow_0x27bb616c3c01__r7fam12__inst01,1,1
Poly,415,eth_flow_0x2bb5b11ee52f__r7fam10__inst00,1,1
Poly,415,eth_flow_0x308f1161cd7d__r7fam14__inst01,1,1
Poly,415,eth_flow_0x3cf00d0264c9__r7fam11__inst00,1,1
Poly,415,eth_flow_0x401c3274ba9a__r7fam17__inst01,1,1
Poly,415,eth_flow_0x434cae66e5f4__r7fam00__inst01,1,1
Poly,415,eth_flow_0x4dfea298d546__r7fam23__inst01,1,1
Poly,415,eth_flow_0x51792e3b81b9__r7fam20__inst01,1,1
Poly,415,eth_flow_0x5c15ca73f22e__r7fam03__inst00,1,1
Poly,415,eth_flow_0x5cdd1ad417e5__r7fam21__inst01,1,1
Poly,415,eth_flow_0x6a459ff4d261__r7fam11__inst01,1,1
Poly,415,eth_flow_0x6ad6cd13bae1__r7fam13__inst00,1,1
Poly,415,eth_flow_0x7000571029f3__r7fam07__inst01,1,1
Poly,415,eth_flow_0x71e6141efa8a__r7fam09__inst01,1,1
Poly,415,eth_flow_0x7796ff88faa2__r7fam05__inst01,1,1
Poly,415,eth_flow_0x77ec2d336d13__r7fam02__inst00,1,1
Poly,415,eth_flow_0x77f8516ef5c3__r7fam03__inst01,1,1
Poly,415,eth_flow_0x8171fb800be6__r7fam07__inst00,1,1
Poly,415,eth_flow_0x83cdd238d1a1__r7fam05__inst00,1,1
Poly,415,eth_flow_0x870b89712e1a__r7fam10__inst01,1,1
Poly,415,eth_flow_0x89dfb4dcd089__r7fam00__inst00,1,1
Poly,415,eth_flow_0x8c821139f200__r7fam21__inst00,1,1
Poly,415,eth_flow_0x95b353b4fbd0__r7fam15__inst00,1,1
Poly,415,eth_flow_0x9d4aa616fabd__r7fam04__inst00,1,1
Poly,415,eth_flow_0xa5eb4ea06189__r7fam01__inst01,1,1
Poly,415,eth_flow_0xae86a936be22__r7fam20__inst00,1,1
Poly,415,eth_flow_0xb44bf9be6dd3__r7fam04__inst01,1,1
Poly,415,eth_flow_0xc5ab0f81e69b__r7fam19__inst00,1,1
Poly,415,eth_flow_0xc776eefc71bb__r7fam09__inst00,1,1
Poly,415,eth_flow_0xc90c573e83be__r7fam16__inst00,1,1
Poly,415,eth_flow_0xce6d0cea8269__r7fam14__inst00,1,1
Poly,415,eth_flow_0xd15cd11aae5f__r7fam22__inst00,1,1
Poly,415,eth_flow_0xd73df2f36dd7__r7fam19__inst01,1,1
Poly,415,eth_flow_0xd7f269225b5e__r7fam17__inst00,1,1
Poly,415,eth_flow_0xd91d0a0f52ad__r7fam13__inst01,1,1
Poly,415,eth_flow_0xdc7d3fc2799f__r7fam18__inst00,1,1
Poly,415,eth_flow_0xea825db1e343__r7fam06__inst00,1,1
Poly,415,eth_flow_0xed366c169330__r7fam15__inst01,1,1
Poly,415,eth_flow_0xf380f68e2a42__r7fam16__inst01,1,1
Poly,415,eth_flow_0xf6c94d64a5c1__r7fam08__inst01,1,1
Poly,415,eth_flow_0xfec4d0e456c9__r7fam22__inst01,1,1
Poly,415,eth_flow_0xfec79ff40c06__r7fam23__inst00,1,1
Poly,416,eth_flow_0x0d334443788e__r7fam20__inst00,1,1
Poly,416,eth_flow_0x0e51b088e832__r7fam12__inst00,1,1
Poly,416,eth_flow_0x12e3e4bd5391__r7fam20__inst01,1,1
Poly,416,eth_flow_0x1f3645d23a29__r7fam11__inst00,1,1
Poly,416,eth_flow_0x214cdd214b0b__r7fam02__inst00,1,1
Poly,416,eth_flow_0x2581fbd146aa__r7fam06__inst00,1,1
Poly,416,eth_flow_0x2688c0b305f0__r7fam01__inst00,1,1
Poly,416,eth_flow_0x2ba9b12d4fbe__r7fam12__inst01,1,1
Poly,416,eth_flow_0x331052515e32__r7fam04__inst00,1,1
Poly,416,eth_flow_0x33d08808c8cf__r7fam17__inst01,1,1
Poly,416,eth_flow_0x37087359c159__r7fam17__inst00,1,1
Poly,416,eth_flow_0x398eeccc10c5__r7fam00__inst01,1,1
Poly,416,eth_flow_0x400e55802849__r7fam23__inst00,1,1
Poly,416,eth_flow_0x417445828ee4__r7fam03__inst01,1,1
Poly,416,eth_flow_0x4797abfe8e69__r7fam16__inst01,1,1
Poly,416,eth_flow_0x547aadf36c27__r7fam10__inst01,1,1
Poly,416,eth_flow_0x5f15f601af93__r7fam19__inst00,1,1
Poly,416,eth_flow_0x603b37131e37__r7fam10__inst00,1,1
Poly,416,eth_flow_0x6076dc6babe2__r7fam15__inst01,1,1
Poly,416,eth_flow_0x69ce6cf0df55__r7fam05__inst01,1,1
Poly,416,eth_flow_0x6d6238d061f0__r7fam23__inst01,1,1
Poly,416,eth_flow_0x6e55d15b6db3__r7fam19__inst01,1,1
Poly,416,eth_flow_0x75d9a5d75ae2__r7fam21__inst00,1,1
Poly,416,eth_flow_0x8665b7e20f72__r7fam15__inst00,1,1
Poly,416,eth_flow_0x8bd973e3ca7f__r7fam00__inst00,1,1
Poly,416,eth_flow_0x8f64fef413f4__r7fam21__inst01,1,1
Poly,416,eth_flow_0x90c7a139d24e__r7fam01__inst01,1,1
Poly,416,eth_flow_0x9bef681f257f__r7fam07__inst00,1,1
Poly,416,eth_flow_0xa50f0889d650__r7fam18__inst01,1,1
Poly,416,eth_flow_0xac007f58e88e__r7fam22__inst01,1,1
Poly,416,eth_flow_0xad047dbd800f__r7fam05__inst00,1,1
Poly,416,eth_flow_0xb260626056fd__r7fam07__inst01,1,1
Poly,416,eth_flow_0xb283fd2938d2__r7fam09__inst00,1,1
Poly,416,eth_flow_0xb95bbca89918__r7fam16__inst00,1,1
Poly,416,eth_flow_0xb975bd9938c2__r7fam03__inst00,1,1
Poly,416,eth_flow_0xbac65f8bf608__r7fam06__inst01,1,1
Poly,416,eth_flow_0xbd08ce02fc69__r7fam02__inst01,1,1
Poly,416,eth_flow_0xd15cd11aae5f__r7fam22__inst00,1,1
Poly,416,eth_flow_0xd4ef76a04d7d__r7fam09__inst01,1,1
Poly,416,eth_flow_0xd91d0a0f52ad__r7fam13__inst00,1,1
Poly,416,eth_flow_0xdbb6da886f6d__r7fam13__inst01,1,1
Poly,416,eth_flow_0xdf43f8f992b3__r7fam08__inst00,1,1
Poly,416,eth_flow_0xdf9bd18725a7__r7fam14__inst00,1,1
Poly,416,eth_flow_0xe25616bcada3__r7fam11__inst01,1,1
Poly,416,eth_flow_0xe32d61a25389__r7fam08__inst01,1,1
Poly,416,eth_flow_0xed9043b56378__r7fam14__inst01,1,1
Poly,416,eth_flow_0xfc9ea169353e__r7fam04__inst01,1,1
Poly,416,eth_flow_0xfe8885027233__r7fam18__inst00,1,1
Poly,417,eth_flow_0x02f30c7d8428__r7fam18__inst01,1,1
Poly,417,eth_flow_0x12cde47341c9__r7fam07__inst01,1,1
Poly,417,eth_flow_0x12d6a77d8fd0__r7fam06__inst00,1,1
Poly,417,eth_flow_0x1b4576eca62e__r7fam03__inst00,1,1
Poly,417,eth_flow_0x23a747465b88__r7fam20__inst00,1,1
Poly,417,eth_flow_0x261ba2b6f021__r7fam21__inst00,1,1
Poly,417,eth_flow_0x27792a6f9c86__r7fam06__inst01,1,1
Poly,417,eth_flow_0x2c5ece6b5f47__r7fam17__inst01,1,1
Poly,417,eth_flow_0x3263ecf77c4d__r7fam12__inst00,1,1
Poly,417,eth_flow_0x333edbd2e162__r7fam23__inst00,1,1
Poly,417,eth_flow_0x4ae87235a6d0__r7fam15__inst00,1,1
Poly,417,eth_flow_0x4dfea298d546__r7fam23__inst01,1,1
Poly,417,eth_flow_0x4e0edb71a353__r7fam01__inst01,1,1
Poly,417,eth_flow_0x648ad5a7358f__r7fam02__inst01,1,1
Poly,417,eth_flow_0x68e45ebd4015__r7fam21__inst01,1,1
Poly,417,eth_flow_0x6cf6c10d6dbd__r7fam07__inst00,1,1
Poly,417,eth_flow_0x6d52ee1d14fa__r7fam05__inst00,1,1
Poly,417,eth_flow_0x6e55d15b6db3__r7fam19__inst00,1,1
Poly,417,eth_flow_0x6ffb31cabffb__r7fam03__inst01,1,1
Poly,417,eth_flow_0x73ebc3e69ffc__r7fam11__inst00,1,1
Poly,417,eth_flow_0x77fa37893bcd__r7fam09__inst01,1,1
Poly,417,eth_flow_0x7b5cf9dd0e56__r7fam11__inst01,1,1
Poly,417,eth_flow_0x7be10ca0eb16__r7fam00__inst00,1,1
Poly,417,eth_flow_0x7d6a7278e80c__r7fam08__inst01,1,1
Poly,417,eth_flow_0x7f37628d8b43__r7fam22__inst01,1,1
Poly,417,eth_flow_0x8697884ef9d0__r7fam15__inst01,1,1
Poly,417,eth_flow_0x86fb20843fac__r7fam10__inst01,1,1
Poly,417,eth_flow_0x890cfdae6577__r7fam02__inst00,1,1
Poly,417,eth_flow_0x8ba5290f0487__r7fam22__inst00,1,1
Poly,417,eth_flow_0x8bc0b47ac506__r7fam14__inst00,1,1
Poly,417,eth_flow_0x97c7fd25f933__r7fam17__inst00,1,1
Poly,417,eth_flow_0xa3717fda4c1f__r7fam13__inst01,1,1
Poly,417,eth_flow_0xa9ad93615b42__r7fam16__inst00,1,1
Poly,417,eth_flow_0xb1eeac3cb605__r7fam01__inst00,1,1
Poly,417,eth_flow_0xb6caeb973ef2__r7fam18__inst00,1,1
Poly,417,eth_flow_0xbaa728cbbe2d__r7fam13__inst00,1,1
Poly,417,eth_flow_0xbd75a3aff022__r7fam16__inst01,1,1
Poly,417,eth_flow_0xcedc35312706__r7fam10__inst00,1,1
Poly,417,eth_flow_0xcf84e08788f2__r7fam20__inst01,1,1
Poly,417,eth_flow_0xd544f88b64ef__r7fam09__inst00,1,1
Poly,417,eth_flow_0xd5b497fda604__r7fam04__inst01,1,1
Poly,417,eth_flow_0xd73df2f36dd7__r7fam19__inst01,1,1
Poly,417,eth_flow_0xd8b351362f36__r7fam00__inst01,1,1
Poly,417,eth_flow_0xed3669a2daf6__r7fam05__inst01,1,1
Poly,417,eth_flow_0xed9043b56378__r7fam14__inst01,1,1
Poly,417,eth_flow_0xef9029087113__r7fam12__inst01,1,1
Poly,417,eth_flow_0xf2811e5bf639__r7fam04__inst00,1,1
Poly,417,eth_flow_0xf6c94d64a5c1__r7fam08__inst00,1,1
Poly,418,eth_flow_0x0501b12fbd70__r7fam16__inst00,1,1
Poly,418,eth_flow_0x074c9ce2f055__r7fam08__inst01,1,1
Poly,418,eth_flow_0x07d74fb67509__r7fam18__inst00,1,1
Poly,418,eth_flow_0x0d6a4b699f54__r7fam22__inst01,1,1
Poly,418,eth_flow_0x12e3e4bd5391__r7fam20__inst01,1,1
Poly,418,eth_flow_0x170d157d02d1__r7fam14__inst01,1,1
Poly,418,eth_flow_0x195baa576300__r7fam10__inst00,1,1
Poly,418,eth_flow_0x230a3f0234a2__r7fam02__inst00,1,1
Poly,418,eth_flow_0x2e0c03497e6b__r7fam06__inst01,1,1
Poly,418,eth_flow_0x484a0ad8be97__r7fam12__inst01,1,1
Poly,418,eth_flow_0x4886c7894fed__r7fam07__inst01,1,1
Poly,418,eth_flow_0x4a17c06e91fd__r7fam23__inst00,1,1
Poly,418,eth_flow_0x4c2d42d50a1b__r7fam00__inst00,1,1
Poly,418,eth_flow_0x4dfea298d546__r7fam23__inst01,1,1
Poly,418,eth_flow_0x4fbd08d698fc__r7fam20__inst00,1,1
Poly,418,eth_flow_0x4fe8e63679e5__r7fam21__inst01,1,1
Poly,418,eth_flow_0x51fffec69051__r7fam13__inst01,1,1
Poly,418,eth_flow_0x521b0d424256__r7fam06__inst00,1,1
Poly,418,eth_flow_0x52c80cf7a64a__r7fam12__inst00,1,1
Poly,418,eth_flow_0x58816ffa9aea__r7fam05__inst00,1,1
Poly,418,eth_flow_0x60f3c23fe514__r7fam03__inst01,1,1
Poly,418,eth_flow_0x6c250be9c2fa__r7fam11__inst01,1,1
Poly,418,eth_flow_0x79f5348465c7__r7fam13__inst00,1,1
Poly,418,eth_flow_0x7c5c6e1da41e__r7fam19__inst01,1,1
Poly,418,eth_flow_0x81e4c4fa61e7__r7fam01__inst00,1,1
Poly,418,eth_flow_0x840a1ac7ec4a__r7fam01__inst01,1,1
Poly,418,eth_flow_0x8d65e6acc669__r7fam17__inst01,1,1
Poly,418,eth_flow_0x9224be9e0e76__r7fam09__inst00,1,1
Poly,418,eth_flow_0x95da7d7f361f__r7fam00__inst01,1,1
Poly,418,eth_flow_0x9812cd222242__r7fam08__inst00,1,1
Poly,418,eth_flow_0x9cdcf58921e9__r7fam02__inst01,1,1
Poly,418,eth_flow_0xa04e89b5fe86__r7fam21__inst00,1,1
Poly,418,eth_flow_0xa904756b710e__r7fam04__inst01,1,1
Poly,418,eth_flow_0xaef22b6f59d5__r7fam03__inst00,1,1
Poly,418,eth_flow_0xb1d90eb28400__r7fam05__inst01,1,1
Poly,418,eth_flow_0xb8f6a9db096e__r7fam18__inst01,1,1
Poly,418,eth_flow_0xc0d9e234d323__r7fam22__inst00,1,1
Poly,418,eth_flow_0xc332fb2a7dc0__r7fam19__inst00,1,1
Poly,418,eth_flow_0xc41e79dd7ef4__r7fam15__inst01,1,1
Poly,418,eth_flow_0xc7ae1158fb48__r7fam16__inst01,1,1
Poly,418,eth_flow_0xd511211a0515__r7fam11__inst00,1,1
Poly,418,eth_flow_0xd5923ad073a3__r7fam04__inst00,1,1
Poly,418,eth_flow_0xdc70370fe3e5__r7fam10__inst01,1,1
Poly,418,eth_flow_0xe0f984c3d25c__r7fam09__inst01,1,1
Poly,418,eth_flow_0xe53b9239d8dc__r7fam07__inst00,1,1
Poly,418,eth_flow_0xebc0fda576da__r7fam17__inst00,1,1
Poly,418,eth_flow_0xf74ddd95e3e6__r7fam14__inst00,1,1
Poly,418,eth_flow_0xfffc8fc3cd0b__r7fam15__inst00,1,1
Poly,419,eth_flow_0x027cd0ff4af4__r7fam03__inst00,1,1
Poly,419,eth_flow_0x065f9ccbd667__r7fam00__inst00,1,1
Poly,419,eth_flow_0x074c9ce2f055__r7fam08__inst00,1,1
Poly,419,eth_flow_0x0f58aa7c6d75__r7fam11__inst01,1,1
Poly,419,eth_flow_0x104e420c66a9__r7fam22__inst01,1,1
Poly,419,eth_flow_0x11fcd3feace0__r7fam12__inst01,1,1
Poly,419,eth_flow_0x177ea7e33702__r7fam15__inst00,1,1
Poly,419,eth_flow_0x1fb0bc167839__r7fam18__inst00,1,1
Poly,419,eth_flow_0x20a73f352770__r7fam14__inst01,1,1
Poly,419,eth_flow_0x2471cd723b3b__r7fam08__inst01,1,1
Poly,419,eth_flow_0x29d1e663b99c__r7fam17__inst00,1,1
Poly,419,eth_flow_0x33df1ef66f50__r7fam20__inst00,1,1
Poly,419,eth_flow_0x3e62d711d080__r7fam18__inst01,1,1
Poly,419,eth_flow_0x43985c40892d__r7fam22__inst00,1,1
Poly,419,eth_flow_0x47e4458c99c1__r7fam10__inst00,1,1
Poly,419,eth_flow_0x4b48f17be7b3__r7fam01__inst00,1,1
Poly,419,eth_flow_0x5ad54e32f48c__r7fam21__inst01,1,1
Poly,419,eth_flow_0x5cbead7f05de__r7fam04__inst00,1,1
Poly,419,eth_flow_0x5cdd1ad417e5__r7fam21__inst00,1,1
Poly,419,eth_flow_0x5ff406352113__r7fam02__inst01,1,1
Poly,419,eth_flow_0x635663d705f5__r7fam23__inst00,1,1
Poly,419,eth_flow_0x6f6f74148156__r7fam09__inst00,1,1
Poly,419,eth_flow_0x711ec5461712__r7fam23__inst01,1,1
Poly,419,eth_flow_0x7fa8fe4c9388__r7fam17__inst01,1,1
Poly,419,eth_flow_0x846ab74fd9df__r7fam05__inst00,1,1
Poly,419,eth_flow_0x84f19177d613__r7fam03__inst01,1,1
Poly,419,eth_flow_0x8665b7e20f72__r7fam15__inst01,1,1
Poly,419,eth_flow_0x8c5ee7b3b106__r7fam09__inst01,1,1
Poly,419,eth_flow_0x95cc294ef533__r7fam10__inst01,1,1
Poly,419,eth_flow_0x9a0aad9ff81e__r7fam13__inst01,1,1
Poly,419,eth_flow_0x9bef681f257f__r7fam07__inst00,1,1
Poly,419,eth_flow_0x9fcd9f48fb98__r7fam05__inst01,1,1
Poly,419,eth_flow_0xa11d70eda566__r7fam06__inst00,1,1
Poly,419,eth_flow_0xa98acfb04f20__r7fam07__inst01,1,1
Poly,419,eth_flow_0xa9ad93615b42__r7fam16__inst00,1,1
Poly,419,eth_flow_0xae86a936be22__r7fam20__inst01,1,1
Poly,419,eth_flow_0xb3107f19c001__r7fam00__inst01,1,1
Poly,419,eth_flow_0xb60ac5c8e501__r7fam06__inst01,1,1
Poly,419,eth_flow_0xb849657c64fa__r7fam16__inst01,1,1
Poly,419,eth_flow_0xcdcef44f4323__r7fam13__inst00,1,1
Poly,419,eth_flow_0xd2347580356b__r7fam19__inst00,1,1
Poly,419,eth_flow_0xdcce63bc4637__r7fam12__inst00,1,1
Poly,419,eth_flow_0xe8a82d662c9e__r7fam01__inst01,1,1
Poly,419,eth_flow_0xf2811e5bf639__r7fam04__inst01,1,1
Poly,419,eth_flow_0xf3aa12c8242a__r7fam11__inst00,1,1
Poly,419,eth_flow_0xf4756f7dee15__r7fam14__inst00,1,1
Poly,419,eth_flow_0xfad142500bd3__r7fam19__inst01,1,1
Poly,419,eth_flow_0xfd061209995d__r7fam02__inst00,1,1
Poly,420,eth_flow_0x0532316f2750__r7fam06__inst01,1,1
Poly,420,eth_flow_0x06324ae11e7c__r7fam03__inst01,1,1
Poly,420,eth_flow_0x0c6b33f3f3f2__r7fam06__inst00,1,1
Poly,420,eth_flow_0x116e74b2b745__r7fam19__inst01,1,1
Poly,420,eth_flow_0x14382c95b4c9__r7fam23__inst00,1,1
Poly,420,eth_flow_0x1bce2e124056__r7fam20__inst01,1,1
Poly,420,eth_flow_0x2312e2859b90__r7fam10__inst00,1,1
Poly,420,eth_flow_0x2c71175a2658__r7fam23__inst01,1,1
Poly,420,eth_flow_0x371d51b89aec__r7fam03__inst00,1,1
Poly,420,eth_flow_0x3dde55d5a22f__r7fam07__inst00,1,1
Poly,420,eth_flow_0x4931f9b3bb93__r7fam02__inst00,1,1
Poly,420,eth_flow_0x4c025166d850__r7fam00__inst01,1,1
Poly,420,eth_flow_0x50a6ab824faa__r7fam02__inst01,1,1
Poly,420,eth_flow_0x52f76a2bedea__r7fam05__inst00,1,1
Poly,420,eth_flow_0x54272cd072e6__r7fam10__inst01,1,1
Poly,420,eth_flow_0x5750cfedb037__r7fam16__inst00,1,1
Poly,420,eth_flow_0x59de110c613f__r7fam22__inst01,1,1
Poly,420,eth_flow_0x5e0cb0c18eff__r7fam11__inst00,1,1
Poly,420,eth_flow_0x5f336a95e6d7__r7fam07__inst01,1,1
Poly,420,eth_flow_0x6597572f17e2__r7fam00__inst00,1,1
Poly,420,eth_flow_0x66a95ad1c5b2__r7fam13__inst00,1,1
Poly,420,eth_flow_0x67d5f02ec443__r7fam01__inst00,1,1
Poly,420,eth_flow_0x69ce6cf0df55__r7fam05__inst01,1,1
Poly,420,eth_flow_0x6d807e5b3f98__r7fam18__inst01,1,1
Poly,420,eth_flow_0x6e032f92608e__r7fam16__inst01,1,1
Poly,420,eth_flow_0x6ee37acb68a4__r7fam04__inst00,1,1
Poly,420,eth_flow_0x71987781dd16__r7fam21__inst01,1,1
Poly,420,eth_flow_0x72dd40ff4216__r7fam17__inst00,1,1
Poly,420,eth_flow_0x7658ff039048__r7fam01__inst01,1,1
Poly,420,eth_flow_0x7bb3a9dadbe1__r7fam22__inst00,1,1
Poly,420,eth_flow_0x82e6a6bf835f__r7fam12__inst00,1,1
Poly,420,eth_flow_0x8705d24f13bf__r7fam17__inst01,1,1
Poly,420,eth_flow_0x8bc0b47ac506__r7fam14__inst00,1,1
Poly,420,eth_flow_0xa03c051a19d7__r7fam09__inst00,1,1
Poly,420,eth_flow_0xa082f7e2472a__r7fam13__inst01,1,1
Poly,420,eth_flow_0xa1cfdcfcd31f__r7fam15__inst01,1,1
Poly,420,eth_flow_0xa862f2a4e378__r7fam19__inst00,1,1
Poly,420,eth_flow_0xa89b25e55812__r7fam14__inst01,1,1
Poly,420,eth_flow_0xa9cc4f37d790__r7fam11__inst01,1,1
Poly,420,eth_flow_0xb896f4ac3209__r7fam04__inst01,1,1
Poly,420,eth_flow_0xbd1209d2801f__r7fam08__inst01,1,1
Poly,420,eth_flow_0xc84f811033cd__r7fam18__inst00,1,1
Poly,420,eth_flow_0xd493a4486311__r7fam08__inst00,1,1
Poly,420,eth_flow_0xd5717fc37e3b__r7fam09__inst01,1,1
Poly,420,eth_flow_0xd8abea6456a9__r7fam21__inst00,1,1
Poly,420,eth_flow_0xda21e37a117f__r7fam15__inst00,1,1
Poly,420,eth_flow_0xdcce63bc4637__r7fam12__inst01,1,1
Poly,420,eth_flow_0xfccc90496897__r7fam20__inst00,1,1
