model,split,pair_precision,pair_recall,pair_f1,flow_mass_recall,split_recovery,merge_recovery,coverage_adjusted_effective_recall,ece_score,harmonic_mean_score,geometric_mean_score,worst_dimension_score
connector_style_adapted,dev,0.163916770698634,0.18838451882786383,0.12790470974243348,0.0001,0.9584333333237489,0.0012574074074061328,0.18838451882770907,0.5081763955878384,0.000739177931190239,0.05097199066280025,0.0001
abctracer_style_adapted,dev,0.0001,1.000099999996876,0.0001,0.9798328977534092,1.00009999999,1.0000999999988889,1.0000999999960556,1.0001,0.0003998796345857787,0.09975189255444789,0.0001
rcuot_q_precision_rerank,dev,1.0000999999893272,0.7839214783796994,1.0000999999927949,1.0000999999610218,0.0001,0.982738888887797,0.7839214783790563,0.8772866222869903,0.0007993838015059493,0.2921002188026926,0.0001
rcuot_q_recall_repair,dev,1.0000999999893272,0.7839214783796994,1.0000999999927949,1.0000999999610218,0.0001,0.982738888887797,0.7839214783790563,0.8772866222869903,0.0007993838015059493,0.2921002188026926,0.0001
rcuot_q_calibrated_recall_repair,dev,1.0000999999893272,0.7839214783796994,1.0000999999927949,1.0000999999610218,0.0001,0.982738888887797,0.7839214783790563,0.8772866222869903,0.0007993838015059493,0.2921002188026926,0.0001
rcuot_q_merge_recovery_decoder,dev,0.8681253763950096,0.0033543003254200275,0.7513543573483615,0.3778123971027258,0.0730166666659367,0.0012574074074061328,0.0033543003254170593,0.00010000001151034823,0.0007011171857525661,0.01998599054471759,0.00010000001151034823
rcuot_q_dual_operating_point,dev,1.0000999999893272,0.7839214783796994,1.0000999999927949,1.0000999999610218,0.0001,0.982738888887797,0.7839214783790563,0.8772866222869903,0.0007993838015059493,0.2921002188026926,0.0001
rcuot_q_balanced_frontier_v2,dev,0.8268762480938499,0.0001,0.7159291801955651,0.010959500443229965,0.0625999999993748,0.0001,0.0001,0.04395501717718632,0.0002654933967943835,0.008062328988853678,0.0001
rcuot_q_coverage_aware_balanced,dev,1.0000999999893272,0.7839214783796994,1.0000999999927949,1.0000999999610218,0.0001,0.982738888887797,0.7839214783790563,0.8772866222869903,0.0007993838015059493,0.2921002188026926,0.0001
