bridge,seed,k,epsilon,lambda,method,sinkhorn_iterations,sinkhorn_converged,sinkhorn_final_residual,sinkhorn_hit_max_iter,marginal_violation_row_l1,marginal_violation_col_l1,transport_mass_total,mass_retained_fraction,objective_cost,runtime_sec,run_id
Celer,201,5.0,0.01,0.5,CONDITIONAL_UOT_D4,628,True,9.9172472041281e-12,False,0.22330605029874467,0.22330756073578006,0.7766939497012555,0.7766939497012555,0.18133763850060747,0.35502980000455864,2026-09-17T03:14:30Z__pid29540
Celer,201,5.0,0.01,0.5,RAW_UOT_PLAN_D4,628,True,9.9172472041281e-12,False,0.22330605029874467,0.22330756073578006,0.7766939497012555,0.7766939497012555,0.18133763850060747,0.35502980000455864,2026-09-17T03:14:30Z__pid29540
Celer,201,5.0,0.02,0.5,CONDITIONAL_UOT_D4,319,True,9.767686064156851e-12,False,0.237233596390223,0.23723408093850443,0.7627664036097772,0.7627664036097772,0.17797473650057585,0.17820729999948526,2026-09-17T03:14:30Z__pid29540
Celer,201,5.0,0.02,0.5,RAW_UOT_PLAN_D4,319,True,9.767686064156851e-12,False,0.237233596390223,0.23723408093850443,0.7627664036097772,0.7627664036097772,0.17797473650057585,0.17820729999948526,2026-09-17T03:14:30Z__pid29540
Celer,201,5.0,0.05,0.5,CONDITIONAL_UOT_D4,131,True,8.959816442786158e-12,False,0.2752745780594206,0.2752745780594205,0.7247254219405795,0.7247254219405795,0.16956899379796564,0.15974940000160132,2026-09-17T03:14:29Z__pid29540
Celer,201,5.0,0.05,0.5,RAW_UOT_PLAN_D4,131,True,8.959816442786158e-12,False,0.2752745780594206,0.2752745780594205,0.7247254219405795,0.7247254219405795,0.16956899379796564,0.15974940000160132,2026-09-17T03:14:29Z__pid29540
Celer,201,5.0,0.1,0.5,CONDITIONAL_UOT_D4,69,True,7.415843379873427e-12,False,0.3205388516327069,0.32053885163270673,0.6794611483672932,0.6794611483672932,0.1919969538405541,0.11243249999824911,2026-09-17T03:14:30Z__pid29540
Celer,201,5.0,0.1,0.5,RAW_UOT_PLAN_D4,69,True,7.415843379873427e-12,False,0.3205388516327069,0.32053885163270673,0.6794611483672932,0.6794611483672932,0.1919969538405541,0.11243249999824911,2026-09-17T03:14:30Z__pid29540
Celer,201,5.0,0.2,0.5,CONDITIONAL_UOT_D4,37,True,9.095564204297272e-12,False,0.342583624084798,0.3425836240847979,0.6574163759152021,0.6574163759152021,0.27059288382454044,0.09673649999604095,2026-09-17T03:14:30Z__pid29540
Celer,201,5.0,0.2,0.5,RAW_UOT_PLAN_D4,37,True,9.095564204297272e-12,False,0.342583624084798,0.3425836240847979,0.6574163759152021,0.6574163759152021,0.27059288382454044,0.09673649999604095,2026-09-17T03:14:30Z__pid29540
Celer,202,5.0,0.01,0.5,CONDITIONAL_UOT_D4,624,True,9.909621522631704e-12,False,0.22002267949642879,0.2200226794964289,0.779977320503571,0.7799773205035713,0.1955834329162218,0.37726020000263816,2026-09-17T03:14:33Z__pid29540
Celer,202,5.0,0.01,0.5,RAW_UOT_PLAN_D4,624,True,9.909621522631704e-12,False,0.22002267949642879,0.2200226794964289,0.779977320503571,0.7799773205035713,0.1955834329162218,0.37726020000263816,2026-09-17T03:14:33Z__pid29540
Celer,202,5.0,0.02,0.5,CONDITIONAL_UOT_D4,320,True,9.460813904715545e-12,False,0.21827610941762407,0.21827610941762438,0.7817238905823761,0.7817238905823763,0.19602202004373395,0.21530540000094334,2026-09-17T03:14:33Z__pid29540
Celer,202,5.0,0.02,0.5,RAW_UOT_PLAN_D4,320,True,9.460813904715545e-12,False,0.21827610941762407,0.21827610941762438,0.7817238905823761,0.7817238905823763,0.19602202004373395,0.21530540000094334,2026-09-17T03:14:33Z__pid29540
Celer,202,5.0,0.05,0.5,CONDITIONAL_UOT_D4,129,True,9.213377826959381e-12,False,0.21315069497760644,0.2131506949776065,0.7868493050223935,0.7868493050223937,0.1973265048551218,0.16916040000069188,2026-09-17T03:14:32Z__pid29540
Celer,202,5.0,0.05,0.5,RAW_UOT_PLAN_D4,129,True,9.213377826959381e-12,False,0.21315069497760644,0.2131506949776065,0.7868493050223935,0.7868493050223937,0.1973265048551218,0.16916040000069188,2026-09-17T03:14:32Z__pid29540
Celer,202,5.0,0.1,0.5,CONDITIONAL_UOT_D4,67,True,9.414271678289007e-12,False,0.20486085333239856,0.20486085333239826,0.7951391466676014,0.7951391466676017,0.19996174143516565,0.09516810000059195,2026-09-17T03:14:33Z__pid29540
Celer,202,5.0,0.1,0.5,RAW_UOT_PLAN_D4,67,True,9.414271678289007e-12,False,0.20486085333239856,0.20486085333239826,0.7951391466676014,0.7951391466676017,0.19996174143516565,0.09516810000059195,2026-09-17T03:14:33Z__pid29540
Celer,202,5.0,0.2,0.5,CONDITIONAL_UOT_D4,36,True,9.272203605303644e-12,False,0.18960739071982893,0.18960739071982888,0.8103926092801709,0.8103926092801711,0.20408987561926453,0.09188970000104746,2026-09-17T03:14:34Z__pid29540
Celer,202,5.0,0.2,0.5,RAW_UOT_PLAN_D4,36,True,9.272203605303644e-12,False,0.18960739071982893,0.18960739071982888,0.8103926092801709,0.8103926092801711,0.20408987561926453,0.09188970000104746,2026-09-17T03:14:34Z__pid29540
Celer,203,5.0,0.01,0.5,CONDITIONAL_UOT_D4,618,True,9.621489530011943e-12,False,0.2307529410524638,0.23075294105246355,0.7692470589475364,0.7692470589475364,0.18472033173376667,0.28478009999525966,2026-09-17T03:14:36Z__pid29540
Celer,203,5.0,0.01,0.5,RAW_UOT_PLAN_D4,618,True,9.621489530011943e-12,False,0.2307529410524638,0.23075294105246355,0.7692470589475364,0.7692470589475364,0.18472033173376667,0.28478009999525966,2026-09-17T03:14:36Z__pid29540
Celer,203,5.0,0.02,0.5,CONDITIONAL_UOT_D4,319,True,9.45855118798827e-12,False,0.2471040140772817,0.24710401407728155,0.7528959859227184,0.7528959859227184,0.18084049081969905,0.20493100000021514,2026-09-17T03:14:36Z__pid29540
Celer,203,5.0,0.02,0.5,RAW_UOT_PLAN_D4,319,True,9.45855118798827e-12,False,0.2471040140772817,0.24710401407728155,0.7528959859227184,0.7528959859227184,0.18084049081969905,0.20493100000021514,2026-09-17T03:14:36Z__pid29540
Celer,203,5.0,0.05,0.5,CONDITIONAL_UOT_D4,131,True,9.353701809358153e-12,False,0.29162587981851323,0.29162587981851307,0.7083741201814869,0.7083741201814869,0.17111438252514868,0.11121230000571813,2026-09-17T03:14:35Z__pid29540
Celer,203,5.0,0.05,0.5,RAW_UOT_PLAN_D4,131,True,9.353701809358153e-12,False,0.29162587981851323,0.29162587981851307,0.7083741201814869,0.7083741201814869,0.17111438252514868,0.11121230000571813,2026-09-17T03:14:35Z__pid29540
Celer,203,5.0,0.1,0.5,CONDITIONAL_UOT_D4,69,True,8.180941066882317e-12,False,0.34394199471523296,0.34394199471523307,0.6560580052847673,0.6560580052847673,0.19933759261008105,0.11904040000081295,2026-09-17T03:14:36Z__pid29540
Celer,203,5.0,0.1,0.5,RAW_UOT_PLAN_D4,69,True,8.180941066882317e-12,False,0.34394199471523296,0.34394199471523307,0.6560580052847673,0.6560580052847673,0.19933759261008105,0.11904040000081295,2026-09-17T03:14:36Z__pid29540
Celer,203,5.0,0.2,0.5,CONDITIONAL_UOT_D4,38,True,5.116553704935921e-12,False,0.3667271062545968,0.3667271062545966,0.6332728937454034,0.6332728937454034,0.29051166807397716,0.10712919999787118,2026-09-17T03:14:37Z__pid29540
Celer,203,5.0,0.2,0.5,RAW_UOT_PLAN_D4,38,True,5.116553704935921e-12,False,0.3667271062545968,0.3667271062545966,0.6332728937454034,0.6332728937454034,0.29051166807397716,0.10712919999787118,2026-09-17T03:14:37Z__pid29540
Celer,204,5.0,0.01,0.5,CONDITIONAL_UOT_D4,627,True,9.745072291530948e-12,False,0.28563660848256095,0.2542137899087206,0.7457862100912793,0.7457862100912793,0.18567145361657883,0.3445891000010306,2026-09-17T03:14:39Z__pid29540
Celer,204,5.0,0.01,0.5,RAW_UOT_PLAN_D4,627,True,9.745072291530948e-12,False,0.28563660848256095,0.2542137899087206,0.7457862100912793,0.7457862100912793,0.18567145361657883,0.3445891000010306,2026-09-17T03:14:39Z__pid29540
Celer,204,5.0,0.02,0.5,CONDITIONAL_UOT_D4,316,True,9.690385521282057e-12,False,0.293876633949064,0.27176981281416646,0.7282301871858334,0.7282301871858334,0.18424436524842494,0.22256600000400795,2026-09-17T03:14:39Z__pid29540
Celer,204,5.0,0.02,0.5,RAW_UOT_PLAN_D4,316,True,9.690385521282057e-12,False,0.293876633949064,0.27176981281416646,0.7282301871858334,0.7282301871858334,0.18424436524842494,0.22256600000400795,2026-09-17T03:14:39Z__pid29540
Celer,204,5.0,0.05,0.5,CONDITIONAL_UOT_D4,131,True,9.391658796299128e-12,False,0.31769789107861734,0.31769789107861723,0.6823021089213828,0.6823021089213828,0.18199394199754565,0.11864970000169706,2026-09-17T03:14:38Z__pid29540
Celer,204,5.0,0.05,0.5,RAW_UOT_PLAN_D4,131,True,9.391658796299128e-12,False,0.31769789107861734,0.31769789107861723,0.6823021089213828,0.6823021089213828,0.18199394199754565,0.11864970000169706,2026-09-17T03:14:38Z__pid29540
Celer,204,5.0,0.1,0.5,CONDITIONAL_UOT_D4,69,True,8.852165716927521e-12,False,0.36912130394973536,0.3691213039497354,0.6308786960502647,0.6308786960502647,0.21612546489378376,0.12798759999714093,2026-09-17T03:14:40Z__pid29540
Celer,204,5.0,0.1,0.5,RAW_UOT_PLAN_D4,69,True,8.852165716927521e-12,False,0.36912130394973536,0.3691213039497354,0.6308786960502647,0.6308786960502647,0.21612546489378376,0.12798759999714093,2026-09-17T03:14:40Z__pid29540
Celer,204,5.0,0.2,0.5,CONDITIONAL_UOT_D4,38,True,5.602318705627099e-12,False,0.38922023947946094,0.389220239479461,0.6107797605205393,0.6107797605205393,0.3111553125899536,0.08992489999945974,2026-09-17T03:14:40Z__pid29540
Celer,204,5.0,0.2,0.5,RAW_UOT_PLAN_D4,38,True,5.602318705627099e-12,False,0.38922023947946094,0.389220239479461,0.6107797605205393,0.6107797605205393,0.3111553125899536,0.08992489999945974,2026-09-17T03:14:40Z__pid29540
Celer,205,5.0,0.01,0.5,CONDITIONAL_UOT_D4,618,True,9.635700518800311e-12,False,0.23362442974439152,0.2336244297443914,0.7663755702556085,0.7663755702556085,0.18415494160029977,0.23167140000441577,2026-09-17T03:14:42Z__pid29540
Celer,205,5.0,0.01,0.5,RAW_UOT_PLAN_D4,618,True,9.635700518800311e-12,False,0.23362442974439152,0.2336244297443914,0.7663755702556085,0.7663755702556085,0.18415494160029977,0.23167140000441577,2026-09-17T03:14:42Z__pid29540
Celer,205,5.0,0.02,0.5,CONDITIONAL_UOT_D4,318,True,9.913131380507663e-12,False,0.2525668539282543,0.25256685392825406,0.7474331460717458,0.7474331460717458,0.1796502188706134,0.19522239999787416,2026-09-17T03:14:42Z__pid29540
Celer,205,5.0,0.02,0.5,RAW_UOT_PLAN_D4,318,True,9.913131380507663e-12,False,0.2525668539282543,0.25256685392825406,0.7474331460717458,0.7474331460717458,0.1796502188706134,0.19522239999787416,2026-09-17T03:14:42Z__pid29540
Celer,205,5.0,0.05,0.5,CONDITIONAL_UOT_D4,131,True,9.530252470201754e-12,False,0.30413012034769676,0.30413012034769643,0.6958698796523035,0.6958698796523035,0.16851708121168862,0.10632550000445917,2026-09-17T03:14:41Z__pid29540
Celer,205,5.0,0.05,0.5,RAW_UOT_PLAN_D4,131,True,9.530252470201754e-12,False,0.30413012034769676,0.30413012034769643,0.6958698796523035,0.6958698796523035,0.16851708121168862,0.10632550000445917,2026-09-17T03:14:41Z__pid29540
Celer,205,5.0,0.1,0.5,CONDITIONAL_UOT_D4,69,True,8.87316265090195e-12,False,0.36392435442594995,0.36392435442595006,0.63607564557405,0.63607564557405,0.20386476524777639,0.12218959999881918,2026-09-17T03:14:42Z__pid29540
Celer,205,5.0,0.1,0.5,RAW_UOT_PLAN_D4,69,True,8.87316265090195e-12,False,0.36392435442594995,0.36392435442595006,0.63607564557405,0.63607564557405,0.20386476524777639,0.12218959999881918,2026-09-17T03:14:42Z__pid29540
Celer,205,5.0,0.2,0.5,CONDITIONAL_UOT_D4,38,True,5.589005548226052e-12,False,0.38714565965312114,0.38714565965312103,0.612854340346879,0.612854340346879,0.30929028582463747,0.09223449999990407,2026-09-17T03:14:43Z__pid29540
Celer,205,5.0,0.2,0.5,RAW_UOT_PLAN_D4,38,True,5.589005548226052e-12,False,0.38714565965312114,0.38714565965312103,0.612854340346879,0.612854340346879,0.30929028582463747,0.09223449999990407,2026-09-17T03:14:43Z__pid29540
Multi,201,5.0,0.01,0.5,CONDITIONAL_UOT_D4,625,True,9.770253373086414e-12,False,0.2748842895721323,0.2748842895721325,0.7251157104278677,0.7251157104278677,0.21289986708101824,0.3040746000042418,2026-09-17T03:14:45Z__pid29540
Multi,201,5.0,0.01,0.5,RAW_UOT_PLAN_D4,625,True,9.770253373086414e-12,False,0.2748842895721323,0.2748842895721325,0.7251157104278677,0.7251157104278677,0.21289986708101824,0.3040746000042418,2026-09-17T03:14:45Z__pid29540
Multi,201,5.0,0.02,0.5,CONDITIONAL_UOT_D4,316,True,9.899583852731988e-12,False,0.28717708267986003,0.28717708267986014,0.7128229173201399,0.7128229173201399,0.2099784594179663,0.17690489999949932,2026-09-17T03:14:45Z__pid29540
Multi,201,5.0,0.02,0.5,RAW_UOT_PLAN_D4,316,True,9.899583852731988e-12,False,0.28717708267986003,0.28717708267986014,0.7128229173201399,0.7128229173201399,0.2099784594179663,0.17690489999949932,2026-09-17T03:14:45Z__pid29540
Multi,201,5.0,0.05,0.5,CONDITIONAL_UOT_D4,131,True,8.986215706814507e-12,False,0.3195061572587218,0.31950615725872195,0.6804938427412782,0.6804938427412782,0.20630910094875757,0.13923049999721115,2026-09-17T03:14:44Z__pid29540
Multi,201,5.0,0.05,0.5,RAW_UOT_PLAN_D4,131,True,8.986215706814507e-12,False,0.3195061572587218,0.31950615725872195,0.6804938427412782,0.6804938427412782,0.20630910094875757,0.13923049999721115,2026-09-17T03:14:44Z__pid29540
Multi,201,5.0,0.1,0.5,CONDITIONAL_UOT_D4,69,True,8.05162009164728e-12,False,0.3516180509815774,0.35161805098157756,0.6483819490184226,0.6483819490184226,0.2357947315119429,0.10153130000253441,2026-09-17T03:14:45Z__pid29540
Multi,201,5.0,0.1,0.5,RAW_UOT_PLAN_D4,69,True,8.05162009164728e-12,False,0.3516180509815774,0.35161805098157756,0.6483819490184226,0.6483819490184226,0.2357947315119429,0.10153130000253441,2026-09-17T03:14:45Z__pid29540
Multi,201,5.0,0.2,0.5,CONDITIONAL_UOT_D4,37,True,9.788684458577203e-12,False,0.3601870459666441,0.36018704596664397,0.639812954033356,0.639812954033356,0.3003668339197952,0.0924109000043245,2026-09-17T03:14:46Z__pid29540
Multi,201,5.0,0.2,0.5,RAW_UOT_PLAN_D4,37,True,9.788684458577203e-12,False,0.3601870459666441,0.36018704596664397,0.639812954033356,0.639812954033356,0.3003668339197952,0.0924109000043245,2026-09-17T03:14:46Z__pid29540
Multi,202,5.0,0.01,0.5,CONDITIONAL_UOT_D4,636,True,9.676998702793226e-12,False,0.2507921653843646,0.2507947595963512,0.7492078346156356,0.7492078346156357,0.20171300807837123,0.24918070000421721,2026-09-17T03:14:48Z__pid29540
Multi,202,5.0,0.01,0.5,RAW_UOT_PLAN_D4,636,True,9.676998702793226e-12,False,0.2507921653843646,0.2507947595963512,0.7492078346156356,0.7492078346156357,0.20171300807837123,0.24918070000421721,2026-09-17T03:14:48Z__pid29540
Multi,202,5.0,0.02,0.5,CONDITIONAL_UOT_D4,318,True,9.694998959378066e-12,False,0.26383659752934074,0.2638365975293405,0.7361634024706595,0.7361634024706596,0.19832121361002747,0.21150939999643015,2026-09-17T03:14:48Z__pid29540
Multi,202,5.0,0.02,0.5,RAW_UOT_PLAN_D4,318,True,9.694998959378066e-12,False,0.26383659752934074,0.2638365975293405,0.7361634024706595,0.7361634024706596,0.19832121361002747,0.21150939999643015,2026-09-17T03:14:48Z__pid29540
Multi,202,5.0,0.05,0.5,CONDITIONAL_UOT_D4,131,True,9.245132919026306e-12,False,0.29864319662325245,0.29864319662325245,0.7013568033767478,0.7013568033767479,0.19199109203393547,0.1526674999986426,2026-09-17T03:14:47Z__pid29540
Multi,202,5.0,0.05,0.5,RAW_UOT_PLAN_D4,131,True,9.245132919026306e-12,False,0.29864319662325245,0.29864319662325245,0.7013568033767478,0.7013568033767479,0.19199109203393547,0.1526674999986426,2026-09-17T03:14:47Z__pid29540
Multi,202,5.0,0.1,0.5,CONDITIONAL_UOT_D4,69,True,7.80332498703219e-12,False,0.3346347383628323,0.3346347383628322,0.6653652616371678,0.6653652616371679,0.22248572631035107,0.11759430000529392,2026-09-17T03:14:49Z__pid29540
Multi,202,5.0,0.1,0.5,RAW_UOT_PLAN_D4,69,True,7.80332498703219e-12,False,0.3346347383628323,0.3346347383628322,0.6653652616371678,0.6653652616371679,0.22248572631035107,0.11759430000529392,2026-09-17T03:14:49Z__pid29540
Multi,202,5.0,0.2,0.5,CONDITIONAL_UOT_D4,37,True,9.135915482866541e-12,False,0.3438849896157698,0.3438849896157695,0.6561150103842304,0.6561150103842305,0.28928506759726325,0.0992130000013276,2026-09-17T03:14:49Z__pid29540
Multi,202,5.0,0.2,0.5,RAW_UOT_PLAN_D4,37,True,9.135915482866541e-12,False,0.3438849896157698,0.3438849896157695,0.6561150103842304,0.6561150103842305,0.28928506759726325,0.0992130000013276,2026-09-17T03:14:49Z__pid29540
Multi,203,5.0,0.01,0.5,CONDITIONAL_UOT_D4,643,True,9.793940696550711e-12,False,0.2662579303095911,0.26648282451450767,0.7337420696904089,0.7337420696904089,0.2077625261951164,0.4150604999958887,2026-09-17T03:14:51Z__pid29540
Multi,203,5.0,0.01,0.5,RAW_UOT_PLAN_D4,643,True,9.793940696550711e-12,False,0.2662579303095911,0.26648282451450767,0.7337420696904089,0.7337420696904089,0.2077625261951164,0.4150604999958887,2026-09-17T03:14:51Z__pid29540
Multi,203,5.0,0.02,0.5,CONDITIONAL_UOT_D4,322,True,9.723401045603813e-12,False,0.2811885591683284,0.2811885591683285,0.7188114408316715,0.7188114408316715,0.2037968679571276,0.22318369999993593,2026-09-17T03:14:52Z__pid29540
Multi,203,5.0,0.02,0.5,RAW_UOT_PLAN_D4,322,True,9.723401045603813e-12,False,0.2811885591683284,0.2811885591683285,0.7188114408316715,0.7188114408316715,0.2037968679571276,0.22318369999993593,2026-09-17T03:14:52Z__pid29540
Multi,203,5.0,0.05,0.5,CONDITIONAL_UOT_D4,131,True,9.676434981380345e-12,False,0.3207849597079028,0.3207849597079028,0.6792150402920973,0.6792150402920973,0.19824460196591392,0.1721938999980921,2026-09-17T03:14:50Z__pid29540
Multi,203,5.0,0.05,0.5,RAW_UOT_PLAN_D4,131,True,9.676434981380345e-12,False,0.3207849597079028,0.3207849597079028,0.6792150402920973,0.6792150402920973,0.19824460196591392,0.1721938999980921,2026-09-17T03:14:50Z__pid29540
Multi,203,5.0,0.1,0.5,CONDITIONAL_UOT_D4,69,True,8.53599148561711e-12,False,0.3600136144653246,0.3600136144653248,0.6399863855346754,0.6399863855346754,0.23366646452046821,0.11575250000169035,2026-09-17T03:14:52Z__pid29540
Multi,203,5.0,0.1,0.5,RAW_UOT_PLAN_D4,69,True,8.53599148561711e-12,False,0.3600136144653246,0.3600136144653248,0.6399863855346754,0.6399863855346754,0.23366646452046821,0.11575250000169035,2026-09-17T03:14:52Z__pid29540
Multi,203,5.0,0.2,0.5,CONDITIONAL_UOT_D4,38,True,5.214642593208132e-12,False,0.3703849712804662,0.37038497128046644,0.6296150287195337,0.6296150287195337,0.30736196890391504,0.0872698000021046,2026-09-17T03:14:52Z__pid29540
Multi,203,5.0,0.2,0.5,RAW_UOT_PLAN_D4,38,True,5.214642593208132e-12,False,0.3703849712804662,0.37038497128046644,0.6296150287195337,0.6296150287195337,0.30736196890391504,0.0872698000021046,2026-09-17T03:14:52Z__pid29540
Multi,204,5.0,0.01,0.5,CONDITIONAL_UOT_D4,630,True,9.97595477131987e-12,False,0.2690646409670526,0.270160441661275,0.7309353590329474,0.7309353590329474,0.2136637787766365,0.24376789999951143,2026-09-17T03:14:54Z__pid29540
Multi,204,5.0,0.01,0.5,RAW_UOT_PLAN_D4,630,True,9.97595477131987e-12,False,0.2690646409670526,0.270160441661275,0.7309353590329474,0.7309353590329474,0.2136637787766365,0.24376789999951143,2026-09-17T03:14:54Z__pid29540
Multi,204,5.0,0.02,0.5,CONDITIONAL_UOT_D4,318,True,9.703098930901527e-12,False,0.27940001506324713,0.279496775426327,0.7205999849367529,0.7205999849367529,0.2109349309726667,0.1746895999967819,2026-09-17T03:14:54Z__pid29540
Multi,204,5.0,0.02,0.5,RAW_UOT_PLAN_D4,318,True,9.703098930901527e-12,False,0.27940001506324713,0.279496775426327,0.7205999849367529,0.7205999849367529,0.2109349309726667,0.1746895999967819,2026-09-17T03:14:54Z__pid29540
Multi,204,5.0,0.05,0.5,CONDITIONAL_UOT_D4,131,True,8.877956164831998e-12,False,0.30659867417807013,0.30659867417807,0.6934013258219299,0.6934013258219299,0.20741864562524245,0.12198650000209454,2026-09-17T03:14:53Z__pid29540
Multi,204,5.0,0.05,0.5,RAW_UOT_PLAN_D4,131,True,8.877956164831998e-12,False,0.30659867417807013,0.30659867417807,0.6934013258219299,0.6934013258219299,0.20741864562524245,0.12198650000209454,2026-09-17T03:14:53Z__pid29540
Multi,204,5.0,0.1,0.5,CONDITIONAL_UOT_D4,69,True,7.573511885178407e-12,False,0.33298661656063056,0.3329866165606299,0.6670133834393697,0.6670133834393697,0.2325060024706893,0.08519320000050357,2026-09-17T03:14:55Z__pid29540
Multi,204,5.0,0.1,0.5,RAW_UOT_PLAN_D4,69,True,7.573511885178407e-12,False,0.33298661656063056,0.3329866165606299,0.6670133834393697,0.6670133834393697,0.2325060024706893,0.08519320000050357,2026-09-17T03:14:55Z__pid29540
Multi,204,5.0,0.2,0.5,CONDITIONAL_UOT_D4,37,True,8.839469197265222e-12,False,0.337757947896679,0.33775794789667946,0.6622420521033212,0.6622420521033212,0.2881675987497072,0.08408030000282452,2026-09-17T03:14:55Z__pid29540
Multi,204,5.0,0.2,0.5,RAW_UOT_PLAN_D4,37,True,8.839469197265222e-12,False,0.337757947896679,0.33775794789667946,0.6622420521033212,0.6622420521033212,0.2881675987497072,0.08408030000282452,2026-09-17T03:14:55Z__pid29540
Multi,205,5.0,0.01,0.5,CONDITIONAL_UOT_D4,638,True,9.697802196486212e-12,False,0.2919992643716682,0.2932453059412478,0.7080007356283318,0.7080007356283318,0.22060097127602107,0.2700929999991786,2026-09-17T03:14:57Z__pid29540
Multi,205,5.0,0.01,0.5,RAW_UOT_PLAN_D4,638,True,9.697802196486212e-12,False,0.2919992643716682,0.2932453059412478,0.7080007356283318,0.7080007356283318,0.22060097127602107,0.2700929999991786,2026-09-17T03:14:57Z__pid29540
Multi,205,5.0,0.02,0.5,CONDITIONAL_UOT_D4,321,True,9.318467503974048e-12,False,0.3079601845148157,0.3079601845148159,0.6920398154851845,0.6920398154851845,0.2165885812478125,0.19300620000285562,2026-09-17T03:14:57Z__pid29540
Multi,205,5.0,0.02,0.5,RAW_UOT_PLAN_D4,321,True,9.318467503974048e-12,False,0.3079601845148157,0.3079601845148159,0.6920398154851845,0.6920398154851845,0.2165885812478125,0.19300620000285562,2026-09-17T03:14:57Z__pid29540
Multi,205,5.0,0.05,0.5,CONDITIONAL_UOT_D4,132,True,8.691873913299607e-12,False,0.3494059832659785,0.3494059832659785,0.6505940167340215,0.6505940167340215,0.21314000277563755,0.15875570000207517,2026-09-17T03:14:56Z__pid29540
Multi,205,5.0,0.05,0.5,RAW_UOT_PLAN_D4,132,True,8.691873913299607e-12,False,0.3494059832659785,0.3494059832659785,0.6505940167340215,0.6505940167340215,0.21314000277563755,0.15875570000207517,2026-09-17T03:14:56Z__pid29540
Multi,205,5.0,0.1,0.5,CONDITIONAL_UOT_D4,69,True,9.326336601539863e-12,False,0.38590943833486124,0.38590943833486135,0.6140905616651388,0.6140905616651388,0.2580540782723906,0.12327930000174092,2026-09-17T03:14:58Z__pid29540
Multi,205,5.0,0.1,0.5,RAW_UOT_PLAN_D4,69,True,9.326336601539863e-12,False,0.38590943833486124,0.38590943833486135,0.6140905616651388,0.6140905616651388,0.2580540782723906,0.12327930000174092,2026-09-17T03:14:58Z__pid29540
Multi,205,5.0,0.2,0.5,CONDITIONAL_UOT_D4,38,True,5.5768776159586855e-12,False,0.3887817715232511,0.3887817715232512,0.6112182284767489,0.6112182284767489,0.3295770772751802,0.06321969999407884,2026-09-17T03:14:58Z__pid29540
Multi,205,5.0,0.2,0.5,RAW_UOT_PLAN_D4,38,True,5.5768776159586855e-12,False,0.3887817715232511,0.3887817715232512,0.6112182284767489,0.6112182284767489,0.3295770772751802,0.06321969999407884,2026-09-17T03:14:58Z__pid29540
Poly,201,5.0,0.01,0.5,CONDITIONAL_UOT_D4,631,True,9.717669385152808e-12,False,0.2294972598783029,0.22949725987830294,0.7705027401216972,0.7705027401216972,0.17911580444922096,0.283797100004449,2026-09-17T03:15:00Z__pid29540
Poly,201,5.0,0.01,0.5,RAW_UOT_PLAN_D4,631,True,9.717669385152808e-12,False,0.2294972598783029,0.22949725987830294,0.7705027401216972,0.7705027401216972,0.17911580444922096,0.283797100004449,2026-09-17T03:15:00Z__pid29540
Poly,201,5.0,0.02,0.5,CONDITIONAL_UOT_D4,322,True,9.695340253833098e-12,False,0.25046193566513786,0.2504619356651378,0.7495380643348623,0.7495380643348623,0.17423996450497053,0.1842294000016409,2026-09-17T03:15:00Z__pid29540
Poly,201,5.0,0.02,0.5,RAW_UOT_PLAN_D4,322,True,9.695340253833098e-12,False,0.25046193566513786,0.2504619356651378,0.7495380643348623,0.7495380643348623,0.17423996450497053,0.1842294000016409,2026-09-17T03:15:00Z__pid29540
Poly,201,5.0,0.05,0.5,CONDITIONAL_UOT_D4,131,True,9.60681267129868e-12,False,0.30730483203163467,0.3073048320316347,0.6926951679683654,0.6926951679683654,0.16322162736566564,0.12139409999508644,2026-09-17T03:14:59Z__pid29540
Poly,201,5.0,0.05,0.5,RAW_UOT_PLAN_D4,131,True,9.60681267129868e-12,False,0.30730483203163467,0.3073048320316347,0.6926951679683654,0.6926951679683654,0.16322162736566564,0.12139409999508644,2026-09-17T03:14:59Z__pid29540
Poly,201,5.0,0.1,0.5,CONDITIONAL_UOT_D4,69,True,9.00120647662015e-12,False,0.367223753161508,0.367223753161508,0.6327762468384922,0.6327762468384922,0.21902519192129977,0.10297919999720762,2026-09-17T03:15:00Z__pid29540
Poly,201,5.0,0.1,0.5,RAW_UOT_PLAN_D4,69,True,9.00120647662015e-12,False,0.367223753161508,0.367223753161508,0.6327762468384922,0.6327762468384922,0.21902519192129977,0.10297919999720762,2026-09-17T03:15:00Z__pid29540
Poly,201,5.0,0.2,0.5,CONDITIONAL_UOT_D4,38,True,5.459555791645072e-12,False,0.37962108261964916,0.3796210826196492,0.620378917380351,0.620378917380351,0.32104305416730516,0.11295660000178032,2026-09-17T03:15:01Z__pid29540
Poly,201,5.0,0.2,0.5,RAW_UOT_PLAN_D4,38,True,5.459555791645072e-12,False,0.37962108261964916,0.3796210826196492,0.620378917380351,0.620378917380351,0.32104305416730516,0.11295660000178032,2026-09-17T03:15:01Z__pid29540
Poly,202,5.0,0.01,0.5,CONDITIONAL_UOT_D4,633,True,9.969170176073775e-12,False,0.2246497399174241,0.22464973991742399,0.7753502600825759,0.7753502600825761,0.18073863835611692,0.24167969999689376,2026-09-17T03:15:03Z__pid29540
Poly,202,5.0,0.01,0.5,RAW_UOT_PLAN_D4,633,True,9.969170176073775e-12,False,0.2246497399174241,0.22464973991742399,0.7753502600825759,0.7753502600825761,0.18073863835611692,0.24167969999689376,2026-09-17T03:15:03Z__pid29540
Poly,202,5.0,0.02,0.5,CONDITIONAL_UOT_D4,321,True,9.562284544633938e-12,False,0.2404206882324803,0.2404206882324802,0.7595793117675197,0.7595793117675199,0.17703038976976995,0.15671930000098655,2026-09-17T03:15:03Z__pid29540
Poly,202,5.0,0.02,0.5,RAW_UOT_PLAN_D4,321,True,9.562284544633938e-12,False,0.2404206882324803,0.2404206882324802,0.7595793117675197,0.7595793117675199,0.17703038976976995,0.15671930000098655,2026-09-17T03:15:03Z__pid29540
Poly,202,5.0,0.05,0.5,CONDITIONAL_UOT_D4,131,True,8.965904797524565e-12,False,0.28316053173962136,0.2831605317396212,0.7168394682603788,0.7168394682603789,0.1687220469294944,0.10966909999842755,2026-09-17T03:15:02Z__pid29540
Poly,202,5.0,0.05,0.5,RAW_UOT_PLAN_D4,131,True,8.965904797524565e-12,False,0.28316053173962136,0.2831605317396212,0.7168394682603788,0.7168394682603789,0.1687220469294944,0.10966909999842755,2026-09-17T03:15:02Z__pid29540
Poly,202,5.0,0.1,0.5,CONDITIONAL_UOT_D4,69,True,7.644573234255976e-12,False,0.3285851891588425,0.32858518915884233,0.6714148108411576,0.6714148108411577,0.20831247431637656,0.09645910000108415,2026-09-17T03:15:03Z__pid29540
Poly,202,5.0,0.1,0.5,RAW_UOT_PLAN_D4,69,True,7.644573234255976e-12,False,0.3285851891588425,0.32858518915884233,0.6714148108411576,0.6714148108411577,0.20831247431637656,0.09645910000108415,2026-09-17T03:15:03Z__pid29540
Poly,202,5.0,0.2,0.5,CONDITIONAL_UOT_D4,37,True,9.021246504574385e-12,False,0.3404235130928005,0.34042351309280017,0.6595764869071996,0.6595764869071997,0.286827578659442,0.09716240000125254,2026-09-17T03:15:03Z__pid29540
Poly,202,5.0,0.2,0.5,RAW_UOT_PLAN_D4,37,True,9.021246504574385e-12,False,0.3404235130928005,0.34042351309280017,0.6595764869071996,0.6595764869071997,0.286827578659442,0.09716240000125254,2026-09-17T03:15:03Z__pid29540
Poly,203,5.0,0.01,0.5,CONDITIONAL_UOT_D4,631,True,9.622182490360066e-12,False,0.22495594838037825,0.2249559483803783,0.7750440516196219,0.7750440516196219,0.18075197648374122,0.25905550000607036,2026-09-17T03:15:06Z__pid29540
Poly,203,5.0,0.01,0.5,RAW_UOT_PLAN_D4,631,True,9.622182490360066e-12,False,0.22495594838037825,0.2249559483803783,0.7750440516196219,0.7750440516196219,0.18075197648374122,0.25905550000607036,2026-09-17T03:15:06Z__pid29540
Poly,203,5.0,0.02,0.5,CONDITIONAL_UOT_D4,321,True,9.795259201458876e-12,False,0.24103437539083422,0.2410343753908341,0.7589656246091661,0.7589656246091661,0.17699708852446924,0.17802400000073249,2026-09-17T03:15:06Z__pid29540
Poly,203,5.0,0.02,0.5,RAW_UOT_PLAN_D4,321,True,9.795259201458876e-12,False,0.24103437539083422,0.2410343753908341,0.7589656246091661,0.7589656246091661,0.17699708852446924,0.17802400000073249,2026-09-17T03:15:06Z__pid29540
Poly,203,5.0,0.05,0.5,CONDITIONAL_UOT_D4,131,True,9.072920476326776e-12,False,0.28460735993465947,0.2846073599346596,0.7153926400653405,0.7153926400653405,0.16841335747454778,0.14776759999949718,2026-09-17T03:15:05Z__pid29540
Poly,203,5.0,0.05,0.5,RAW_UOT_PLAN_D4,131,True,9.072920476326776e-12,False,0.28460735993465947,0.2846073599346596,0.7153926400653405,0.7153926400653405,0.16841335747454778,0.14776759999949718,2026-09-17T03:15:05Z__pid29540
Poly,203,5.0,0.1,0.5,CONDITIONAL_UOT_D4,69,True,7.728740027889895e-12,False,0.33118601044792784,0.3311860104479279,0.6688139895520723,0.6688139895520723,0.20873898320376763,0.09623080000164919,2026-09-17T03:15:06Z__pid29540
Poly,203,5.0,0.1,0.5,RAW_UOT_PLAN_D4,69,True,7.728740027889895e-12,False,0.33118601044792784,0.3311860104479279,0.6688139895520723,0.6688139895520723,0.20873898320376763,0.09623080000164919,2026-09-17T03:15:06Z__pid29540
Poly,203,5.0,0.2,0.5,CONDITIONAL_UOT_D4,37,True,9.116486720514096e-12,False,0.34306711007243185,0.3430671100724318,0.656932889927568,0.656932889927568,0.289110417372161,0.07432079999853158,2026-09-17T03:15:06Z__pid29540
Poly,203,5.0,0.2,0.5,RAW_UOT_PLAN_D4,37,True,9.116486720514096e-12,False,0.34306711007243185,0.3430671100724318,0.656932889927568,0.656932889927568,0.289110417372161,0.07432079999853158,2026-09-17T03:15:06Z__pid29540
Poly,204,5.0,0.01,0.5,CONDITIONAL_UOT_D4,630,True,9.78016498731017e-12,False,0.22491997201037986,0.22491997201038,0.7750800279896203,0.7750800279896203,0.1824980315984237,0.2559958000056213,2026-09-17T03:15:09Z__pid29540
Poly,204,5.0,0.01,0.5,RAW_UOT_PLAN_D4,630,True,9.78016498731017e-12,False,0.22491997201037986,0.22491997201038,0.7750800279896203,0.7750800279896203,0.1824980315984237,0.2559958000056213,2026-09-17T03:15:09Z__pid29540
Poly,204,5.0,0.02,0.5,CONDITIONAL_UOT_D4,321,True,9.42349635132112e-12,False,0.2392513292132004,0.23925132921320053,0.7607486707867996,0.7607486707867996,0.17910666300568837,0.16602310000598663,2026-09-17T03:15:09Z__pid29540
Poly,204,5.0,0.02,0.5,RAW_UOT_PLAN_D4,321,True,9.42349635132112e-12,False,0.2392513292132004,0.23925132921320053,0.7607486707867996,0.7607486707867996,0.17910666300568837,0.16602310000598663,2026-09-17T03:15:09Z__pid29540
Poly,204,5.0,0.05,0.5,CONDITIONAL_UOT_D4,131,True,8.697524137336503e-12,False,0.27821664957423253,0.2782166495742328,0.7217833504257675,0.7217833504257675,0.17140158967757926,0.1552021000024979,2026-09-17T03:15:08Z__pid29540
Poly,204,5.0,0.05,0.5,RAW_UOT_PLAN_D4,131,True,8.697524137336503e-12,False,0.27821664957423253,0.2782166495742328,0.7217833504257675,0.7217833504257675,0.17140158967757926,0.1552021000024979,2026-09-17T03:15:08Z__pid29540
Poly,204,5.0,0.1,0.5,CONDITIONAL_UOT_D4,69,True,7.405869489129143e-12,False,0.32040431707694206,0.3204043170769423,0.6795956829230582,0.6795956829230582,0.20578404312629253,0.08028770000237273,2026-09-17T03:15:09Z__pid29540
Poly,204,5.0,0.1,0.5,RAW_UOT_PLAN_D4,69,True,7.405869489129143e-12,False,0.32040431707694206,0.3204043170769423,0.6795956829230582,0.6795956829230582,0.20578404312629253,0.08028770000237273,2026-09-17T03:15:09Z__pid29540
Poly,204,5.0,0.2,0.5,CONDITIONAL_UOT_D4,37,True,8.889178895030328e-12,False,0.3341067654682278,0.3341067654682279,0.6658932345317722,0.6658932345317722,0.27776532646460117,0.09793299999728333,2026-09-17T03:15:09Z__pid29540
Poly,204,5.0,0.2,0.5,RAW_UOT_PLAN_D4,37,True,8.889178895030328e-12,False,0.3341067654682278,0.3341067654682279,0.6658932345317722,0.6658932345317722,0.27776532646460117,0.09793299999728333,2026-09-17T03:15:09Z__pid29540
Poly,205,5.0,0.01,0.5,CONDITIONAL_UOT_D4,644,True,9.759962682433868e-12,False,0.2262555574555854,0.22625555745558548,0.7737444425444145,0.7737444425444145,0.18165521281860464,0.2831538000027649,2026-09-17T03:15:12Z__pid29540
Poly,205,5.0,0.01,0.5,RAW_UOT_PLAN_D4,644,True,9.759962682433868e-12,False,0.2262555574555854,0.22625555745558548,0.7737444425444145,0.7737444425444145,0.18165521281860464,0.2831538000027649,2026-09-17T03:15:12Z__pid29540
Poly,205,5.0,0.02,0.5,CONDITIONAL_UOT_D4,321,True,9.691498710197024e-12,False,0.24207748517957794,0.24207748517957778,0.757922514820422,0.757922514820422,0.17790322755798613,0.2155685999969137,2026-09-17T03:15:12Z__pid29540
Poly,205,5.0,0.02,0.5,RAW_UOT_PLAN_D4,321,True,9.691498710197024e-12,False,0.24207748517957794,0.24207748517957778,0.757922514820422,0.757922514820422,0.17790322755798613,0.2155685999969137,2026-09-17T03:15:12Z__pid29540
Poly,205,5.0,0.05,0.5,CONDITIONAL_UOT_D4,131,True,8.836240353061988e-12,False,0.2848238051807682,0.2848238051807683,0.7151761948192318,0.7151761948192318,0.1701251504715596,0.13501260000339244,2026-09-17T03:15:11Z__pid29540
Poly,205,5.0,0.05,0.5,RAW_UOT_PLAN_D4,131,True,8.836240353061988e-12,False,0.2848238051807682,0.2848238051807683,0.7151761948192318,0.7151761948192318,0.1701251504715596,0.13501260000339244,2026-09-17T03:15:11Z__pid29540
Poly,205,5.0,0.1,0.5,CONDITIONAL_UOT_D4,69,True,7.703145753148474e-12,False,0.33026597760396387,0.33026597760396376,0.6697340223960362,0.6697340223960362,0.20862819505307661,0.13003340000432217,2026-09-17T03:15:12Z__pid29540
Poly,205,5.0,0.1,0.5,RAW_UOT_PLAN_D4,69,True,7.703145753148474e-12,False,0.33026597760396387,0.33026597760396376,0.6697340223960362,0.6697340223960362,0.20862819505307661,0.13003340000432217,2026-09-17T03:15:12Z__pid29540
Poly,205,5.0,0.2,0.5,CONDITIONAL_UOT_D4,37,True,9.127371356177444e-12,False,0.34269422683689826,0.342694226836898,0.6573057731631019,0.6573057731631019,0.28782909463054807,0.06452590000117198,2026-09-17T03:15:12Z__pid29540
Poly,205,5.0,0.2,0.5,RAW_UOT_PLAN_D4,37,True,9.127371356177444e-12,False,0.34269422683689826,0.342694226836898,0.6573057731631019,0.6573057731631019,0.28782909463054807,0.06452590000117198,2026-09-17T03:15:12Z__pid29540
