bridge,seed,k,epsilon,lambda,method,delta_s_total,delta_t_total,delta_total,marginal_violation_row_l1,marginal_violation_col_l1,transport_mass_total,mass_retained_fraction,precision,recall,macro_edge_f1,sinkhorn_iterations,sinkhorn_converged,run_id
Celer,201,5.0,0.05,0.1,CONDITIONAL_UOT_D4,0.7311479969340773,0.7311479969340773,1.4622959938681546,0.7311479969340773,0.7311479969340773,0.2688520030659228,0.2688520030659228,0.1975,0.8229166666666666,0.3185483870967742,33,True,2026-09-17T03:14:30Z__pid29540
Celer,201,5.0,0.05,0.1,RAW_UOT_PLAN_D4,0.7311479969340773,0.7311479969340773,1.4622959938681546,0.7311479969340773,0.7311479969340773,0.2688520030659228,0.2688520030659228,0.14312500000000003,0.5937499999999999,0.23061414392059554,33,True,2026-09-17T03:14:30Z__pid29540
Celer,201,5.0,0.05,0.25,CONDITIONAL_UOT_D4,0.45632293034733695,0.45632293034733684,0.9126458606946738,0.45632293034733695,0.45632293034733684,0.5436770696526633,0.5436770696526633,0.19499999999999998,0.8125,0.314516129032258,70,True,2026-09-17T03:14:31Z__pid29540
Celer,201,5.0,0.05,0.25,RAW_UOT_PLAN_D4,0.45632293034733695,0.45632293034733684,0.9126458606946738,0.45632293034733695,0.45632293034733684,0.5436770696526633,0.5436770696526633,0.14922697368421053,0.6145833333333333,0.2399706744868035,70,True,2026-09-17T03:14:31Z__pid29540
Celer,201,5.0,0.05,0.5,CONDITIONAL_UOT_D4,0.2752745780594206,0.2752745780594205,0.5505491561188411,0.2752745780594206,0.2752745780594205,0.7247254219405795,0.7247254219405795,0.19833333333333333,0.8263888888888888,0.3198924731182795,131,True,2026-09-17T03:14:29Z__pid29540
Celer,201,5.0,0.05,0.5,RAW_UOT_PLAN_D4,0.2752745780594206,0.2752745780594205,0.5505491561188411,0.2752745780594206,0.2752745780594205,0.7247254219405795,0.7247254219405795,0.14979166666666668,0.6215277777777777,0.24136683209263854,131,True,2026-09-17T03:14:29Z__pid29540
Celer,201,5.0,0.05,1.0,CONDITIONAL_UOT_D4,0.15270822155224534,0.15270822155224512,0.30541644310449045,0.15270822155224534,0.15270822155224512,0.8472917784477549,0.8472917784477549,0.1975,0.8229166666666666,0.31854838709677413,249,True,2026-09-17T03:14:31Z__pid29540
Celer,201,5.0,0.05,1.0,RAW_UOT_PLAN_D4,0.15270822155224534,0.15270822155224512,0.30541644310449045,0.15270822155224534,0.15270822155224512,0.8472917784477549,0.8472917784477549,0.14979166666666668,0.6215277777777777,0.24136683209263854,249,True,2026-09-17T03:14:31Z__pid29540
Celer,201,5.0,0.05,2.0,CONDITIONAL_UOT_D4,0.08067483127913819,0.08067483127913827,0.16134966255827646,0.08067483127913819,0.08067483127913827,0.9193251687208621,0.9193251687208621,0.19666666666666666,0.8194444444444443,0.31720430107526876,477,True,2026-09-17T03:14:31Z__pid29540
Celer,201,5.0,0.05,2.0,RAW_UOT_PLAN_D4,0.08067483127913819,0.08067483127913827,0.16134966255827646,0.08067483127913819,0.08067483127913827,0.9193251687208621,0.9193251687208621,0.14958333333333332,0.6180555555555555,0.24079818031430933,477,True,2026-09-17T03:14:31Z__pid29540
Celer,202,5.0,0.05,0.1,CONDITIONAL_UOT_D4,0.6341033441316588,0.6341033441316586,1.2682066882633174,0.6341033441316588,0.6341033441316586,0.3658966558683412,0.36589665586834125,0.1975,0.8229166666666666,0.3185483870967742,32,True,2026-09-17T03:14:34Z__pid29540
Celer,202,5.0,0.05,0.1,RAW_UOT_PLAN_D4,0.6341033441316588,0.6341033441316586,1.2682066882633174,0.6341033441316588,0.6341033441316586,0.3658966558683412,0.36589665586834125,0.13427083333333334,0.5451388888888888,0.21509605985412436,32,True,2026-09-17T03:14:34Z__pid29540
Celer,202,5.0,0.05,0.25,CONDITIONAL_UOT_D4,0.3670761106432917,0.36707611064329215,0.7341522212865839,0.3670761106432917,0.36707611064329215,0.6329238893567083,0.6329238893567084,0.19833333333333333,0.8263888888888888,0.31989247311827956,69,True,2026-09-17T03:14:34Z__pid29540
Celer,202,5.0,0.05,0.25,RAW_UOT_PLAN_D4,0.3670761106432917,0.36707611064329215,0.7341522212865839,0.3670761106432917,0.36707611064329215,0.6329238893567083,0.6329238893567084,0.14239583333333333,0.5868055555555555,0.2290256786224528,69,True,2026-09-17T03:14:34Z__pid29540
Celer,202,5.0,0.05,0.5,CONDITIONAL_UOT_D4,0.21315069497760644,0.2131506949776065,0.42630138995521294,0.21315069497760644,0.2131506949776065,0.7868493050223935,0.7868493050223937,0.19500000000000003,0.8125,0.314516129032258,129,True,2026-09-17T03:14:32Z__pid29540
Celer,202,5.0,0.05,0.5,RAW_UOT_PLAN_D4,0.21315069497760644,0.2131506949776065,0.42630138995521294,0.21315069497760644,0.2131506949776065,0.7868493050223935,0.7868493050223937,0.14312500000000003,0.59375,0.23061414392059554,129,True,2026-09-17T03:14:32Z__pid29540
Celer,202,5.0,0.05,1.0,CONDITIONAL_UOT_D4,0.1155809768522116,0.11558097685221173,0.23116195370442333,0.1155809768522116,0.11558097685221173,0.8844190231477885,0.8844190231477888,0.19666666666666668,0.8194444444444443,0.3172043010752688,245,True,2026-09-17T03:14:34Z__pid29540
Celer,202,5.0,0.05,1.0,RAW_UOT_PLAN_D4,0.1155809768522116,0.11558097685221173,0.23116195370442333,0.1155809768522116,0.11558097685221173,0.8844190231477885,0.8844190231477888,0.14312500000000003,0.59375,0.23061414392059554,245,True,2026-09-17T03:14:34Z__pid29540
Celer,202,5.0,0.05,2.0,CONDITIONAL_UOT_D4,0.060288593618523977,0.0602885936185243,0.12057718723704827,0.060288593618523977,0.0602885936185243,0.9397114063814761,0.9397114063814763,0.19833333333333333,0.8263888888888888,0.31989247311827956,471,True,2026-09-17T03:14:34Z__pid29540
Celer,202,5.0,0.05,2.0,RAW_UOT_PLAN_D4,0.060288593618523977,0.0602885936185243,0.12057718723704827,0.060288593618523977,0.0602885936185243,0.9397114063814761,0.9397114063814763,0.14333333333333334,0.5972222222222222,0.23118279569892472,471,True,2026-09-17T03:14:34Z__pid29540
Celer,203,5.0,0.05,0.1,CONDITIONAL_UOT_D4,0.759780754911594,0.7597807549115938,1.5195615098231878,0.759780754911594,0.7597807549115938,0.24021924508840625,0.24021924508840625,0.19833333333333333,0.8263888888888888,0.3198924731182795,33,True,2026-09-17T03:14:37Z__pid29540
Celer,203,5.0,0.05,0.1,RAW_UOT_PLAN_D4,0.759780754911594,0.7597807549115938,1.5195615098231878,0.759780754911594,0.7597807549115938,0.24021924508840625,0.24021924508840625,0.15979166666666667,0.6631944444444443,0.25749586435070304,33,True,2026-09-17T03:14:37Z__pid29540
Celer,203,5.0,0.05,0.25,CONDITIONAL_UOT_D4,0.4806593792694477,0.4806593792694479,0.9613187585388956,0.4806593792694477,0.4806593792694479,0.5193406207305524,0.5193406207305524,0.19916666666666663,0.8298611111111112,0.32123655913978494,70,True,2026-09-17T03:14:37Z__pid29540
Celer,203,5.0,0.05,0.25,RAW_UOT_PLAN_D4,0.4806593792694477,0.4806593792694479,0.9613187585388956,0.4806593792694477,0.4806593792694479,0.5193406207305524,0.5193406207305524,0.16,0.6666666666666666,0.25806451612903225,70,True,2026-09-17T03:14:37Z__pid29540
Celer,203,5.0,0.05,0.5,CONDITIONAL_UOT_D4,0.29162587981851323,0.29162587981851307,0.5832517596370264,0.29162587981851323,0.29162587981851307,0.7083741201814869,0.7083741201814869,0.1975,0.8229166666666666,0.3185483870967742,131,True,2026-09-17T03:14:35Z__pid29540
Celer,203,5.0,0.05,0.5,RAW_UOT_PLAN_D4,0.29162587981851323,0.29162587981851307,0.5832517596370264,0.29162587981851323,0.29162587981851307,0.7083741201814869,0.7083741201814869,0.16,0.6666666666666666,0.25806451612903225,131,True,2026-09-17T03:14:35Z__pid29540
Celer,203,5.0,0.05,1.0,CONDITIONAL_UOT_D4,0.16227537702108988,0.16227537702108952,0.32455075404217937,0.16227537702108988,0.16227537702108952,0.8377246229789104,0.8377246229789104,0.19833333333333333,0.8263888888888888,0.3198924731182795,249,True,2026-09-17T03:14:37Z__pid29540
Celer,203,5.0,0.05,1.0,RAW_UOT_PLAN_D4,0.16227537702108988,0.16227537702108952,0.32455075404217937,0.16227537702108988,0.16227537702108952,0.8377246229789104,0.8377246229789104,0.16,0.6666666666666666,0.25806451612903225,249,True,2026-09-17T03:14:37Z__pid29540
Celer,203,5.0,0.05,2.0,CONDITIONAL_UOT_D4,0.08585595292650011,0.08585595292650008,0.1717119058530002,0.08585595292650011,0.08585595292650008,0.9141440470735,0.9141440470735,0.19833333333333333,0.8263888888888888,0.31989247311827956,478,True,2026-09-17T03:14:37Z__pid29540
Celer,203,5.0,0.05,2.0,RAW_UOT_PLAN_D4,0.08585595292650011,0.08585595292650008,0.1717119058530002,0.08585595292650011,0.08585595292650008,0.9141440470735,0.9141440470735,0.16,0.6666666666666666,0.25806451612903225,478,True,2026-09-17T03:14:37Z__pid29540
Celer,204,5.0,0.05,0.1,CONDITIONAL_UOT_D4,0.7866752421734894,0.7866752421734893,1.5733504843469786,0.7866752421734894,0.7866752421734893,0.21332475782651078,0.21332475782651078,0.1975,0.8229166666666666,0.3185483870967742,33,True,2026-09-17T03:14:40Z__pid29540
Celer,204,5.0,0.05,0.1,RAW_UOT_PLAN_D4,0.7866752421734894,0.7866752421734893,1.5733504843469786,0.7866752421734894,0.7866752421734893,0.21332475782651078,0.21332475782651078,0.14979166666666668,0.6215277777777777,0.24136683209263854,33,True,2026-09-17T03:14:40Z__pid29540
Celer,204,5.0,0.05,0.25,CONDITIONAL_UOT_D4,0.5117108856769721,0.5117108856769721,1.0234217713539442,0.5117108856769721,0.5117108856769721,0.488289114323028,0.488289114323028,0.19833333333333333,0.8263888888888888,0.31989247311827956,70,True,2026-09-17T03:14:40Z__pid29540
Celer,204,5.0,0.05,0.25,RAW_UOT_PLAN_D4,0.5117108856769721,0.5117108856769721,1.0234217713539442,0.5117108856769721,0.5117108856769721,0.488289114323028,0.488289114323028,0.15000000000000002,0.6249999999999999,0.24193548387096775,70,True,2026-09-17T03:14:40Z__pid29540
Celer,204,5.0,0.05,0.5,CONDITIONAL_UOT_D4,0.31769789107861734,0.31769789107861723,0.6353957821572346,0.31769789107861734,0.31769789107861723,0.6823021089213828,0.6823021089213828,0.19916666666666663,0.8298611111111112,0.32123655913978494,131,True,2026-09-17T03:14:38Z__pid29540
Celer,204,5.0,0.05,0.5,RAW_UOT_PLAN_D4,0.31769789107861734,0.31769789107861723,0.6353957821572346,0.31769789107861734,0.31769789107861723,0.6823021089213828,0.6823021089213828,0.14979166666666668,0.6215277777777777,0.24136683209263854,131,True,2026-09-17T03:14:38Z__pid29540
Celer,204,5.0,0.05,1.0,CONDITIONAL_UOT_D4,0.18271514270490344,0.1801184243729295,0.36283356707783293,0.18271514270490344,0.1801184243729295,0.8198815756270708,0.8198815756270708,0.19833333333333333,0.8263888888888888,0.3198924731182795,249,True,2026-09-17T03:14:40Z__pid29540
Celer,204,5.0,0.05,1.0,RAW_UOT_PLAN_D4,0.18271514270490344,0.1801184243729295,0.36283356707783293,0.18271514270490344,0.1801184243729295,0.8198815756270708,0.8198815756270708,0.14979166666666668,0.6215277777777777,0.24136683209263854,249,True,2026-09-17T03:14:40Z__pid29540
Celer,204,5.0,0.05,2.0,CONDITIONAL_UOT_D4,0.09849738710734539,0.09643893241452328,0.19493631952186868,0.09849738710734539,0.09643893241452328,0.9035610675854765,0.9035610675854765,0.19666666666666668,0.8194444444444443,0.31720430107526876,479,True,2026-09-17T03:14:41Z__pid29540
Celer,204,5.0,0.05,2.0,RAW_UOT_PLAN_D4,0.09849738710734539,0.09643893241452328,0.19493631952186868,0.09849738710734539,0.09643893241452328,0.9035610675854765,0.9035610675854765,0.14958333333333335,0.6180555555555555,0.24079818031430933,479,True,2026-09-17T03:14:41Z__pid29540
Celer,205,5.0,0.05,0.1,CONDITIONAL_UOT_D4,0.7792074208906075,0.7792074208906073,1.558414841781215,0.7792074208906075,0.7792074208906073,0.22079257910939254,0.22079257910939254,0.19999999999999998,0.8333333333333334,0.3225806451612903,33,True,2026-09-17T03:14:43Z__pid29540
Celer,205,5.0,0.05,0.1,RAW_UOT_PLAN_D4,0.7792074208906075,0.7792074208906073,1.558414841781215,0.7792074208906075,0.7792074208906073,0.22079257910939254,0.22079257910939254,0.14958333333333335,0.6180555555555555,0.24079818031430936,33,True,2026-09-17T03:14:43Z__pid29540
Celer,205,5.0,0.05,0.25,CONDITIONAL_UOT_D4,0.49867435278994543,0.4986743527899455,0.9973487055798909,0.49867435278994543,0.4986743527899455,0.5013256472100548,0.5013256472100548,0.19999999999999998,0.8333333333333334,0.3225806451612903,70,True,2026-09-17T03:14:43Z__pid29540
Celer,205,5.0,0.05,0.25,RAW_UOT_PLAN_D4,0.49867435278994543,0.4986743527899455,0.9973487055798909,0.49867435278994543,0.4986743527899455,0.5013256472100548,0.5013256472100548,0.15291666666666667,0.6319444444444443,0.24617452440033083,70,True,2026-09-17T03:14:43Z__pid29540
Celer,205,5.0,0.05,0.5,CONDITIONAL_UOT_D4,0.30413012034769676,0.30413012034769643,0.6082602406953932,0.30413012034769676,0.30413012034769643,0.6958698796523035,0.6958698796523035,0.19916666666666663,0.8298611111111112,0.32123655913978494,131,True,2026-09-17T03:14:41Z__pid29540
Celer,205,5.0,0.05,0.5,RAW_UOT_PLAN_D4,0.30413012034769676,0.30413012034769643,0.6082602406953932,0.30413012034769676,0.30413012034769643,0.6958698796523035,0.6958698796523035,0.153125,0.6354166666666666,0.24674317617866004,131,True,2026-09-17T03:14:41Z__pid29540
Celer,205,5.0,0.05,1.0,CONDITIONAL_UOT_D4,0.1697165786790192,0.16971657867901907,0.33943315735803825,0.1697165786790192,0.16971657867901907,0.8302834213209809,0.8302834213209809,0.1975,0.8229166666666666,0.3185483870967742,249,True,2026-09-17T03:14:43Z__pid29540
Celer,205,5.0,0.05,1.0,RAW_UOT_PLAN_D4,0.1697165786790192,0.16971657867901907,0.33943315735803825,0.1697165786790192,0.16971657867901907,0.8302834213209809,0.8302834213209809,0.153125,0.6354166666666666,0.24674317617866004,249,True,2026-09-17T03:14:43Z__pid29540
Celer,205,5.0,0.05,2.0,CONDITIONAL_UOT_D4,0.08992104657501032,0.08992104657501016,0.17984209315002048,0.08992104657501032,0.08992104657501016,0.9100789534249899,0.9100789534249899,0.19916666666666663,0.829861111111111,0.32123655913978494,479,True,2026-09-17T03:14:43Z__pid29540
Celer,205,5.0,0.05,2.0,RAW_UOT_PLAN_D4,0.08992104657501032,0.08992104657501016,0.17984209315002048,0.08992104657501032,0.08992104657501016,0.9100789534249899,0.9100789534249899,0.153125,0.6354166666666666,0.24674317617866004,479,True,2026-09-17T03:14:43Z__pid29540
Multi,201,5.0,0.05,0.1,CONDITIONAL_UOT_D4,0.783260770171196,0.783260770171196,1.566521540342392,0.783260770171196,0.783260770171196,0.21673922982880403,0.21673922982880403,0.18499999999999997,0.75,0.29536290322580644,33,True,2026-09-17T03:14:46Z__pid29540
Multi,201,5.0,0.05,0.1,RAW_UOT_PLAN_D4,0.783260770171196,0.783260770171196,1.566521540342392,0.783260770171196,0.783260770171196,0.21673922982880403,0.21673922982880403,0.13763257575757576,0.4756944444444444,0.20586100727229759,33,True,2026-09-17T03:14:46Z__pid29540
Multi,201,5.0,0.05,0.25,CONDITIONAL_UOT_D4,0.513434602288501,0.5134346022885015,1.0268692045770025,0.513434602288501,0.5134346022885015,0.4865653977114989,0.4865653977114989,0.18458333333333332,0.7534722222222223,0.2954469086021505,70,True,2026-09-17T03:14:46Z__pid29540
Multi,201,5.0,0.05,0.25,RAW_UOT_PLAN_D4,0.513434602288501,0.5134346022885015,1.0268692045770025,0.513434602288501,0.5134346022885015,0.4865653977114989,0.4865653977114989,0.13395833333333332,0.4756944444444444,0.2029851868561546,70,True,2026-09-17T03:14:46Z__pid29540
Multi,201,5.0,0.05,0.5,CONDITIONAL_UOT_D4,0.3195061572587218,0.31950615725872195,0.6390123145174438,0.3195061572587218,0.31950615725872195,0.6804938427412782,0.6804938427412782,0.18791666666666665,0.7673611111111112,0.300823252688172,131,True,2026-09-17T03:14:44Z__pid29540
Multi,201,5.0,0.05,0.5,RAW_UOT_PLAN_D4,0.3195061572587218,0.31950615725872195,0.6390123145174438,0.3195061572587218,0.31950615725872195,0.6804938427412782,0.6804938427412782,0.13416666666666666,0.4791666666666667,0.2035538386344838,131,True,2026-09-17T03:14:44Z__pid29540
Multi,201,5.0,0.05,1.0,CONDITIONAL_UOT_D4,0.18096761885297774,0.18096761885297746,0.3619352377059552,0.18096761885297774,0.18096761885297746,0.8190323811470223,0.8190323811470223,0.1920833333333333,0.7847222222222223,0.3075436827956989,249,True,2026-09-17T03:14:46Z__pid29540
Multi,201,5.0,0.05,1.0,RAW_UOT_PLAN_D4,0.18096761885297774,0.18096761885297746,0.3619352377059552,0.18096761885297774,0.18096761885297746,0.8190323811470223,0.8190323811470223,0.134375,0.48263888888888884,0.20412249041281302,249,True,2026-09-17T03:14:46Z__pid29540
Multi,201,5.0,0.05,2.0,CONDITIONAL_UOT_D4,0.09675076158429388,0.09675076158429413,0.193501523168588,0.09675076158429388,0.09675076158429413,0.903249238415706,0.903249238415706,0.19125,0.78125,0.3061995967741935,478,True,2026-09-17T03:14:46Z__pid29540
Multi,201,5.0,0.05,2.0,RAW_UOT_PLAN_D4,0.09675076158429388,0.09675076158429413,0.193501523168588,0.09675076158429388,0.09675076158429413,0.903249238415706,0.903249238415706,0.134375,0.48263888888888884,0.20412249041281302,478,True,2026-09-17T03:14:46Z__pid29540
Multi,202,5.0,0.05,0.1,CONDITIONAL_UOT_D4,0.765315682616939,0.765315682616939,1.530631365233878,0.765315682616939,0.765315682616939,0.234684317383061,0.23468431738306103,0.19625,0.8020833333333334,0.31426411290322576,33,True,2026-09-17T03:14:49Z__pid29540
Multi,202,5.0,0.05,0.1,RAW_UOT_PLAN_D4,0.765315682616939,0.765315682616939,1.530631365233878,0.765315682616939,0.765315682616939,0.234684317383061,0.23468431738306103,0.14520833333333336,0.5520833333333333,0.22492997593804046,33,True,2026-09-17T03:14:49Z__pid29540
Multi,202,5.0,0.05,0.25,CONDITIONAL_UOT_D4,0.4889709372914021,0.488970937291402,0.9779418745828041,0.4889709372914021,0.488970937291402,0.5110290627085978,0.5110290627085979,0.19541666666666666,0.798611111111111,0.3129200268817204,70,True,2026-09-17T03:14:49Z__pid29540
Multi,202,5.0,0.05,0.25,RAW_UOT_PLAN_D4,0.4889709372914021,0.488970937291402,0.9779418745828041,0.4889709372914021,0.488970937291402,0.5110290627085978,0.5110290627085979,0.14479166666666668,0.5659722222222222,0.22734557109557108,70,True,2026-09-17T03:14:49Z__pid29540
Multi,202,5.0,0.05,0.5,CONDITIONAL_UOT_D4,0.29864319662325245,0.29864319662325245,0.5972863932465049,0.29864319662325245,0.29864319662325245,0.7013568033767478,0.7013568033767479,0.19541666666666666,0.798611111111111,0.3129200268817204,131,True,2026-09-17T03:14:47Z__pid29540
Multi,202,5.0,0.05,0.5,RAW_UOT_PLAN_D4,0.29864319662325245,0.29864319662325245,0.5972863932465049,0.29864319662325245,0.29864319662325245,0.7013568033767478,0.7013568033767479,0.14440972222222223,0.5694444444444443,0.22746992777234712,131,True,2026-09-17T03:14:47Z__pid29540
Multi,202,5.0,0.05,1.0,CONDITIONAL_UOT_D4,0.16692705961518944,0.1669270596151888,0.3338541192303782,0.16692705961518944,0.1669270596151888,0.8330729403848106,0.8330729403848107,0.19166666666666665,0.7881944444444443,0.30762768817204295,249,True,2026-09-17T03:14:49Z__pid29540
Multi,202,5.0,0.05,1.0,RAW_UOT_PLAN_D4,0.16692705961518944,0.1669270596151888,0.3338541192303782,0.16692705961518944,0.1669270596151888,0.8330729403848106,0.8330729403848107,0.14440972222222223,0.5694444444444443,0.22746992777234712,249,True,2026-09-17T03:14:49Z__pid29540
Multi,202,5.0,0.05,2.0,CONDITIONAL_UOT_D4,0.08853952941947055,0.08853952941947027,0.17707905883894082,0.08853952941947055,0.08853952941947027,0.9114604705805295,0.9114604705805296,0.19583333333333333,0.8055555555555555,0.3143481182795698,478,True,2026-09-17T03:14:50Z__pid29540
Multi,202,5.0,0.05,2.0,RAW_UOT_PLAN_D4,0.08853952941947055,0.08853952941947027,0.17707905883894082,0.08853952941947055,0.08853952941947027,0.9114604705805295,0.9114604705805296,0.14440972222222223,0.5694444444444443,0.22746992777234712,478,True,2026-09-17T03:14:50Z__pid29540
Multi,203,5.0,0.05,0.1,CONDITIONAL_UOT_D4,0.7902099608760835,0.7902099608760838,1.5804199217521673,0.7902099608760835,0.7902099608760838,0.2097900391239164,0.2097900391239164,0.19333333333333336,0.795138888888889,0.3103158602150537,33,True,2026-09-17T03:14:52Z__pid29540
Multi,203,5.0,0.05,0.1,RAW_UOT_PLAN_D4,0.7902099608760835,0.7902099608760838,1.5804199217521673,0.7902099608760835,0.7902099608760838,0.2097900391239164,0.2097900391239164,0.1340625,0.53125,0.21256062485901195,33,True,2026-09-17T03:14:52Z__pid29540
Multi,203,5.0,0.05,0.25,CONDITIONAL_UOT_D4,0.5175441161279846,0.5175441161279848,1.0350882322559694,0.5175441161279846,0.5175441161279848,0.4824558838720154,0.4824558838720154,0.19416666666666668,0.798611111111111,0.31165994623655907,70,True,2026-09-17T03:14:52Z__pid29540
Multi,203,5.0,0.05,0.25,RAW_UOT_PLAN_D4,0.5175441161279846,0.5175441161279848,1.0350882322559694,0.5175441161279846,0.5175441161279848,0.4824558838720154,0.4824558838720154,0.13427083333333334,0.5347222222222222,0.21312927663734116,70,True,2026-09-17T03:14:52Z__pid29540
Multi,203,5.0,0.05,0.5,CONDITIONAL_UOT_D4,0.3207849597079028,0.3207849597079028,0.6415699194158055,0.3207849597079028,0.3207849597079028,0.6792150402920973,0.6792150402920973,0.1925,0.7916666666666666,0.3089717741935483,131,True,2026-09-17T03:14:50Z__pid29540
Multi,203,5.0,0.05,0.5,RAW_UOT_PLAN_D4,0.3207849597079028,0.3207849597079028,0.6415699194158055,0.3207849597079028,0.3207849597079028,0.6792150402920973,0.6792150402920973,0.13479166666666667,0.5381944444444443,0.21414909015715466,131,True,2026-09-17T03:14:50Z__pid29540
Multi,203,5.0,0.05,1.0,CONDITIONAL_UOT_D4,0.18099837170774882,0.18099837170774932,0.36199674341549815,0.18099837170774882,0.18099837170774932,0.8190016282922512,0.8190016282922512,0.19416666666666668,0.798611111111111,0.31165994623655907,250,True,2026-09-17T03:14:53Z__pid29540
Multi,203,5.0,0.05,1.0,RAW_UOT_PLAN_D4,0.18099837170774882,0.18099837170774932,0.36199674341549815,0.18099837170774882,0.18099837170774932,0.8190016282922512,0.8190016282922512,0.13652777777777778,0.5416666666666666,0.21646390497196952,250,True,2026-09-17T03:14:53Z__pid29540
Multi,203,5.0,0.05,2.0,CONDITIONAL_UOT_D4,0.0965162304199937,0.09651623041999388,0.1930324608399876,0.0965162304199937,0.09651623041999388,0.9034837695800062,0.9034837695800062,0.19333333333333333,0.7951388888888888,0.3103158602150537,480,True,2026-09-17T03:14:53Z__pid29540
Multi,203,5.0,0.05,2.0,RAW_UOT_PLAN_D4,0.0965162304199937,0.09651623041999388,0.1930324608399876,0.0965162304199937,0.09651623041999388,0.9034837695800062,0.9034837695800062,0.13789402173913043,0.548611111111111,0.21887640307412273,480,True,2026-09-17T03:14:53Z__pid29540
Multi,204,5.0,0.05,0.1,CONDITIONAL_UOT_D4,0.7680595208689003,0.7680595208689003,1.5361190417378006,0.7680595208689003,0.7680595208689003,0.2319404791310999,0.2319404791310999,0.17250000000000001,0.7083333333333334,0.2767137096774193,33,True,2026-09-17T03:14:55Z__pid29540
Multi,204,5.0,0.05,0.1,RAW_UOT_PLAN_D4,0.7680595208689003,0.7680595208689003,1.5361190417378006,0.7680595208689003,0.7680595208689003,0.2319404791310999,0.2319404791310999,0.12089285714285714,0.46875,0.18986886955636953,33,True,2026-09-17T03:14:55Z__pid29540
Multi,204,5.0,0.05,0.25,CONDITIONAL_UOT_D4,0.49686842477535953,0.4968684247753595,0.9937368495507191,0.49686842477535953,0.4968684247753595,0.5031315752246407,0.5031315752246407,0.17333333333333334,0.7118055555555557,0.2780577956989247,70,True,2026-09-17T03:14:55Z__pid29540
Multi,204,5.0,0.05,0.25,RAW_UOT_PLAN_D4,0.49686842477535953,0.4968684247753595,0.9937368495507191,0.49686842477535953,0.4968684247753595,0.5031315752246407,0.5031315752246407,0.11916666666666666,0.46875,0.18801141734609475,70,True,2026-09-17T03:14:55Z__pid29540
Multi,204,5.0,0.05,0.5,CONDITIONAL_UOT_D4,0.30659867417807013,0.30659867417807,0.6131973483561401,0.30659867417807013,0.30659867417807,0.6934013258219299,0.6934013258219299,0.1758333333333333,0.7083333333333334,0.2791575024437927,131,True,2026-09-17T03:14:53Z__pid29540
Multi,204,5.0,0.05,0.5,RAW_UOT_PLAN_D4,0.30659867417807013,0.30659867417807,0.6131973483561401,0.30659867417807013,0.30659867417807,0.6934013258219299,0.6934013258219299,0.118125,0.46875,0.18726736972704713,131,True,2026-09-17T03:14:53Z__pid29540
Multi,204,5.0,0.05,1.0,CONDITIONAL_UOT_D4,0.17264738758216444,0.1726473875821651,0.34529477516432955,0.17264738758216444,0.1726473875821651,0.8273526124178356,0.8273526124178356,0.17458333333333334,0.7118055555555557,0.279317876344086,249,True,2026-09-17T03:14:55Z__pid29540
Multi,204,5.0,0.05,1.0,RAW_UOT_PLAN_D4,0.17264738758216444,0.1726473875821651,0.34529477516432955,0.17264738758216444,0.1726473875821651,0.8273526124178356,0.8273526124178356,0.118125,0.46875,0.18726736972704713,249,True,2026-09-17T03:14:55Z__pid29540
Multi,204,5.0,0.05,2.0,CONDITIONAL_UOT_D4,0.0919817038204418,0.09198170382044152,0.18396340764088331,0.0919817038204418,0.09198170382044152,0.9080182961795583,0.9080182961795583,0.17375,0.7083333333333334,0.2779737903225806,478,True,2026-09-17T03:14:56Z__pid29540
Multi,204,5.0,0.05,2.0,RAW_UOT_PLAN_D4,0.0919817038204418,0.09198170382044152,0.18396340764088331,0.0919817038204418,0.09198170382044152,0.9080182961795583,0.9080182961795583,0.118125,0.46875,0.18726736972704713,478,True,2026-09-17T03:14:56Z__pid29540
Multi,205,5.0,0.05,0.1,CONDITIONAL_UOT_D4,0.8211140695419443,0.8211140695419443,1.6422281390838886,0.8211140695419443,0.8211140695419443,0.17888593045805565,0.17888593045805565,0.19083333333333333,0.7847222222222222,0.30628360215053757,33,True,2026-09-17T03:14:58Z__pid29540
Multi,205,5.0,0.05,0.1,RAW_UOT_PLAN_D4,0.8211140695419443,0.8211140695419443,1.6422281390838886,0.8211140695419443,0.8211140695419443,0.17888593045805565,0.17888593045805565,0.14006944444444447,0.5451388888888888,0.21947634951667214,33,True,2026-09-17T03:14:58Z__pid29540
Multi,205,5.0,0.05,0.25,CONDITIONAL_UOT_D4,0.5541576045730867,0.5541576045730867,1.1083152091461734,0.5541576045730867,0.5541576045730867,0.44584239542691323,0.44584239542691323,0.19333333333333336,0.7951388888888888,0.31031586021505375,71,True,2026-09-17T03:14:58Z__pid29540
Multi,205,5.0,0.05,0.25,RAW_UOT_PLAN_D4,0.5541576045730867,0.5541576045730867,1.1083152091461734,0.5541576045730867,0.5541576045730867,0.44584239542691323,0.44584239542691323,0.14093750000000002,0.548611111111111,0.22094941348973607,71,True,2026-09-17T03:14:58Z__pid29540
Multi,205,5.0,0.05,0.5,CONDITIONAL_UOT_D4,0.3494059832659785,0.3494059832659785,0.698811966531957,0.3494059832659785,0.3494059832659785,0.6505940167340215,0.6505940167340215,0.19499999999999998,0.8020833333333334,0.3130040322580645,132,True,2026-09-17T03:14:56Z__pid29540
Multi,205,5.0,0.05,0.5,RAW_UOT_PLAN_D4,0.3494059832659785,0.3494059832659785,0.698811966531957,0.3494059832659785,0.3494059832659785,0.6505940167340215,0.6505940167340215,0.14034722222222223,0.548611111111111,0.2205051183881829,132,True,2026-09-17T03:14:56Z__pid29540
Multi,205,5.0,0.05,1.0,CONDITIONAL_UOT_D4,0.19928118863710673,0.19928118863710687,0.3985623772742136,0.19928118863710673,0.19928118863710687,0.8007188113628932,0.8007188113628932,0.19416666666666668,0.7986111111111112,0.31165994623655907,251,True,2026-09-17T03:14:58Z__pid29540
Multi,205,5.0,0.05,1.0,RAW_UOT_PLAN_D4,0.19928118863710673,0.19928118863710687,0.3985623772742136,0.19928118863710673,0.19928118863710687,0.8007188113628932,0.8007188113628932,0.14034722222222223,0.548611111111111,0.2205051183881829,251,True,2026-09-17T03:14:58Z__pid29540
Multi,205,5.0,0.05,2.0,CONDITIONAL_UOT_D4,0.10691221281719224,0.10691221281719218,0.21382442563438442,0.10691221281719224,0.10691221281719218,0.8930877871828078,0.8930877871828078,0.19625,0.8020833333333334,0.31426411290322576,482,True,2026-09-17T03:14:59Z__pid29540
Multi,205,5.0,0.05,2.0,RAW_UOT_PLAN_D4,0.10691221281719224,0.10691221281719218,0.21382442563438442,0.10691221281719224,0.10691221281719218,0.8930877871828078,0.8930877871828078,0.14034722222222223,0.548611111111111,0.2205051183881829,482,True,2026-09-17T03:14:59Z__pid29540
Poly,201,5.0,0.05,0.1,CONDITIONAL_UOT_D4,0.7839345725871822,0.7839345725871822,1.5678691451743645,0.7839345725871822,0.7839345725871822,0.21606542741281784,0.21606542741281784,0.1975,0.8229166666666666,0.3185483870967742,33,True,2026-09-17T03:15:01Z__pid29540
Poly,201,5.0,0.05,0.1,RAW_UOT_PLAN_D4,0.7839345725871822,0.7839345725871822,1.5678691451743645,0.7839345725871822,0.7839345725871822,0.21606542741281784,0.21606542741281784,0.15979166666666667,0.6631944444444443,0.25749586435070304,33,True,2026-09-17T03:15:01Z__pid29540
Poly,201,5.0,0.05,0.25,CONDITIONAL_UOT_D4,0.5032201568844026,0.5032201568844026,1.0064403137688052,0.5032201568844026,0.5032201568844026,0.4967798431155976,0.4967798431155976,0.19499999999999998,0.8125,0.314516129032258,70,True,2026-09-17T03:15:01Z__pid29540
Poly,201,5.0,0.05,0.25,RAW_UOT_PLAN_D4,0.5032201568844026,0.5032201568844026,1.0064403137688052,0.5032201568844026,0.5032201568844026,0.4967798431155976,0.4967798431155976,0.16,0.6666666666666666,0.25806451612903225,70,True,2026-09-17T03:15:01Z__pid29540
Poly,201,5.0,0.05,0.5,CONDITIONAL_UOT_D4,0.30730483203163467,0.3073048320316347,0.6146096640632694,0.30730483203163467,0.3073048320316347,0.6926951679683654,0.6926951679683654,0.19583333333333333,0.8159722222222223,0.3158602150537634,131,True,2026-09-17T03:14:59Z__pid29540
Poly,201,5.0,0.05,0.5,RAW_UOT_PLAN_D4,0.30730483203163467,0.3073048320316347,0.6146096640632694,0.30730483203163467,0.3073048320316347,0.6926951679683654,0.6926951679683654,0.16,0.6666666666666666,0.25806451612903225,131,True,2026-09-17T03:14:59Z__pid29540
Poly,201,5.0,0.05,1.0,CONDITIONAL_UOT_D4,0.17160587198557092,0.1716058719855711,0.343211743971142,0.17160587198557092,0.1716058719855711,0.8283941280144292,0.8283941280144292,0.19583333333333333,0.8159722222222222,0.31586021505376344,250,True,2026-09-17T03:15:01Z__pid29540
Poly,201,5.0,0.05,1.0,RAW_UOT_PLAN_D4,0.17160587198557092,0.1716058719855711,0.343211743971142,0.17160587198557092,0.1716058719855711,0.8283941280144292,0.8283941280144292,0.16,0.6666666666666666,0.25806451612903225,250,True,2026-09-17T03:15:01Z__pid29540
Poly,201,5.0,0.05,2.0,CONDITIONAL_UOT_D4,0.09095079332680107,0.09095079332680085,0.18190158665360193,0.09095079332680107,0.09095079332680085,0.9090492066731989,0.9090492066731989,0.19583333333333333,0.8159722222222222,0.3158602150537634,479,True,2026-09-17T03:15:01Z__pid29540
Poly,201,5.0,0.05,2.0,RAW_UOT_PLAN_D4,0.09095079332680107,0.09095079332680085,0.18190158665360193,0.09095079332680107,0.09095079332680085,0.9090492066731989,0.9090492066731989,0.16,0.6666666666666666,0.25806451612903225,479,True,2026-09-17T03:15:01Z__pid29540
Poly,202,5.0,0.05,0.1,CONDITIONAL_UOT_D4,0.7446480296830904,0.7446480296830903,1.4892960593661808,0.7446480296830904,0.7446480296830903,0.25535197031690954,0.2553519703169096,0.1975,0.8229166666666666,0.3185483870967742,33,True,2026-09-17T03:15:03Z__pid29540
Poly,202,5.0,0.05,0.1,RAW_UOT_PLAN_D4,0.7446480296830904,0.7446480296830903,1.4892960593661808,0.7446480296830904,0.7446480296830903,0.25535197031690954,0.2553519703169096,0.16,0.6666666666666666,0.25806451612903225,33,True,2026-09-17T03:15:03Z__pid29540
Poly,202,5.0,0.05,0.25,CONDITIONAL_UOT_D4,0.4679739554201293,0.467973955420129,0.9359479108402583,0.4679739554201293,0.467973955420129,0.5320260445798708,0.5320260445798709,0.1975,0.8229166666666666,0.31854838709677413,70,True,2026-09-17T03:15:04Z__pid29540
Poly,202,5.0,0.05,0.25,RAW_UOT_PLAN_D4,0.4679739554201293,0.467973955420129,0.9359479108402583,0.4679739554201293,0.467973955420129,0.5320260445798708,0.5320260445798709,0.16,0.6666666666666666,0.25806451612903225,70,True,2026-09-17T03:15:04Z__pid29540
Poly,202,5.0,0.05,0.5,CONDITIONAL_UOT_D4,0.28316053173962136,0.2831605317396212,0.5663210634792426,0.28316053173962136,0.2831605317396212,0.7168394682603788,0.7168394682603789,0.1958333333333333,0.8159722222222222,0.3158602150537634,131,True,2026-09-17T03:15:02Z__pid29540
Poly,202,5.0,0.05,0.5,RAW_UOT_PLAN_D4,0.28316053173962136,0.2831605317396212,0.5663210634792426,0.28316053173962136,0.2831605317396212,0.7168394682603788,0.7168394682603789,0.16,0.6666666666666666,0.25806451612903225,131,True,2026-09-17T03:15:02Z__pid29540
Poly,202,5.0,0.05,1.0,CONDITIONAL_UOT_D4,0.15732873424073754,0.1573287342407374,0.3146574684814749,0.15732873424073754,0.1573287342407374,0.8426712657592625,0.8426712657592628,0.1975,0.8229166666666666,0.3185483870967742,249,True,2026-09-17T03:15:04Z__pid29540
Poly,202,5.0,0.05,1.0,RAW_UOT_PLAN_D4,0.15732873424073754,0.1573287342407374,0.3146574684814749,0.15732873424073754,0.1573287342407374,0.8426712657592625,0.8426712657592628,0.16,0.6666666666666666,0.25806451612903225,249,True,2026-09-17T03:15:04Z__pid29540
Poly,202,5.0,0.05,2.0,CONDITIONAL_UOT_D4,0.0831638158882583,0.0831638158882582,0.1663276317765165,0.0831638158882583,0.0831638158882582,0.9168361841117416,0.9168361841117418,0.19916666666666663,0.829861111111111,0.32123655913978494,477,True,2026-09-17T03:15:04Z__pid29540
Poly,202,5.0,0.05,2.0,RAW_UOT_PLAN_D4,0.0831638158882583,0.0831638158882582,0.1663276317765165,0.0831638158882583,0.0831638158882582,0.9168361841117416,0.9168361841117418,0.16,0.6666666666666666,0.25806451612903225,477,True,2026-09-17T03:15:04Z__pid29540
Poly,203,5.0,0.05,0.1,CONDITIONAL_UOT_D4,0.7474861987902514,0.7474861987902512,1.4949723975805025,0.7474861987902514,0.7474861987902512,0.25251380120974887,0.25251380120974887,0.19916666666666663,0.8298611111111112,0.32123655913978494,33,True,2026-09-17T03:15:06Z__pid29540
Poly,203,5.0,0.05,0.1,RAW_UOT_PLAN_D4,0.7474861987902514,0.7474861987902512,1.4949723975805025,0.7474861987902514,0.7474861987902512,0.25251380120974887,0.25251380120974887,0.15979166666666667,0.6631944444444443,0.25749586435070304,33,True,2026-09-17T03:15:06Z__pid29540
Poly,203,5.0,0.05,0.25,CONDITIONAL_UOT_D4,0.4702321029876667,0.47023210298766677,0.9404642059753334,0.4702321029876667,0.47023210298766677,0.5297678970123335,0.5297678970123335,0.19916666666666663,0.8298611111111112,0.32123655913978494,70,True,2026-09-17T03:15:07Z__pid29540
Poly,203,5.0,0.05,0.25,RAW_UOT_PLAN_D4,0.4702321029876667,0.47023210298766677,0.9404642059753334,0.4702321029876667,0.47023210298766677,0.5297678970123335,0.5297678970123335,0.16,0.6666666666666666,0.25806451612903225,70,True,2026-09-17T03:15:07Z__pid29540
Poly,203,5.0,0.05,0.5,CONDITIONAL_UOT_D4,0.28460735993465947,0.2846073599346596,0.569214719869319,0.28460735993465947,0.2846073599346596,0.7153926400653405,0.7153926400653405,0.1975,0.8229166666666666,0.3185483870967742,131,True,2026-09-17T03:15:05Z__pid29540
Poly,203,5.0,0.05,0.5,RAW_UOT_PLAN_D4,0.28460735993465947,0.2846073599346596,0.569214719869319,0.28460735993465947,0.2846073599346596,0.7153926400653405,0.7153926400653405,0.16,0.6666666666666666,0.25806451612903225,131,True,2026-09-17T03:15:05Z__pid29540
Poly,203,5.0,0.05,1.0,CONDITIONAL_UOT_D4,0.1581494409773397,0.15814944097733952,0.31629888195467926,0.1581494409773397,0.15814944097733952,0.8418505590226604,0.8418505590226604,0.19666666666666666,0.8194444444444445,0.3172043010752688,249,True,2026-09-17T03:15:07Z__pid29540
Poly,203,5.0,0.05,1.0,RAW_UOT_PLAN_D4,0.1581494409773397,0.15814944097733952,0.31629888195467926,0.1581494409773397,0.15814944097733952,0.8418505590226604,0.8418505590226604,0.16,0.6666666666666666,0.25806451612903225,249,True,2026-09-17T03:15:07Z__pid29540
Poly,203,5.0,0.05,2.0,CONDITIONAL_UOT_D4,0.08360205670530285,0.08360205670530266,0.1672041134106055,0.08360205670530285,0.08360205670530266,0.9163979432946971,0.9163979432946971,0.19666666666666668,0.8194444444444445,0.3172043010752688,478,True,2026-09-17T03:15:07Z__pid29540
Poly,203,5.0,0.05,2.0,RAW_UOT_PLAN_D4,0.08360205670530285,0.08360205670530266,0.1672041134106055,0.08360205670530285,0.08360205670530266,0.9163979432946971,0.9163979432946971,0.16,0.6666666666666666,0.25806451612903225,478,True,2026-09-17T03:15:07Z__pid29540
Poly,204,5.0,0.05,0.1,CONDITIONAL_UOT_D4,0.7384851657772104,0.7384851657772105,1.476970331554421,0.7384851657772104,0.7384851657772105,0.2615148342227896,0.2615148342227896,0.1975,0.8229166666666666,0.31854838709677413,33,True,2026-09-17T03:15:09Z__pid29540
Poly,204,5.0,0.05,0.1,RAW_UOT_PLAN_D4,0.7384851657772104,0.7384851657772105,1.476970331554421,0.7384851657772104,0.7384851657772105,0.2615148342227896,0.2615148342227896,0.16,0.6666666666666666,0.25806451612903225,33,True,2026-09-17T03:15:09Z__pid29540
Poly,204,5.0,0.05,0.25,CONDITIONAL_UOT_D4,0.4612485170626468,0.4612485170626469,0.9224970341252937,0.4612485170626468,0.4612485170626469,0.5387514829373534,0.5387514829373534,0.1958333333333333,0.8159722222222222,0.3158602150537634,70,True,2026-09-17T03:15:10Z__pid29540
Poly,204,5.0,0.05,0.25,RAW_UOT_PLAN_D4,0.4612485170626468,0.4612485170626469,0.9224970341252937,0.4612485170626468,0.4612485170626469,0.5387514829373534,0.5387514829373534,0.16,0.6666666666666666,0.25806451612903225,70,True,2026-09-17T03:15:10Z__pid29540
Poly,204,5.0,0.05,0.5,CONDITIONAL_UOT_D4,0.27821664957423253,0.2782166495742328,0.5564332991484653,0.27821664957423253,0.2782166495742328,0.7217833504257675,0.7217833504257675,0.19666666666666666,0.8194444444444443,0.31720430107526876,131,True,2026-09-17T03:15:08Z__pid29540
Poly,204,5.0,0.05,0.5,RAW_UOT_PLAN_D4,0.27821664957423253,0.2782166495742328,0.5564332991484653,0.27821664957423253,0.2782166495742328,0.7217833504257675,0.7217833504257675,0.16,0.6666666666666666,0.25806451612903225,131,True,2026-09-17T03:15:08Z__pid29540
Poly,204,5.0,0.05,1.0,CONDITIONAL_UOT_D4,0.1542953472005646,0.15429534720056443,0.308590694401129,0.1542953472005646,0.15429534720056443,0.8457046527994354,0.8457046527994354,0.1975,0.8229166666666666,0.31854838709677413,248,True,2026-09-17T03:15:10Z__pid29540
Poly,204,5.0,0.05,1.0,RAW_UOT_PLAN_D4,0.1542953472005646,0.15429534720056443,0.308590694401129,0.1542953472005646,0.15429534720056443,0.8457046527994354,0.8457046527994354,0.16,0.6666666666666666,0.25806451612903225,248,True,2026-09-17T03:15:10Z__pid29540
Poly,204,5.0,0.05,2.0,CONDITIONAL_UOT_D4,0.08147731223909925,0.08147731223909949,0.16295462447819875,0.08147731223909925,0.08147731223909949,0.9185226877609008,0.9185226877609008,0.19416666666666668,0.8090277777777777,0.31317204301075263,477,True,2026-09-17T03:15:10Z__pid29540
Poly,204,5.0,0.05,2.0,RAW_UOT_PLAN_D4,0.08147731223909925,0.08147731223909949,0.16295462447819875,0.08147731223909925,0.08147731223909949,0.9185226877609008,0.9185226877609008,0.16,0.6666666666666666,0.25806451612903225,477,True,2026-09-17T03:15:10Z__pid29540
Poly,205,5.0,0.05,0.1,CONDITIONAL_UOT_D4,0.7470591609957697,0.7470591609957695,1.4941183219915393,0.7470591609957697,0.7470591609957695,0.25294083900423037,0.25294083900423037,0.19666666666666668,0.8194444444444443,0.31720430107526876,33,True,2026-09-17T03:15:12Z__pid29540
Poly,205,5.0,0.05,0.1,RAW_UOT_PLAN_D4,0.7470591609957697,0.7470591609957695,1.4941183219915393,0.7470591609957697,0.7470591609957695,0.25294083900423037,0.25294083900423037,0.16,0.6666666666666666,0.25806451612903225,33,True,2026-09-17T03:15:12Z__pid29540
Poly,205,5.0,0.05,0.25,CONDITIONAL_UOT_D4,0.4702340228883075,0.4702340228883074,0.9404680457766149,0.4702340228883075,0.4702340228883074,0.5297659771116927,0.5297659771116927,0.1975,0.8229166666666666,0.3185483870967742,70,True,2026-09-17T03:15:12Z__pid29540
Poly,205,5.0,0.05,0.25,RAW_UOT_PLAN_D4,0.4702340228883075,0.4702340228883074,0.9404680457766149,0.4702340228883075,0.4702340228883074,0.5297659771116927,0.5297659771116927,0.16,0.6666666666666666,0.25806451612903225,70,True,2026-09-17T03:15:12Z__pid29540
Poly,205,5.0,0.05,0.5,CONDITIONAL_UOT_D4,0.2848238051807682,0.2848238051807683,0.5696476103615364,0.2848238051807682,0.2848238051807683,0.7151761948192318,0.7151761948192318,0.1958333333333333,0.8159722222222223,0.31586021505376344,131,True,2026-09-17T03:15:11Z__pid29540
Poly,205,5.0,0.05,0.5,RAW_UOT_PLAN_D4,0.2848238051807682,0.2848238051807683,0.5696476103615364,0.2848238051807682,0.2848238051807683,0.7151761948192318,0.7151761948192318,0.16,0.6666666666666666,0.25806451612903225,131,True,2026-09-17T03:15:11Z__pid29540
Poly,205,5.0,0.05,1.0,CONDITIONAL_UOT_D4,0.15836916130443382,0.1583691613044334,0.31673832260886725,0.15836916130443382,0.1583691613044334,0.8416308386955662,0.8416308386955662,0.19666666666666668,0.8194444444444443,0.31720430107526876,249,True,2026-09-17T03:15:13Z__pid29540
Poly,205,5.0,0.05,1.0,RAW_UOT_PLAN_D4,0.15836916130443382,0.1583691613044334,0.31673832260886725,0.15836916130443382,0.1583691613044334,0.8416308386955662,0.8416308386955662,0.16,0.6666666666666666,0.25806451612903225,249,True,2026-09-17T03:15:13Z__pid29540
Poly,205,5.0,0.05,2.0,CONDITIONAL_UOT_D4,0.08375142136315882,0.08375142136315922,0.16750284272631805,0.08375142136315882,0.08375142136315922,0.9162485786368412,0.9162485786368412,0.1975,0.8229166666666666,0.31854838709677413,477,True,2026-09-17T03:15:13Z__pid29540
Poly,205,5.0,0.05,2.0,RAW_UOT_PLAN_D4,0.08375142136315882,0.08375142136315922,0.16750284272631805,0.08375142136315882,0.08375142136315922,0.9162485786368412,0.9162485786368412,0.16,0.6666666666666666,0.25806451612903225,477,True,2026-09-17T03:15:13Z__pid29540
