sweep,parameter,parameter_value,method,k,epsilon,lambda,n_bridges,n_seeds,n_cells,seeds,macro_edge_f1_mean_of_cells,macro_edge_f1_std_of_cells,precision_mean_of_cells,recall_mean_of_cells,micro_edge_f1_mean_of_cells,mean_n_pred_edges,mean_sinkhorn_iterations,max_sinkhorn_final_residual,n_converged_cells,all_converged,mean_delta_s_total,mean_delta_t_total,mean_delta_total,mean_transport_mass_total,mean_mass_retained_fraction,mean_macro_edge_f1_Celer,std_macro_edge_f1_Celer,mean_precision_Celer,std_precision_Celer,mean_recall_Celer,std_recall_Celer,n_seeds_Celer,mean_macro_edge_f1_Multi,std_macro_edge_f1_Multi,mean_precision_Multi,std_precision_Multi,mean_recall_Multi,std_recall_Multi,n_seeds_Multi,mean_macro_edge_f1_Poly,std_macro_edge_f1_Poly,mean_precision_Poly,std_precision_Poly,mean_recall_Poly,std_recall_Poly,n_seeds_Poly,std_over_seeds_macro_edge_f1
epsilon,epsilon,0.01,CONDITIONAL_UOT_D4,5.0,0.01,0.5,3,5,15,"201,202,203,204,205",0.3135696684587813,0.007083862038142356,0.19453418803418807,0.8092592592592595,0.3144276733568452,1194.4666666666667,630.4,9.97595477131987e-12,15,True,0.2451079651547646,0.2431844999910246,0.4882924651457893,0.7569868894168247,0.7569868894168247,0.31666666666666665,0.007337281754815165,0.1963333333333333,0.004549114687985375,0.8180555555555555,0.018954644533272454,5,0.3139112903225806,0.007655190135311824,0.195,0.004658474953124556,0.8083333333333333,0.02045371732642107,5,0.3101310483870967,0.006023367082714027,0.19226923076923078,0.003742898162322527,0.8013888888888889,0.015411347931369493,5,0.0032811744387385836
epsilon,epsilon,0.01,RAW_UOT_PLAN_D4,5.0,0.01,0.5,3,5,15,"201,202,203,204,205",0.2503299010302405,0.011807184319814123,0.15636756993006998,0.6388888888888888,0.2547571468578445,1155.4,630.4,9.97595477131987e-12,15,True,0.2451079651547646,0.2431844999910246,0.4882924651457893,0.7569868894168247,0.7569868894168247,0.25635386119257086,0.0030166243635455763,0.15966666666666668,0.0012638125740085972,0.6597222222222221,0.010702107644043378,5,0.2365713257691186,0.011048535330160052,0.14943604312354314,0.007278304054851038,0.5902777777777778,0.028315115330382095,5,0.25806451612903225,0.0,0.16,0.0,0.6666666666666666,0.0,5,0.011945935710101493
epsilon,epsilon,0.02,CONDITIONAL_UOT_D4,5.0,0.02,0.5,3,5,15,"201,202,203,204,205",0.3143610421836227,0.007937685296171282,0.19516666666666665,0.8101851851851851,0.3161191288203878,1188.0,319.53333333333336,9.913131380507663e-12,15,True,0.2587910306932847,0.25732372561171557,0.5161147563050003,0.7426827573823752,0.7426827573823753,0.3200992555831265,0.0019022300964613565,0.19849999999999998,0.0012360330811826044,0.826388888888889,0.0042525863589986035,5,0.30766129032258066,0.010776550722848964,0.1915,0.006316314853879066,0.7895833333333334,0.03042903097250926,5,0.3153225806451613,0.0015324938509396855,0.19549999999999998,0.0009501461875826174,0.8145833333333332,0.003958942448260848,5,0.006274485007982733
epsilon,epsilon,0.02,RAW_UOT_PLAN_D4,5.0,0.02,0.5,3,5,15,"201,202,203,204,205",0.24549472579248538,0.018147498643382946,0.15357525766716942,0.6263888888888888,0.25453091971934944,1127.6666666666667,319.53333333333336,9.913131380507663e-12,15,True,0.2587910306932847,0.25732372561171557,0.5161147563050003,0.7426827573823752,0.7426827573823753,0.25592243777727647,0.0031167684694367514,0.15947916666666667,0.0013420936173671961,0.6576388888888889,0.011410886614690969,5,0.22249722347114761,0.012182747212571754,0.14124660633484162,0.008116597776908709,0.554861111111111,0.031861304852651255,5,0.25806451612903225,0.0,0.16,0.0,0.6666666666666666,0.0,5,0.019945198913052232
epsilon,epsilon,0.05,CONDITIONAL_UOT_D4,5.0,0.05,0.5,3,5,15,"201,202,203,204,205",0.3129093352883675,0.010687014858812245,0.19450000000000003,0.8053240740740738,0.3155896555077505,1181.3333333333333,130.93333333333334,9.676434981380345e-12,15,True,0.2956620875851131,0.29566208758511314,0.5913241751702263,0.704337912414887,0.704337912414887,0.31908602150537635,0.002787156095877398,0.1978333333333333,0.0017280367794439485,0.8243055555555555,0.007200153247683254,5,0.3029753176930596,0.014206948601556742,0.1893333333333333,0.008114844080106808,0.7736111111111111,0.03892917060603876,5,0.31666666666666665,0.0012021870846773176,0.1963333333333333,0.0007453559924999425,0.8180555555555555,0.003105649968749647,5,0.008687741285674453
epsilon,epsilon,0.05,RAW_UOT_PLAN_D4,5.0,0.05,0.5,3,5,15,"201,202,203,204,205",0.23742822838252942,0.022851113025261306,0.1485115740740741,0.6050925925925925,0.25226057435490484,1090.4666666666667,130.93333333333334,9.676434981380345e-12,15,True,0.2956620875851131,0.29566208758511314,0.5913241751702263,0.704337912414887,0.704337912414887,0.243631100082713,0.009971252218018438,0.15116666666666667,0.006130099917619604,0.6277777777777777,0.02648920989272312,5,0.21058906893584312,0.015727057117227394,0.1343680555555556,0.010008026292820073,0.5208333333333333,0.044398305043556956,5,0.25806451612903225,0.0,0.16,0.0,0.6666666666666666,0.0,5,0.024337958717711432
epsilon,epsilon,0.1,CONDITIONAL_UOT_D4,5.0,0.1,0.5,3,5,15,"201,202,203,204,205",0.31322804659498205,0.011271294019075648,0.19438888888888886,0.8078703703703703,0.3161591604818224,1183.3333333333333,68.86666666666666,9.414271678289007e-12,15,True,0.3363476709473623,0.3363476709473623,0.6726953418947245,0.6636523290526377,0.6636523290526379,0.31854838709677413,0.0009504123403045182,0.1975,0.0005892556509887934,0.8229166666666666,0.0024552318791199873,5,0.30285618279569887,0.015457149039321322,0.18833333333333335,0.009274928870646694,0.7784722222222222,0.042127085800286436,5,0.3182795698924731,0.0017524737648394288,0.19733333333333336,0.001086533734200425,0.8222222222222222,0.00452722389250184,5,0.008983303104954871
epsilon,epsilon,0.1,RAW_UOT_PLAN_D4,5.0,0.1,0.5,3,5,15,"201,202,203,204,205",0.14821221826432848,0.04942185953485575,0.09445500060941238,0.3641203703703703,0.20680001924166902,672.5333333333333,68.86666666666666,9.414271678289007e-12,15,True,0.3363476709473623,0.3363476709473623,0.6726953418947245,0.6636523290526377,0.6636523290526379,0.14316055248514922,0.07917830459208679,0.09171527777777778,0.05024445690282538,0.35,0.19689980002529203,5,0.12628059888652637,0.025526665804690894,0.08267055738379268,0.015514423098665527,0.29375,0.06925320891081109,5,0.17519550342130985,0.00920543032582064,0.10897916666666667,0.00595091685863055,0.44861111111111107,0.02117770928052349,5,0.024845652874701092
epsilon,epsilon,0.2,CONDITIONAL_UOT_D4,5.0,0.2,0.5,3,5,15,"201,202,203,204,205",0.31520497311827955,0.010253435433329804,0.19558333333333333,0.8131944444444444,0.3175503114392754,1186.6666666666667,37.333333333333336,9.788684458577203e-12,15,True,0.34774622963764157,0.34774622963764146,0.6954924592752831,0.6522537703623585,0.6522537703623585,0.3212365591397849,0.001344086021505403,0.19916666666666666,0.0008333333333333248,0.829861111111111,0.0034722222222222376,5,0.3069052419354839,0.015002499440984687,0.19075000000000003,0.009220485947666264,0.7895833333333333,0.039635078264238906,5,0.31747311827956987,0.001752473764839416,0.19683333333333333,0.0010865337342004506,0.820138888888889,0.004527223892501802,5,0.0074300084156807816
epsilon,epsilon,0.2,RAW_UOT_PLAN_D4,5.0,0.2,0.5,3,5,15,"201,202,203,204,205",0.040663030219481824,0.02771795610660749,0.026300925925925926,0.09421296296296296,0.10475716433409224,183.93333333333334,37.333333333333336,9.788684458577203e-12,15,True,0.34774622963764157,0.34774622963764146,0.6954924592752831,0.6522537703623585,0.6522537703623585,0.04799796977216332,0.030558423170890803,0.030750000000000006,0.019545952799322253,0.1125,0.0725686137645174,5,0.03324169110459433,0.010869387973313617,0.022166666666666668,0.0070919065764354855,0.07291666666666666,0.02405626121623441,5,0.04074942978168784,0.038741846228744915,0.02598611111111111,0.024933851047277866,0.09722222222222222,0.08987624378850545,5,0.007378518732916517
k,k,2.0,CONDITIONAL_UOT_D4,2.0,0.05,0.5,3,5,15,"201,202,203,204,205",0.3503835978835979,0.02006428894255002,0.43744212962962964,0.29236111111111107,0.3510354378593609,191.6,130.93333333333334,9.676434981380345e-12,15,True,0.2956620875851131,0.29566208758511314,0.5913241751702263,0.704337912414887,0.704337912414887,0.35916666666666675,0.009947780321927743,0.4489583333333333,0.012434725402409709,0.29930555555555555,0.008289816934939803,5,0.3305952380952381,0.01854145169179055,0.4130208333333334,0.022969871949166606,0.2756944444444444,0.015644278230651117,5,0.36138888888888887,0.015131879111072064,0.45034722222222223,0.01773044643289831,0.3020833333333333,0.013670152559048292,5,0.017173204570970883
k,k,2.0,RAW_UOT_PLAN_D4,2.0,0.05,0.5,3,5,15,"201,202,203,204,205",0.0008333333333333334,0.001725163898355886,0.0010416666666666667,0.0006944444444444444,0.000891770165787633,177.06666666666666,130.93333333333334,9.676434981380345e-12,15,True,0.2956620875851131,0.29566208758511314,0.5913241751702263,0.704337912414887,0.704337912414887,0.0,0.0,0.0,0.0,0.0,0.0,5,0.0025,0.002282177322938192,0.003125,0.00285272165367274,0.0020833333333333333,0.0019018144357818268,5,0.0,0.0,0.0,0.0,0.0,0.0,5,0.0014433756729740645
k,k,3.0,CONDITIONAL_UOT_D4,3.0,0.05,0.5,3,5,15,"201,202,203,204,205",0.47971768336964415,0.026441547496897918,0.3996366442199776,0.5999999999999999,0.4826419438339189,427.73333333333335,130.93333333333334,9.676434981380345e-12,15,True,0.2956620875851131,0.29566208758511314,0.5913241751702263,0.704337912414887,0.704337912414887,0.4955555555555556,0.02102687874197284,0.412962962962963,0.017522398951644036,0.6194444444444444,0.026283598427466057,5,0.4548148148148147,0.02688695024130594,0.3789351851851852,0.022317263965797123,0.56875,0.033878641437917974,5,0.4887826797385621,0.009515764561678814,0.40701178451178455,0.008079470813873021,0.6118055555555555,0.011620278146306564,5,0.02183077205236767
k,k,3.0,RAW_UOT_PLAN_D4,3.0,0.05,0.5,3,5,15,"201,202,203,204,205",0.1236111111111111,0.010825317547305487,0.1035493827160494,0.1537037037037037,0.1292492162683842,395.6,130.93333333333334,9.676434981380345e-12,15,True,0.2956620875851131,0.29566208758511314,0.5913241751702263,0.704337912414887,0.704337912414887,0.12611111111111112,0.005046083923495826,0.1050925925925926,0.004205069936246515,0.15763888888888888,0.006307604904369774,5,0.1113888888888889,0.008485304107836628,0.09444444444444443,0.0071628465031323175,0.13680555555555554,0.010588854640261734,5,0.13333333333333333,0.0,0.11111111111111112,0.0,0.16666666666666666,0.0,5,0.011183790077331881
k,k,5.0,CONDITIONAL_UOT_D4,5.0,0.05,0.5,3,5,15,"201,202,203,204,205",0.3129093352883675,0.010687014858812245,0.19450000000000003,0.8053240740740738,0.3155896555077505,1181.3333333333333,130.93333333333334,9.676434981380345e-12,15,True,0.2956620875851131,0.29566208758511314,0.5913241751702263,0.704337912414887,0.704337912414887,0.31908602150537635,0.002787156095877398,0.1978333333333333,0.0017280367794439485,0.8243055555555555,0.007200153247683254,5,0.3029753176930596,0.014206948601556742,0.1893333333333333,0.008114844080106808,0.7736111111111111,0.03892917060603876,5,0.31666666666666665,0.0012021870846773176,0.1963333333333333,0.0007453559924999425,0.8180555555555555,0.003105649968749647,5,0.008687741285674453
k,k,5.0,RAW_UOT_PLAN_D4,5.0,0.05,0.5,3,5,15,"201,202,203,204,205",0.23742822838252942,0.022851113025261306,0.1485115740740741,0.6050925925925925,0.25226057435490484,1090.4666666666667,130.93333333333334,9.676434981380345e-12,15,True,0.2956620875851131,0.29566208758511314,0.5913241751702263,0.704337912414887,0.704337912414887,0.243631100082713,0.009971252218018438,0.15116666666666667,0.006130099917619604,0.6277777777777777,0.02648920989272312,5,0.21058906893584312,0.015727057117227394,0.1343680555555556,0.010008026292820073,0.5208333333333333,0.044398305043556956,5,0.25806451612903225,0.0,0.16,0.0,0.6666666666666666,0.0,5,0.024337958717711432
k,k,7.0,CONDITIONAL_UOT_D4,7.0,0.05,0.5,3,5,15,"201,202,203,204,205",0.28199198061679315,0.006450816034387662,0.16517768165528418,0.9824074074074074,0.283177894070243,1709.8,130.93333333333334,9.676434981380345e-12,15,True,0.2956620875851131,0.29566208758511314,0.5913241751702263,0.704337912414887,0.704337912414887,0.2844471279944045,0.0008199103770353617,0.16582961309523808,0.0005116361773812743,0.9993055555555556,0.0015528249843748982,5,0.2764236089833284,0.00930372231455425,0.16344967811686076,0.004813615883298533,0.9479166666666667,0.03928371006591928,5,0.2851052048726467,7.581984461586954e-05,0.16625375375375376,5.140039015626253e-05,1.0,0.0,5,0.004833563724696399
k,k,7.0,RAW_UOT_PLAN_D4,7.0,0.05,0.5,3,5,15,"201,202,203,204,205",0.2622826775277342,0.024587614529223006,0.15414913190132484,0.9060185185185186,0.27859849236494644,1580.7333333333333,130.93333333333334,9.676434981380345e-12,15,True,0.2956620875851131,0.29566208758511314,0.5913241751702263,0.704337912414887,0.704337912414887,0.2689793281653746,0.01092580963587889,0.15700075075075073,0.006287187364189964,0.9402777777777779,0.040373449593746176,5,0.2325143301099654,0.012938723867711261,0.13902397228055122,0.007140005417076467,0.7777777777777779,0.06108545863110829,5,0.28535437430786265,0.0001238132877906796,0.1664226726726727,8.393648564189297e-05,1.0,0.0,5,0.027049055714218385
k,k,10.0,CONDITIONAL_UOT_D4,10.0,0.05,0.5,3,5,15,"201,202,203,204,205",0.2720039666084634,0.007233681201050996,0.15860909615076277,0.9847222222222222,0.2690824135077617,1820.2666666666667,130.93333333333334,9.676434981380345e-12,15,True,0.2956620875851131,0.29566208758511314,0.5913241751702263,0.704337912414887,0.704337912414887,0.27325472085385877,0.005113478871921134,0.15855444555444553,0.00333447572625415,1.0,0.0,5,0.2644826065803077,0.0058848323561360655,0.15544515669515668,0.003349670877180379,0.9541666666666666,0.026602751818580555,5,0.2782745723912237,0.0007368244758765464,0.1618276862026862,0.0004802420215318886,1.0,0.0,5,0.006980535070404703
k,k,10.0,RAW_UOT_PLAN_D4,10.0,0.05,0.5,3,5,15,"201,202,203,204,205",0.25941497278241404,0.020591262338217238,0.15192272233938897,0.920138888888889,0.26976427253071006,1674.8,130.93333333333334,9.676434981380345e-12,15,True,0.2956620875851131,0.29566208758511314,0.5913241751702263,0.704337912414887,0.704337912414887,0.2597848716334473,0.013267175220506987,0.15091273310023307,0.008122600456659478,0.9458333333333334,0.036217791140014735,5,0.23701505492397548,0.008473885093654885,0.14096654502904502,0.004869822789466354,0.8145833333333334,0.049508093396215466,5,0.2814449917898193,0.0014686817586205497,0.16388888888888886,0.0009555846057691374,1.0,0.0,5,0.022217277991367777
k,k,15.0,CONDITIONAL_UOT_D4,15.0,0.05,0.5,3,5,15,"201,202,203,204,205",0.2588960185618657,0.009072002223758351,0.15053524202135313,0.986111111111111,0.2434218073575397,2048.2,130.93333333333334,9.676434981380345e-12,15,True,0.2956620875851131,0.29566208758511314,0.5913241751702263,0.704337912414887,0.704337912414887,0.2606466672574795,0.0075949008402787874,0.15082907447490781,0.004795780627448543,1.0,0.0,5,0.24934775678122753,0.005691577769435475,0.14610844171260837,0.0030210777284296643,0.9583333333333334,0.01917597398817234,5,0.26669363164689025,0.0020449093622635192,0.1546682098765432,0.0012801257235933756,1.0,0.0,5,0.008804454659738895
k,k,15.0,RAW_UOT_PLAN_D4,15.0,0.05,0.5,3,5,15,"201,202,203,204,205",0.25167249751236,0.018230874283826918,0.14677030643566655,0.9354166666666667,0.25060473189410504,1865.2666666666667,130.93333333333334,9.676434981380345e-12,15,True,0.2956620875851131,0.29566208758511314,0.5913241751702263,0.704337912414887,0.704337912414887,0.2460351438517332,0.01276394693249952,0.14219683211572248,0.007721431997855758,0.9555555555555555,0.036034239761443355,5,0.23594760179116298,0.00794085378660651,0.13950476040178475,0.005385326458436523,0.8506944444444444,0.04308914460413496,5,0.27303474689418383,0.004248996280606594,0.1586093267894924,0.0027373596135364512,1.0,0.0,5,0.019175476531089593
lambda,lambda,0.1,CONDITIONAL_UOT_D4,5.0,0.05,0.1,3,5,15,"201,202,203,204,205",0.3130096326164874,0.012221739535172024,0.19447222222222224,0.8057870370370369,0.3163188289767854,1178.6666666666667,32.93333333333333,7.667331476552235e-12,15,True,0.7586991927299996,0.7586991927299994,1.5173983854599993,0.24130080727000044,0.24130080727000044,0.31962365591397845,0.0017524737648394182,0.19816666666666666,0.0010865337342004303,0.8256944444444445,0.0045272238925018705,5,0.30058803763440856,0.015094623107766608,0.18758333333333332,0.009393038202129634,0.7680555555555556,0.03892917060603879,5,0.31881720430107524,0.0014723724664117534,0.19766666666666666,0.0009128709291752561,0.8236111111111111,0.003803628871563716,5,0.010764971317894627
lambda,lambda,0.1,RAW_UOT_PLAN_D4,5.0,0.05,0.1,3,5,15,"201,202,203,204,205",0.23515021231755107,0.022889706835235998,0.14760076960076962,0.5960648148148148,0.25098079089035846,1076.4666666666667,32.93333333333333,7.667331476552235e-12,15,True,0.7586991927299996,0.7586991927299994,1.5173983854599993,0.24130080727000044,0.24130080727000044,0.2370742161064742,0.015605368173615717,0.1473125,0.009416113553077213,0.6083333333333332,0.04325669861777063,5,0.21053936542847831,0.013603320180680525,0.13557314213564214,0.009152700664868323,0.5145833333333333,0.039467422884396704,5,0.2578370554177006,0.0003114634063563357,0.15991666666666668,0.00011410886614691224,0.6652777777777776,0.001901814435781881,5,0.023707471660090348
lambda,lambda,0.25,CONDITIONAL_UOT_D4,5.0,0.05,0.25,3,5,15,"201,202,203,204,205",0.3130152329749103,0.011756160069012662,0.19444444444444448,0.8060185185185184,0.31614016336587547,1180.0,70.0,9.776127413643635e-12,15,True,0.4838885399350988,0.4838885399350988,0.9677770798701976,0.5161114600649015,0.5161114600649015,0.31962365591397845,0.0030649877018794234,0.19816666666666666,0.00190029237516523,0.8256944444444445,0.007917884896521805,5,0.3016801075268817,0.014978113843189925,0.18816666666666668,0.009329054078522648,0.7715277777777778,0.03846181668346654,5,0.317741935483871,0.0026201060066690968,0.19699999999999998,0.0016244657241348286,0.8208333333333334,0.006768607183895127,5,0.00986149175511402
lambda,lambda,0.25,RAW_UOT_PLAN_D4,5.0,0.05,0.25,3,5,15,"201,202,203,204,205",0.237194288238643,0.022866369455972084,0.1485109649122807,0.6034722222222222,0.2518142384150279,1089.0,70.0,9.776127413643635e-12,15,True,0.4838885399350988,0.4838885399350988,0.9677770798701976,0.5161114600649015,0.5161114600649015,0.24303417550191742,0.010519066940113533,0.15090789473684213,0.0063797825307345705,0.6249999999999999,0.028946756945369922,5,0.21048417308497952,0.015508740417610726,0.13462500000000002,0.009781854569530497,0.51875,0.043961679265323336,5,0.25806451612903225,0.0,0.16,0.0,0.6666666666666666,0.0,5,0.024321810653881212
lambda,lambda,0.5,CONDITIONAL_UOT_D4,5.0,0.05,0.5,3,5,15,"201,202,203,204,205",0.3129093352883675,0.010687014858812245,0.19450000000000003,0.8053240740740738,0.3155896555077505,1181.3333333333333,130.93333333333334,9.676434981380345e-12,15,True,0.2956620875851131,0.29566208758511314,0.5913241751702263,0.704337912414887,0.704337912414887,0.31908602150537635,0.002787156095877398,0.1978333333333333,0.0017280367794439485,0.8243055555555555,0.007200153247683254,5,0.3029753176930596,0.014206948601556742,0.1893333333333333,0.008114844080106808,0.7736111111111111,0.03892917060603876,5,0.31666666666666665,0.0012021870846773176,0.1963333333333333,0.0007453559924999425,0.8180555555555555,0.003105649968749647,5,0.008687741285674453
lambda,lambda,0.5,RAW_UOT_PLAN_D4,5.0,0.05,0.5,3,5,15,"201,202,203,204,205",0.23742822838252942,0.022851113025261306,0.1485115740740741,0.6050925925925925,0.25226057435490484,1090.4666666666667,130.93333333333334,9.676434981380345e-12,15,True,0.2956620875851131,0.29566208758511314,0.5913241751702263,0.704337912414887,0.704337912414887,0.243631100082713,0.009971252218018438,0.15116666666666667,0.006130099917619604,0.6277777777777777,0.02648920989272312,5,0.21058906893584312,0.015727057117227394,0.1343680555555556,0.010008026292820073,0.5208333333333333,0.044398305043556956,5,0.25806451612903225,0.0,0.16,0.0,0.6666666666666666,0.0,5,0.024337958717711432
lambda,lambda,1.0,CONDITIONAL_UOT_D4,5.0,0.05,1.0,3,5,15,"201,202,203,204,205",0.3132840501792114,0.010263875096735847,0.19461111111111112,0.8067129629629627,0.31585878671347506,1182.6666666666667,248.93333333333334,9.948706569741312e-12,15,True,0.16557109859422023,0.16539798403875522,0.3309690826329755,0.8346020159612448,0.834602015961245,0.31881720430107524,0.0011245430464167441,0.19766666666666668,0.0006972166887783892,0.8236111111111111,0.002905069536576681,5,0.30356182795698916,0.013705059434324898,0.18933333333333333,0.0083260384737681,0.7763888888888889,0.03663153304139697,5,0.31747311827956987,0.0011245430464167574,0.19683333333333333,0.0006972166887784007,0.820138888888889,0.0029050695365766413,5,0.008446469411061936
lambda,lambda,1.0,RAW_UOT_PLAN_D4,5.0,0.05,1.0,3,5,15,"201,202,203,204,205",0.23762045948873897,0.022629398261339122,0.1486412037037037,0.6055555555555555,0.2523640167139683,1091.0666666666666,248.93333333333334,9.948706569741312e-12,15,True,0.16557109859422023,0.16539798403875522,0.3309690826329755,0.8346020159612448,0.834602015961245,0.243631100082713,0.009971252218018438,0.15116666666666667,0.006130099917619604,0.6277777777777777,0.02648920989272312,5,0.21116576225447195,0.01582609037406196,0.13475694444444444,0.010053987178180231,0.5222222222222221,0.0439616792653233,5,0.25806451612903225,0.0,0.16,0.0,0.6666666666666666,0.0,5,0.024020181702249704
lambda,lambda,2.0,CONDITIONAL_UOT_D4,5.0,0.05,2.0,3,5,15,"201,202,203,204,205",0.3136368727598566,0.010691566805697154,0.19486111111111118,0.8074074074074072,0.31612581056319145,1182.6666666666667,477.8666666666667,9.964663048225344e-12,15,True,0.08792557660603537,0.08778834629318057,0.17571392289921597,0.9122116537068193,0.9122116537068194,0.3190860215053763,0.0018032806270159866,0.19783333333333333,0.0011180339887498824,0.8243055555555554,0.004658474953124603,5,0.3046202956989247,0.015269279929369203,0.19008333333333333,0.009351359081260155,0.7784722222222222,0.040298725395705955,5,0.3172043010752687,0.0030054677116932815,0.19666666666666668,0.0018633899812498089,0.8194444444444444,0.00776412492187428,5,0.007865062896510342
lambda,lambda,2.0,RAW_UOT_PLAN_D4,5.0,0.05,2.0,3,5,15,"201,202,203,204,205",0.23774338257699396,0.022451930844583384,0.14871839774557166,0.6057870370370371,0.25245015644240304,1091.2,477.8666666666667,9.964663048225344e-12,15,True,0.08792557660603537,0.08778834629318057,0.17571392289921597,0.9122116537068193,0.9122116537068194,0.24351736972704713,0.00986097097506096,0.151125,0.006087470054683363,0.6270833333333332,0.025937290829143193,5,0.21164826187490257,0.01606300238348999,0.13503019323671497,0.010132407308508345,0.523611111111111,0.04483067853216497,5,0.25806451612903225,0.0,0.16,0.0,0.6666666666666666,0.0,5,0.023740711035113018
