src_flow_id,dst_flow_id,src_amount_usd,dst_amount_usd,median_delay_sec,pattern_type,label_confidence,label_type,bridge,label_source,support_tx_pair_count,matched_src_amount_usd,matched_dst_amount_usd,flow_mass_ratio_dst
eth_flow_d1c00a8bd20443__r7fam00__inst00__synth_split_src,bnb_flow_d5396ef0ca2a4b__synth_split_a,207.9058293600564,69.3019431200188,161.0,one_to_many,0.95,supervised_flow_pair,Celer,semi_synthetic_split,1,69.3019431200188,69.3019431200188,
eth_flow_d1c00a8bd20443__r7fam00__inst00__synth_split_src,bnb_flow_d5396ef0ca2a4b__synth_split_b,207.9058293600564,69.3019431200188,161.0,one_to_many,0.95,supervised_flow_pair,Celer,semi_synthetic_split,1,69.3019431200188,69.3019431200188,
eth_flow_d1c00a8bd20443__r7fam00__inst00__synth_split_src,bnb_flow_d5396ef0ca2a4b__synth_split_c,207.9058293600564,69.3019431200188,161.0,one_to_many,0.95,supervised_flow_pair,Celer,semi_synthetic_split,1,69.3019431200188,69.3019431200188,
eth_flow_d1c00a8bd20443__r7fam00__inst00__synth_merge_src1,bnb_flow_d5396ef0ca2a4b__synth_merge_dst,103.9529146800282,207.9058293600564,161.0,many_to_one,1.0,supervised_flow_pair,Celer,semi_synthetic_merge,,103.9529146800282,103.9529146800282,
eth_flow_d1c00a8bd20443__r7fam00__inst00__synth_merge_src2,bnb_flow_d5396ef0ca2a4b__synth_merge_dst,103.9529146800282,207.9058293600564,161.0,many_to_one,1.0,supervised_flow_pair,Celer,semi_synthetic_merge,,103.9529146800282,103.9529146800282,
eth_flow_d1c00a8bd20443__r7fam00__inst00__synth_unmatched_src,bnb_flow_d5396ef0ca2a4b__synth_hidden_dst,207.90582936005637,0,161.0,one_to_one,0.2,supervised_flow_pair,Celer,semi_synthetic_unmatched,,,0,0
eth_flow_d1c00a8bd20443__r7fam00__inst00__synth_noise_src_0,bnb_flow_d5396ef0ca2a4b__synth_noise_dst_0,207.90582936005637,206.28446990537824,221,one_to_one,0.2307,supervised_flow_pair,Celer,semi_synthetic_delay_noise,,,,
eth_flow_d1c00a8bd20443__r7fam00__inst00__synth_noise_src_1,bnb_flow_d5396ef0ca2a4b__synth_noise_dst_1,207.90582936005637,206.28446990537824,281,one_to_one,0.2318,supervised_flow_pair,Celer,semi_synthetic_delay_noise,,,,
eth_flow_e3c65de37bd94a__r7fam00__inst01__synth_split_src,bnb_flow_f5538d1b7f3144__synth_split_a,0.030682,0.004383142857142857,150.0,one_to_many,0.95,supervised_flow_pair,Celer,semi_synthetic_split,1,0.004383142857142857,0.004383142857142857,
eth_flow_e3c65de37bd94a__r7fam00__inst01__synth_split_src,bnb_flow_f5538d1b7f3144__synth_split_b,0.030682,0.004383142857142857,150.0,one_to_many,0.95,supervised_flow_pair,Celer,semi_synthetic_split,1,0.004383142857142857,0.004383142857142857,
eth_flow_e3c65de37bd94a__r7fam00__inst01__synth_split_src,bnb_flow_f5538d1b7f3144__synth_split_c,0.030682,0.004383142857142857,150.0,one_to_many,0.95,supervised_flow_pair,Celer,semi_synthetic_split,1,0.004383142857142857,0.004383142857142857,
eth_flow_e3c65de37bd94a__r7fam00__inst01__synth_split_src,bnb_flow_f5538d1b7f3144__synth_split_d,0.030682,0.004383142857142857,150.0,one_to_many,0.95,supervised_flow_pair,Celer,semi_synthetic_split,1,0.004383142857142857,0.004383142857142857,
eth_flow_e3c65de37bd94a__r7fam00__inst01__synth_split_src,bnb_flow_f5538d1b7f3144__synth_split_e,0.030682,0.004383142857142857,150.0,one_to_many,0.95,supervised_flow_pair,Celer,semi_synthetic_split,1,0.004383142857142857,0.004383142857142857,
eth_flow_e3c65de37bd94a__r7fam00__inst01__synth_split_src,bnb_flow_f5538d1b7f3144__synth_split_f,0.030682,0.004383142857142857,150.0,one_to_many,0.95,supervised_flow_pair,Celer,semi_synthetic_split,1,0.004383142857142857,0.004383142857142857,
eth_flow_e3c65de37bd94a__r7fam00__inst01__synth_split_src,bnb_flow_f5538d1b7f3144__synth_split_g,0.030682,0.004383142857142857,150.0,one_to_many,0.95,supervised_flow_pair,Celer,semi_synthetic_split,1,0.004383142857142857,0.004383142857142857,
eth_flow_e3c65de37bd94a__r7fam00__inst01__synth_merge_src1,bnb_flow_f5538d1b7f3144__synth_merge_dst,0.015341,0.030682,150.0,many_to_one,1.0,supervised_flow_pair,Celer,semi_synthetic_merge,,0.015341,0.015341,
eth_flow_e3c65de37bd94a__r7fam00__inst01__synth_merge_src2,bnb_flow_f5538d1b7f3144__synth_merge_dst,0.015341,0.030682,150.0,many_to_one,1.0,supervised_flow_pair,Celer,semi_synthetic_merge,,0.015341,0.015341,
eth_flow_e3c65de37bd94a__r7fam00__inst01__synth_unmatched_src,bnb_flow_f5538d1b7f3144__synth_hidden_dst,0.030682,0,150.0,one_to_one,0.2,supervised_flow_pair,Celer,semi_synthetic_unmatched,,,0,0
eth_flow_e3c65de37bd94a__r7fam00__inst01__synth_noise_src_0,bnb_flow_f5538d1b7f3144__synth_noise_dst_0,0.030682,0.0152479478916296,210,one_to_one,0.2452,supervised_flow_pair,Celer,semi_synthetic_delay_noise,,,,
eth_flow_e3c65de37bd94a__r7fam00__inst01__synth_noise_src_1,bnb_flow_f5538d1b7f3144__synth_noise_dst_1,0.030682,0.0152479478916296,270,one_to_one,0.2214,supervised_flow_pair,Celer,semi_synthetic_delay_noise,,,,
eth_flow_86f3919a073042__r7fam01__inst00__synth_split_src,bnb_flow_0bf911fa584843__synth_split_a,21.0,4.2,181.0,one_to_many,0.95,supervised_flow_pair,Celer,semi_synthetic_split,1,4.2,4.2,
eth_flow_86f3919a073042__r7fam01__inst00__synth_split_src,bnb_flow_0bf911fa584843__synth_split_b,21.0,4.2,181.0,one_to_many,0.95,supervised_flow_pair,Celer,semi_synthetic_split,1,4.2,4.2,
eth_flow_86f3919a073042__r7fam01__inst00__synth_split_src,bnb_flow_0bf911fa584843__synth_split_c,21.0,4.2,181.0,one_to_many,0.95,supervised_flow_pair,Celer,semi_synthetic_split,1,4.2,4.2,
eth_flow_86f3919a073042__r7fam01__inst00__synth_split_src,bnb_flow_0bf911fa584843__synth_split_d,21.0,4.2,181.0,one_to_many,0.95,supervised_flow_pair,Celer,semi_synthetic_split,1,4.2,4.2,
eth_flow_86f3919a073042__r7fam01__inst00__synth_split_src,bnb_flow_0bf911fa584843__synth_split_e,21.0,4.2,181.0,one_to_many,0.95,supervised_flow_pair,Celer,semi_synthetic_split,1,4.2,4.2,
eth_flow_86f3919a073042__r7fam01__inst00__synth_merge_src1,bnb_flow_0bf911fa584843__synth_merge_dst,10.5,21.0,181.0,many_to_one,1.0,supervised_flow_pair,Celer,semi_synthetic_merge,,10.5,10.5,
eth_flow_86f3919a073042__r7fam01__inst00__synth_merge_src2,bnb_flow_0bf911fa584843__synth_merge_dst,10.5,21.0,181.0,many_to_one,1.0,supervised_flow_pair,Celer,semi_synthetic_merge,,10.5,10.5,
eth_flow_86f3919a073042__r7fam01__inst00__synth_unmatched_src,bnb_flow_0bf911fa584843__synth_hidden_dst,21.0,0,181.0,one_to_one,0.2,supervised_flow_pair,Celer,semi_synthetic_unmatched,,,0,0
eth_flow_86f3919a073042__r7fam01__inst00__synth_noise_src_0,bnb_flow_0bf911fa584843__synth_noise_dst_0,21.0,19.545367224417355,241,one_to_one,0.2323,supervised_flow_pair,Celer,semi_synthetic_delay_noise,,,,
eth_flow_86f3919a073042__r7fam01__inst00__synth_noise_src_1,bnb_flow_0bf911fa584843__synth_noise_dst_1,21.0,19.545367224417355,301,one_to_one,0.2513,supervised_flow_pair,Celer,semi_synthetic_delay_noise,,,,
eth_flow_bad8c64a952040__r7fam01__inst01__synth_split_src,bnb_flow_3d84c640e00340__synth_split_a,1.489642,0.744821,175.0,one_to_many,0.95,supervised_flow_pair,Celer,semi_synthetic_split,1,0.744821,0.744821,
eth_flow_bad8c64a952040__r7fam01__inst01__synth_split_src,bnb_flow_3d84c640e00340__synth_split_b,1.489642,0.744821,175.0,one_to_many,0.95,supervised_flow_pair,Celer,semi_synthetic_split,1,0.744821,0.744821,
eth_flow_bad8c64a952040__r7fam01__inst01__synth_merge_src1,bnb_flow_3d84c640e00340__synth_merge_dst,0.744821,1.489642,175.0,many_to_one,1.0,supervised_flow_pair,Celer,semi_synthetic_merge,,0.744821,0.744821,
eth_flow_bad8c64a952040__r7fam01__inst01__synth_merge_src2,bnb_flow_3d84c640e00340__synth_merge_dst,0.744821,1.489642,175.0,many_to_one,1.0,supervised_flow_pair,Celer,semi_synthetic_merge,,0.744821,0.744821,
eth_flow_bad8c64a952040__r7fam01__inst01__synth_unmatched_src,bnb_flow_3d84c640e00340__synth_hidden_dst,1.489642,0,175.0,one_to_one,0.2,supervised_flow_pair,Celer,semi_synthetic_unmatched,,,0,0
eth_flow_bad8c64a952040__r7fam01__inst01__synth_noise_src_0,bnb_flow_3d84c640e00340__synth_noise_dst_0,1.489642,0.7444859211134778,235,one_to_one,0.2413,supervised_flow_pair,Celer,semi_synthetic_delay_noise,,,,
eth_flow_bad8c64a952040__r7fam01__inst01__synth_noise_src_1,bnb_flow_3d84c640e00340__synth_noise_dst_1,1.489642,0.7444859211134778,295,one_to_one,0.2244,supervised_flow_pair,Celer,semi_synthetic_delay_noise,,,,
eth_flow_c3144a68e43a47__r7fam02__inst00__synth_split_src,bnb_flow_28e0e40edb694e__synth_split_a,91.46832773896112,45.73416386948056,187.0,one_to_many,0.95,supervised_flow_pair,Celer,semi_synthetic_split,1,45.73416386948056,45.73416386948056,
eth_flow_c3144a68e43a47__r7fam02__inst00__synth_split_src,bnb_flow_28e0e40edb694e__synth_split_b,91.46832773896112,45.73416386948056,187.0,one_to_many,0.95,supervised_flow_pair,Celer,semi_synthetic_split,1,45.73416386948056,45.73416386948056,
eth_flow_c3144a68e43a47__r7fam02__inst00__synth_merge_src1,bnb_flow_28e0e40edb694e__synth_merge_dst,45.73416386948056,91.46832773896112,187.0,many_to_one,1.0,supervised_flow_pair,Celer,semi_synthetic_merge,,45.73416386948056,45.73416386948056,
eth_flow_c3144a68e43a47__r7fam02__inst00__synth_merge_src2,bnb_flow_28e0e40edb694e__synth_merge_dst,45.73416386948056,91.46832773896112,187.0,many_to_one,1.0,supervised_flow_pair,Celer,semi_synthetic_merge,,45.73416386948056,45.73416386948056,
eth_flow_c3144a68e43a47__r7fam02__inst00__synth_unmatched_src,bnb_flow_28e0e40edb694e__synth_hidden_dst,91.46832773896112,0,187.0,one_to_one,0.2,supervised_flow_pair,Celer,semi_synthetic_unmatched,,,0,0
eth_flow_c3144a68e43a47__r7fam02__inst00__synth_noise_src_0,bnb_flow_28e0e40edb694e__synth_noise_dst_0,91.46832773896112,91.02941395362588,247,one_to_one,0.2393,supervised_flow_pair,Celer,semi_synthetic_delay_noise,,,,
eth_flow_c3144a68e43a47__r7fam02__inst00__synth_noise_src_1,bnb_flow_28e0e40edb694e__synth_noise_dst_1,91.46832773896112,91.02941395362588,307,one_to_one,0.2235,supervised_flow_pair,Celer,semi_synthetic_delay_noise,,,,
eth_flow_ff1014e6148b43__r7fam02__inst01__synth_split_src,bnb_flow_50759a1c717b44__synth_split_a,100.0,50.0,199.0,one_to_many,0.95,supervised_flow_pair,Celer,semi_synthetic_split,1,50.0,50.0,
eth_flow_ff1014e6148b43__r7fam02__inst01__synth_split_src,bnb_flow_50759a1c717b44__synth_split_b,100.0,50.0,199.0,one_to_many,0.95,supervised_flow_pair,Celer,semi_synthetic_split,1,50.0,50.0,
eth_flow_ff1014e6148b43__r7fam02__inst01__synth_merge_src1,bnb_flow_50759a1c717b44__synth_merge_dst,50.0,100.0,199.0,many_to_one,1.0,supervised_flow_pair,Celer,semi_synthetic_merge,,50.0,50.0,
eth_flow_ff1014e6148b43__r7fam02__inst01__synth_merge_src2,bnb_flow_50759a1c717b44__synth_merge_dst,50.0,100.0,199.0,many_to_one,1.0,supervised_flow_pair,Celer,semi_synthetic_merge,,50.0,50.0,
eth_flow_ff1014e6148b43__r7fam02__inst01__synth_unmatched_src,bnb_flow_50759a1c717b44__synth_hidden_dst,100.0,0,199.0,one_to_one,0.2,supervised_flow_pair,Celer,semi_synthetic_unmatched,,,0,0
eth_flow_ff1014e6148b43__r7fam02__inst01__synth_noise_src_0,bnb_flow_50759a1c717b44__synth_noise_dst_0,100.0,98.55834392396352,259,one_to_one,0.2465,supervised_flow_pair,Celer,semi_synthetic_delay_noise,,,,
eth_flow_ff1014e6148b43__r7fam02__inst01__synth_noise_src_1,bnb_flow_50759a1c717b44__synth_noise_dst_1,100.0,98.55834392396352,319,one_to_one,0.2583,supervised_flow_pair,Celer,semi_synthetic_delay_noise,,,,
eth_flow_a1f71590a6fc45__r7fam03__inst00__synth_split_src,bnb_flow_4140eb5632a84c__synth_split_a,79.356519,39.6782595,205.0,one_to_many,0.95,supervised_flow_pair,Celer,semi_synthetic_split,1,39.6782595,39.6782595,
eth_flow_a1f71590a6fc45__r7fam03__inst00__synth_split_src,bnb_flow_4140eb5632a84c__synth_split_b,79.356519,39.6782595,205.0,one_to_many,0.95,supervised_flow_pair,Celer,semi_synthetic_split,1,39.6782595,39.6782595,
eth_flow_a1f71590a6fc45__r7fam03__inst00__synth_merge_src1,bnb_flow_4140eb5632a84c__synth_merge_dst,39.6782595,79.356519,205.0,many_to_one,1.0,supervised_flow_pair,Celer,semi_synthetic_merge,,39.6782595,39.6782595,
eth_flow_a1f71590a6fc45__r7fam03__inst00__synth_merge_src2,bnb_flow_4140eb5632a84c__synth_merge_dst,39.6782595,79.356519,205.0,many_to_one,1.0,supervised_flow_pair,Celer,semi_synthetic_merge,,39.6782595,39.6782595,
eth_flow_a1f71590a6fc45__r7fam03__inst00__synth_unmatched_src,bnb_flow_4140eb5632a84c__synth_hidden_dst,79.356519,0,205.0,one_to_one,0.2,supervised_flow_pair,Celer,semi_synthetic_unmatched,,,0,0
eth_flow_a1f71590a6fc45__r7fam03__inst00__synth_noise_src_0,bnb_flow_4140eb5632a84c__synth_noise_dst_0,79.356519,77.77472706083093,265,one_to_one,0.2406,supervised_flow_pair,Celer,semi_synthetic_delay_noise,,,,
eth_flow_a1f71590a6fc45__r7fam03__inst00__synth_noise_src_1,bnb_flow_4140eb5632a84c__synth_noise_dst_1,79.356519,77.77472706083093,325,one_to_one,0.2556,supervised_flow_pair,Celer,semi_synthetic_delay_noise,,,,
eth_flow_6e19f233511649__r7fam03__inst01__synth_split_src,bnb_flow_e702a725b09341__synth_split_a,0.005007,0.0016690000000000001,203.0,one_to_many,0.95,supervised_flow_pair,Celer,semi_synthetic_split,1,0.0016690000000000001,0.0016690000000000001,
eth_flow_6e19f233511649__r7fam03__inst01__synth_split_src,bnb_flow_e702a725b09341__synth_split_b,0.005007,0.0016690000000000001,203.0,one_to_many,0.95,supervised_flow_pair,Celer,semi_synthetic_split,1,0.0016690000000000001,0.0016690000000000001,
eth_flow_6e19f233511649__r7fam03__inst01__synth_split_src,bnb_flow_e702a725b09341__synth_split_c,0.005007,0.0016690000000000001,203.0,one_to_many,0.95,supervised_flow_pair,Celer,semi_synthetic_split,1,0.0016690000000000001,0.0016690000000000001,
eth_flow_6e19f233511649__r7fam03__inst01__synth_merge_src1,bnb_flow_e702a725b09341__synth_merge_dst,0.0025035,0.005007,203.0,many_to_one,1.0,supervised_flow_pair,Celer,semi_synthetic_merge,,0.0025035,0.0025035,
eth_flow_6e19f233511649__r7fam03__inst01__synth_merge_src2,bnb_flow_e702a725b09341__synth_merge_dst,0.0025035,0.005007,203.0,many_to_one,1.0,supervised_flow_pair,Celer,semi_synthetic_merge,,0.0025035,0.0025035,
eth_flow_6e19f233511649__r7fam03__inst01__synth_unmatched_src,bnb_flow_e702a725b09341__synth_hidden_dst,0.005007,0,203.0,one_to_one,0.2,supervised_flow_pair,Celer,semi_synthetic_unmatched,,,0,0
eth_flow_6e19f233511649__r7fam03__inst01__synth_noise_src_0,bnb_flow_e702a725b09341__synth_noise_dst_0,0.005007,0.0049216126957753,263,one_to_one,0.2473,supervised_flow_pair,Celer,semi_synthetic_delay_noise,,,,
eth_flow_6e19f233511649__r7fam03__inst01__synth_noise_src_1,bnb_flow_e702a725b09341__synth_noise_dst_1,0.005007,0.0049216126957753,323,one_to_one,0.2262,supervised_flow_pair,Celer,semi_synthetic_delay_noise,,,,
eth_flow_ae1c3c2f2b6447__r7fam04__inst00__synth_split_src,bnb_flow_50732c0f8b5e45__synth_split_a,0.19,0.02375,220.0,one_to_many,0.95,supervised_flow_pair,Celer,semi_synthetic_split,1,0.02375,0.02375,
eth_flow_ae1c3c2f2b6447__r7fam04__inst00__synth_split_src,bnb_flow_50732c0f8b5e45__synth_split_b,0.19,0.02375,220.0,one_to_many,0.95,supervised_flow_pair,Celer,semi_synthetic_split,1,0.02375,0.02375,
eth_flow_ae1c3c2f2b6447__r7fam04__inst00__synth_split_src,bnb_flow_50732c0f8b5e45__synth_split_c,0.19,0.02375,220.0,one_to_many,0.95,supervised_flow_pair,Celer,semi_synthetic_split,1,0.02375,0.02375,
eth_flow_ae1c3c2f2b6447__r7fam04__inst00__synth_split_src,bnb_flow_50732c0f8b5e45__synth_split_d,0.19,0.02375,220.0,one_to_many,0.95,supervised_flow_pair,Celer,semi_synthetic_split,1,0.02375,0.02375,
eth_flow_ae1c3c2f2b6447__r7fam04__inst00__synth_split_src,bnb_flow_50732c0f8b5e45__synth_split_e,0.19,0.02375,220.0,one_to_many,0.95,supervised_flow_pair,Celer,semi_synthetic_split,1,0.02375,0.02375,
eth_flow_ae1c3c2f2b6447__r7fam04__inst00__synth_split_src,bnb_flow_50732c0f8b5e45__synth_split_f,0.19,0.02375,220.0,one_to_many,0.95,supervised_flow_pair,Celer,semi_synthetic_split,1,0.02375,0.02375,
eth_flow_ae1c3c2f2b6447__r7fam04__inst00__synth_split_src,bnb_flow_50732c0f8b5e45__synth_split_g,0.19,0.02375,220.0,one_to_many,0.95,supervised_flow_pair,Celer,semi_synthetic_split,1,0.02375,0.02375,
eth_flow_ae1c3c2f2b6447__r7fam04__inst00__synth_split_src,bnb_flow_50732c0f8b5e45__synth_split_h,0.19,0.02375,220.0,one_to_many,0.95,supervised_flow_pair,Celer,semi_synthetic_split,1,0.02375,0.02375,
eth_flow_ae1c3c2f2b6447__r7fam04__inst00__synth_merge_src1,bnb_flow_50732c0f8b5e45__synth_merge_dst,0.095,0.19,220.0,many_to_one,1.0,supervised_flow_pair,Celer,semi_synthetic_merge,,0.095,0.095,
eth_flow_ae1c3c2f2b6447__r7fam04__inst00__synth_merge_src2,bnb_flow_50732c0f8b5e45__synth_merge_dst,0.095,0.19,220.0,many_to_one,1.0,supervised_flow_pair,Celer,semi_synthetic_merge,,0.095,0.095,
eth_flow_ae1c3c2f2b6447__r7fam04__inst00__synth_unmatched_src,bnb_flow_50732c0f8b5e45__synth_hidden_dst,0.19,0,220.0,one_to_one,0.2,supervised_flow_pair,Celer,semi_synthetic_unmatched,,,0,0
eth_flow_ae1c3c2f2b6447__r7fam04__inst00__synth_noise_src_0,bnb_flow_50732c0f8b5e45__synth_noise_dst_0,0.19,0.0948774391585609,280,one_to_one,0.2289,supervised_flow_pair,Celer,semi_synthetic_delay_noise,,,,
eth_flow_ae1c3c2f2b6447__r7fam04__inst00__synth_noise_src_1,bnb_flow_50732c0f8b5e45__synth_noise_dst_1,0.19,0.0948774391585609,340,one_to_one,0.2238,supervised_flow_pair,Celer,semi_synthetic_delay_noise,,,,
eth_flow_1b9f0c2564ca4d__r7fam04__inst01__synth_split_src,bnb_flow_bdb8cf845aa345__synth_split_a,0.68,0.34,226.0,one_to_many,0.95,supervised_flow_pair,Celer,semi_synthetic_split,1,0.34,0.34,
eth_flow_1b9f0c2564ca4d__r7fam04__inst01__synth_split_src,bnb_flow_bdb8cf845aa345__synth_split_b,0.68,0.34,226.0,one_to_many,0.95,supervised_flow_pair,Celer,semi_synthetic_split,1,0.34,0.34,
eth_flow_1b9f0c2564ca4d__r7fam04__inst01__synth_merge_src1,bnb_flow_bdb8cf845aa345__synth_merge_dst,0.34,0.68,226.0,many_to_one,1.0,supervised_flow_pair,Celer,semi_synthetic_merge,,0.34,0.34,
eth_flow_1b9f0c2564ca4d__r7fam04__inst01__synth_merge_src2,bnb_flow_bdb8cf845aa345__synth_merge_dst,0.34,0.68,226.0,many_to_one,1.0,supervised_flow_pair,Celer,semi_synthetic_merge,,0.34,0.34,
eth_flow_1b9f0c2564ca4d__r7fam04__inst01__synth_unmatched_src,bnb_flow_bdb8cf845aa345__synth_hidden_dst,0.68,0,226.0,one_to_one,0.2,supervised_flow_pair,Celer,semi_synthetic_unmatched,,,0,0
eth_flow_1b9f0c2564ca4d__r7fam04__inst01__synth_noise_src_0,bnb_flow_bdb8cf845aa345__synth_noise_dst_0,0.68,0.3399984732516286,286,one_to_one,0.2353,supervised_flow_pair,Celer,semi_synthetic_delay_noise,,,,
eth_flow_1b9f0c2564ca4d__r7fam04__inst01__synth_noise_src_1,bnb_flow_bdb8cf845aa345__synth_noise_dst_1,0.68,0.3399984732516286,346,one_to_one,0.2514,supervised_flow_pair,Celer,semi_synthetic_delay_noise,,,,
eth_flow_44a4f67516ad47__r7fam05__inst00__synth_split_src,bnb_flow_27aa2568ac3744__synth_split_a,42.322016,7.053669333333333,248.0,one_to_many,0.95,supervised_flow_pair,Celer,semi_synthetic_split,1,7.053669333333333,7.053669333333333,
eth_flow_44a4f67516ad47__r7fam05__inst00__synth_split_src,bnb_flow_27aa2568ac3744__synth_split_b,42.322016,7.053669333333333,248.0,one_to_many,0.95,supervised_flow_pair,Celer,semi_synthetic_split,1,7.053669333333333,7.053669333333333,
eth_flow_44a4f67516ad47__r7fam05__inst00__synth_split_src,bnb_flow_27aa2568ac3744__synth_split_c,42.322016,7.053669333333333,248.0,one_to_many,0.95,supervised_flow_pair,Celer,semi_synthetic_split,1,7.053669333333333,7.053669333333333,
eth_flow_44a4f67516ad47__r7fam05__inst00__synth_split_src,bnb_flow_27aa2568ac3744__synth_split_d,42.322016,7.053669333333333,248.0,one_to_many,0.95,supervised_flow_pair,Celer,semi_synthetic_split,1,7.053669333333333,7.053669333333333,
eth_flow_44a4f67516ad47__r7fam05__inst00__synth_split_src,bnb_flow_27aa2568ac3744__synth_split_e,42.322016,7.053669333333333,248.0,one_to_many,0.95,supervised_flow_pair,Celer,semi_synthetic_split,1,7.053669333333333,7.053669333333333,
eth_flow_44a4f67516ad47__r7fam05__inst00__synth_split_src,bnb_flow_27aa2568ac3744__synth_split_f,42.322016,7.053669333333333,248.0,one_to_many,0.95,supervised_flow_pair,Celer,semi_synthetic_split,1,7.053669333333333,7.053669333333333,
eth_flow_44a4f67516ad47__r7fam05__inst00__synth_merge_src1,bnb_flow_27aa2568ac3744__synth_merge_dst,21.161008,42.322016,248.0,many_to_one,1.0,supervised_flow_pair,Celer,semi_synthetic_merge,,21.161008,21.161008,
eth_flow_44a4f67516ad47__r7fam05__inst00__synth_merge_src2,bnb_flow_27aa2568ac3744__synth_merge_dst,21.161008,42.322016,248.0,many_to_one,1.0,supervised_flow_pair,Celer,semi_synthetic_merge,,21.161008,21.161008,
eth_flow_44a4f67516ad47__r7fam05__inst00__synth_unmatched_src,bnb_flow_27aa2568ac3744__synth_hidden_dst,42.322016,0,248.0,one_to_one,0.2,supervised_flow_pair,Celer,semi_synthetic_unmatched,,,0,0
eth_flow_44a4f67516ad47__r7fam05__inst00__synth_noise_src_0,bnb_flow_27aa2568ac3744__synth_noise_dst_0,42.322016,41.91404166608603,308,one_to_one,0.2527,supervised_flow_pair,Celer,semi_synthetic_delay_noise,,,,
eth_flow_44a4f67516ad47__r7fam05__inst00__synth_noise_src_1,bnb_flow_27aa2568ac3744__synth_noise_dst_1,42.322016,41.91404166608603,368,one_to_one,0.2514,supervised_flow_pair,Celer,semi_synthetic_delay_noise,,,,
eth_flow_fbac4d0905e04a__r7fam05__inst01__synth_split_src,bnb_flow_97d2c9ab614245__synth_split_a,110.0,36.666666666666664,279.0,one_to_many,0.95,supervised_flow_pair,Celer,semi_synthetic_split,1,36.666666666666664,36.666666666666664,
eth_flow_fbac4d0905e04a__r7fam05__inst01__synth_split_src,bnb_flow_97d2c9ab614245__synth_split_b,110.0,36.666666666666664,279.0,one_to_many,0.95,supervised_flow_pair,Celer,semi_synthetic_split,1,36.666666666666664,36.666666666666664,
eth_flow_fbac4d0905e04a__r7fam05__inst01__synth_split_src,bnb_flow_97d2c9ab614245__synth_split_c,110.0,36.666666666666664,279.0,one_to_many,0.95,supervised_flow_pair,Celer,semi_synthetic_split,1,36.666666666666664,36.666666666666664,
eth_flow_fbac4d0905e04a__r7fam05__inst01__synth_merge_src1,bnb_flow_97d2c9ab614245__synth_merge_dst,55.0,110.0,279.0,many_to_one,1.0,supervised_flow_pair,Celer,semi_synthetic_merge,,55.0,55.0,
eth_flow_fbac4d0905e04a__r7fam05__inst01__synth_merge_src2,bnb_flow_97d2c9ab614245__synth_merge_dst,55.0,110.0,279.0,many_to_one,1.0,supervised_flow_pair,Celer,semi_synthetic_merge,,55.0,55.0,
eth_flow_fbac4d0905e04a__r7fam05__inst01__synth_unmatched_src,bnb_flow_97d2c9ab614245__synth_hidden_dst,110.0,0,279.0,one_to_one,0.2,supervised_flow_pair,Celer,semi_synthetic_unmatched,,,0,0
eth_flow_fbac4d0905e04a__r7fam05__inst01__synth_noise_src_0,bnb_flow_97d2c9ab614245__synth_noise_dst_0,110.0,109.61388316556618,339,one_to_one,0.2245,supervised_flow_pair,Celer,semi_synthetic_delay_noise,,,,
eth_flow_fbac4d0905e04a__r7fam05__inst01__synth_noise_src_1,bnb_flow_97d2c9ab614245__synth_noise_dst_1,110.0,109.61388316556618,399,one_to_one,0.2375,supervised_flow_pair,Celer,semi_synthetic_delay_noise,,,,
eth_flow_1bd737892e9c42__r7fam06__inst00__synth_split_src,bnb_flow_4bfa111a98bb42__synth_split_a,431.102623,86.2205246,144.0,one_to_many,0.95,supervised_flow_pair,Celer,semi_synthetic_split,1,86.2205246,86.2205246,
eth_flow_1bd737892e9c42__r7fam06__inst00__synth_split_src,bnb_flow_4bfa111a98bb42__synth_split_b,431.102623,86.2205246,144.0,one_to_many,0.95,supervised_flow_pair,Celer,semi_synthetic_split,1,86.2205246,86.2205246,
eth_flow_1bd737892e9c42__r7fam06__inst00__synth_split_src,bnb_flow_4bfa111a98bb42__synth_split_c,431.102623,86.2205246,144.0,one_to_many,0.95,supervised_flow_pair,Celer,semi_synthetic_split,1,86.2205246,86.2205246,
eth_flow_1bd737892e9c42__r7fam06__inst00__synth_split_src,bnb_flow_4bfa111a98bb42__synth_split_d,431.102623,86.2205246,144.0,one_to_many,0.95,supervised_flow_pair,Celer,semi_synthetic_split,1,86.2205246,86.2205246,
eth_flow_1bd737892e9c42__r7fam06__inst00__synth_split_src,bnb_flow_4bfa111a98bb42__synth_split_e,431.102623,86.2205246,144.0,one_to_many,0.95,supervised_flow_pair,Celer,semi_synthetic_split,1,86.2205246,86.2205246,
eth_flow_1bd737892e9c42__r7fam06__inst00__synth_merge_src1,bnb_flow_4bfa111a98bb42__synth_merge_dst,215.5513115,431.102623,144.0,many_to_one,1.0,supervised_flow_pair,Celer,semi_synthetic_merge,,215.5513115,215.5513115,
eth_flow_1bd737892e9c42__r7fam06__inst00__synth_merge_src2,bnb_flow_4bfa111a98bb42__synth_merge_dst,215.5513115,431.102623,144.0,many_to_one,1.0,supervised_flow_pair,Celer,semi_synthetic_merge,,215.5513115,215.5513115,
eth_flow_1bd737892e9c42__r7fam06__inst00__synth_unmatched_src,bnb_flow_4bfa111a98bb42__synth_hidden_dst,431.102623,0,144.0,one_to_one,0.2,supervised_flow_pair,Celer,semi_synthetic_unmatched,,,0,0
eth_flow_1bd737892e9c42__r7fam06__inst00__synth_noise_src_0,bnb_flow_4bfa111a98bb42__synth_noise_dst_0,431.102623,429.462858025232,204,one_to_one,0.2482,supervised_flow_pair,Celer,semi_synthetic_delay_noise,,,,
eth_flow_1bd737892e9c42__r7fam06__inst00__synth_noise_src_1,bnb_flow_4bfa111a98bb42__synth_noise_dst_1,431.102623,429.462858025232,264,one_to_one,0.2399,supervised_flow_pair,Celer,semi_synthetic_delay_noise,,,,
eth_flow_3ee8d51ff1c14e__r7fam06__inst01__synth_split_src,bnb_flow_3a0ec4c78faf46__synth_split_a,799.0,399.5,154.0,one_to_many,0.95,supervised_flow_pair,Celer,semi_synthetic_split,1,399.5,399.5,
eth_flow_3ee8d51ff1c14e__r7fam06__inst01__synth_split_src,bnb_flow_3a0ec4c78faf46__synth_split_b,799.0,399.5,154.0,one_to_many,0.95,supervised_flow_pair,Celer,semi_synthetic_split,1,399.5,399.5,
eth_flow_3ee8d51ff1c14e__r7fam06__inst01__synth_merge_src1,bnb_flow_3a0ec4c78faf46__synth_merge_dst,399.5,799.0,154.0,many_to_one,1.0,supervised_flow_pair,Celer,semi_synthetic_merge,,399.5,399.5,
eth_flow_3ee8d51ff1c14e__r7fam06__inst01__synth_merge_src2,bnb_flow_3a0ec4c78faf46__synth_merge_dst,399.5,799.0,154.0,many_to_one,1.0,supervised_flow_pair,Celer,semi_synthetic_merge,,399.5,399.5,
eth_flow_3ee8d51ff1c14e__r7fam06__inst01__synth_unmatched_src,bnb_flow_3a0ec4c78faf46__synth_hidden_dst,799.0,0,154.0,one_to_one,0.2,supervised_flow_pair,Celer,semi_synthetic_unmatched,,,0,0
eth_flow_3ee8d51ff1c14e__r7fam06__inst01__synth_noise_src_0,bnb_flow_3a0ec4c78faf46__synth_noise_dst_0,799.0,797.4443569084968,214,one_to_one,0.2431,supervised_flow_pair,Celer,semi_synthetic_delay_noise,,,,
eth_flow_3ee8d51ff1c14e__r7fam06__inst01__synth_noise_src_1,bnb_flow_3a0ec4c78faf46__synth_noise_dst_1,799.0,797.4443569084968,274,one_to_one,0.2526,supervised_flow_pair,Celer,semi_synthetic_delay_noise,,,,
eth_flow_ecfa5cd33b1f48__r7fam07__inst00__synth_split_src,bnb_flow_ee1c420c490b4a__synth_split_a,530.458566,176.819522,165.0,one_to_many,0.95,supervised_flow_pair,Celer,semi_synthetic_split,1,176.819522,176.819522,
eth_flow_ecfa5cd33b1f48__r7fam07__inst00__synth_split_src,bnb_flow_ee1c420c490b4a__synth_split_b,530.458566,176.819522,165.0,one_to_many,0.95,supervised_flow_pair,Celer,semi_synthetic_split,1,176.819522,176.819522,
eth_flow_ecfa5cd33b1f48__r7fam07__inst00__synth_split_src,bnb_flow_ee1c420c490b4a__synth_split_c,530.458566,176.819522,165.0,one_to_many,0.95,supervised_flow_pair,Celer,semi_synthetic_split,1,176.819522,176.819522,
eth_flow_ecfa5cd33b1f48__r7fam07__inst00__synth_merge_src1,bnb_flow_ee1c420c490b4a__synth_merge_dst,265.229283,530.458566,165.0,many_to_one,1.0,supervised_flow_pair,Celer,semi_synthetic_merge,,265.229283,265.229283,
eth_flow_ecfa5cd33b1f48__r7fam07__inst00__synth_merge_src2,bnb_flow_ee1c420c490b4a__synth_merge_dst,265.229283,530.458566,165.0,many_to_one,1.0,supervised_flow_pair,Celer,semi_synthetic_merge,,265.229283,265.229283,
eth_flow_ecfa5cd33b1f48__r7fam07__inst00__synth_unmatched_src,bnb_flow_ee1c420c490b4a__synth_hidden_dst,530.458566,0,165.0,one_to_one,0.2,supervised_flow_pair,Celer,semi_synthetic_unmatched,,,0,0
eth_flow_ecfa5cd33b1f48__r7fam07__inst00__synth_noise_src_0,bnb_flow_ee1c420c490b4a__synth_noise_dst_0,530.458566,528.7319769750576,225,one_to_one,0.2482,supervised_flow_pair,Celer,semi_synthetic_delay_noise,,,,
eth_flow_ecfa5cd33b1f48__r7fam07__inst00__synth_noise_src_1,bnb_flow_ee1c420c490b4a__synth_noise_dst_1,530.458566,528.7319769750576,285,one_to_one,0.2326,supervised_flow_pair,Celer,semi_synthetic_delay_noise,,,,
eth_flow_2258ed735a2c41__r7fam07__inst01__synth_split_src,bnb_flow_008538efff6e48__synth_split_a,1000.0,500.0,174.0,one_to_many,0.95,supervised_flow_pair,Celer,semi_synthetic_split,1,500.0,500.0,
eth_flow_2258ed735a2c41__r7fam07__inst01__synth_split_src,bnb_flow_008538efff6e48__synth_split_b,1000.0,500.0,174.0,one_to_many,0.95,supervised_flow_pair,Celer,semi_synthetic_split,1,500.0,500.0,
eth_flow_2258ed735a2c41__r7fam07__inst01__synth_merge_src1,bnb_flow_008538efff6e48__synth_merge_dst,500.0,1000.0,174.0,many_to_one,1.0,supervised_flow_pair,Celer,semi_synthetic_merge,,500.0,500.0,
eth_flow_2258ed735a2c41__r7fam07__inst01__synth_merge_src2,bnb_flow_008538efff6e48__synth_merge_dst,500.0,1000.0,174.0,many_to_one,1.0,supervised_flow_pair,Celer,semi_synthetic_merge,,500.0,500.0,
eth_flow_2258ed735a2c41__r7fam07__inst01__synth_unmatched_src,bnb_flow_008538efff6e48__synth_hidden_dst,1000.0,0,174.0,one_to_one,0.2,supervised_flow_pair,Celer,semi_synthetic_unmatched,,,0,0
eth_flow_2258ed735a2c41__r7fam07__inst01__synth_noise_src_0,bnb_flow_008538efff6e48__synth_noise_dst_0,1000.0,999.2345656846144,234,one_to_one,0.2473,supervised_flow_pair,Celer,semi_synthetic_delay_noise,,,,
eth_flow_2258ed735a2c41__r7fam07__inst01__synth_noise_src_1,bnb_flow_008538efff6e48__synth_noise_dst_1,1000.0,999.2345656846144,294,one_to_one,0.2362,supervised_flow_pair,Celer,semi_synthetic_delay_noise,,,,
eth_flow_ae0ac6210eab4c__r7fam08__inst00__synth_split_src,bnb_flow_5e1785abc12e45__synth_split_a,849.6592208438727,424.82961042193637,191.0,one_to_many,0.95,supervised_flow_pair,Celer,semi_synthetic_split,1,424.82961042193637,424.82961042193637,
eth_flow_ae0ac6210eab4c__r7fam08__inst00__synth_split_src,bnb_flow_5e1785abc12e45__synth_split_b,849.6592208438727,424.82961042193637,191.0,one_to_many,0.95,supervised_flow_pair,Celer,semi_synthetic_split,1,424.82961042193637,424.82961042193637,
eth_flow_ae0ac6210eab4c__r7fam08__inst00__synth_merge_src1,bnb_flow_5e1785abc12e45__synth_merge_dst,424.82961042193637,849.6592208438727,191.0,many_to_one,1.0,supervised_flow_pair,Celer,semi_synthetic_merge,,424.82961042193637,424.82961042193637,
eth_flow_ae0ac6210eab4c__r7fam08__inst00__synth_merge_src2,bnb_flow_5e1785abc12e45__synth_merge_dst,424.82961042193637,849.6592208438727,191.0,many_to_one,1.0,supervised_flow_pair,Celer,semi_synthetic_merge,,424.82961042193637,424.82961042193637,
eth_flow_ae0ac6210eab4c__r7fam08__inst00__synth_unmatched_src,bnb_flow_5e1785abc12e45__synth_hidden_dst,849.6592208438727,0,191.0,one_to_one,0.2,supervised_flow_pair,Celer,semi_synthetic_unmatched,,,0,0
eth_flow_ae0ac6210eab4c__r7fam08__inst00__synth_noise_src_0,bnb_flow_5e1785abc12e45__synth_noise_dst_0,849.6592208438727,848.7085929910583,251,one_to_one,0.2321,supervised_flow_pair,Celer,semi_synthetic_delay_noise,,,,
eth_flow_ae0ac6210eab4c__r7fam08__inst00__synth_noise_src_1,bnb_flow_5e1785abc12e45__synth_noise_dst_1,849.6592208438727,848.7085929910583,311,one_to_one,0.2448,supervised_flow_pair,Celer,semi_synthetic_delay_noise,,,,
eth_flow_4cc844cb430549__r7fam08__inst01__synth_split_src,bnb_flow_d76550973a124c__synth_split_a,425.141191,212.5705955,189.0,one_to_many,0.95,supervised_flow_pair,Celer,semi_synthetic_split,1,212.5705955,212.5705955,
eth_flow_4cc844cb430549__r7fam08__inst01__synth_split_src,bnb_flow_d76550973a124c__synth_split_b,425.141191,212.5705955,189.0,one_to_many,0.95,supervised_flow_pair,Celer,semi_synthetic_split,1,212.5705955,212.5705955,
eth_flow_4cc844cb430549__r7fam08__inst01__synth_merge_src1,bnb_flow_d76550973a124c__synth_merge_dst,212.5705955,425.141191,189.0,many_to_one,1.0,supervised_flow_pair,Celer,semi_synthetic_merge,,212.5705955,212.5705955,
eth_flow_4cc844cb430549__r7fam08__inst01__synth_merge_src2,bnb_flow_d76550973a124c__synth_merge_dst,212.5705955,425.141191,189.0,many_to_one,1.0,supervised_flow_pair,Celer,semi_synthetic_merge,,212.5705955,212.5705955,
eth_flow_4cc844cb430549__r7fam08__inst01__synth_unmatched_src,bnb_flow_d76550973a124c__synth_hidden_dst,425.141191,0,189.0,one_to_one,0.2,supervised_flow_pair,Celer,semi_synthetic_unmatched,,,0,0
eth_flow_4cc844cb430549__r7fam08__inst01__synth_noise_src_0,bnb_flow_d76550973a124c__synth_noise_dst_0,425.141191,423.49541058567513,249,one_to_one,0.2353,supervised_flow_pair,Celer,semi_synthetic_delay_noise,,,,
eth_flow_4cc844cb430549__r7fam08__inst01__synth_noise_src_1,bnb_flow_d76550973a124c__synth_noise_dst_1,425.141191,423.49541058567513,309,one_to_one,0.2534,supervised_flow_pair,Celer,semi_synthetic_delay_noise,,,,
eth_flow_dc67db0d1bf444__r7fam09__inst00__synth_split_src,bnb_flow_f8280077b20c42__synth_split_a,1020.432455,510.2162275,210.0,one_to_many,0.95,supervised_flow_pair,Celer,semi_synthetic_split,1,510.2162275,510.2162275,
eth_flow_dc67db0d1bf444__r7fam09__inst00__synth_split_src,bnb_flow_f8280077b20c42__synth_split_b,1020.432455,510.2162275,210.0,one_to_many,0.95,supervised_flow_pair,Celer,semi_synthetic_split,1,510.2162275,510.2162275,
eth_flow_dc67db0d1bf444__r7fam09__inst00__synth_merge_src1,bnb_flow_f8280077b20c42__synth_merge_dst,510.2162275,1020.432455,210.0,many_to_one,1.0,supervised_flow_pair,Celer,semi_synthetic_merge,,510.2162275,510.2162275,
eth_flow_dc67db0d1bf444__r7fam09__inst00__synth_merge_src2,bnb_flow_f8280077b20c42__synth_merge_dst,510.2162275,1020.432455,210.0,many_to_one,1.0,supervised_flow_pair,Celer,semi_synthetic_merge,,510.2162275,510.2162275,
eth_flow_dc67db0d1bf444__r7fam09__inst00__synth_unmatched_src,bnb_flow_f8280077b20c42__synth_hidden_dst,1020.432455,0,210.0,one_to_one,0.2,supervised_flow_pair,Celer,semi_synthetic_unmatched,,,0,0
eth_flow_dc67db0d1bf444__r7fam09__inst00__synth_noise_src_0,bnb_flow_f8280077b20c42__synth_noise_dst_0,1020.432455,1018.7159493181772,270,one_to_one,0.2544,supervised_flow_pair,Celer,semi_synthetic_delay_noise,,,,
eth_flow_dc67db0d1bf444__r7fam09__inst00__synth_noise_src_1,bnb_flow_f8280077b20c42__synth_noise_dst_1,1020.432455,1018.7159493181772,330,one_to_one,0.2277,supervised_flow_pair,Celer,semi_synthetic_delay_noise,,,,
eth_flow_3006d955ae4842__r7fam09__inst01__synth_split_src,bnb_flow_4bb53f8043264c__synth_split_a,1000.0,166.66666666666666,200.0,one_to_many,0.95,supervised_flow_pair,Celer,semi_synthetic_split,1,166.66666666666666,166.66666666666666,
eth_flow_3006d955ae4842__r7fam09__inst01__synth_split_src,bnb_flow_4bb53f8043264c__synth_split_b,1000.0,166.66666666666666,200.0,one_to_many,0.95,supervised_flow_pair,Celer,semi_synthetic_split,1,166.66666666666666,166.66666666666666,
eth_flow_3006d955ae4842__r7fam09__inst01__synth_split_src,bnb_flow_4bb53f8043264c__synth_split_c,1000.0,166.66666666666666,200.0,one_to_many,0.95,supervised_flow_pair,Celer,semi_synthetic_split,1,166.66666666666666,166.66666666666666,
eth_flow_3006d955ae4842__r7fam09__inst01__synth_split_src,bnb_flow_4bb53f8043264c__synth_split_d,1000.0,166.66666666666666,200.0,one_to_many,0.95,supervised_flow_pair,Celer,semi_synthetic_split,1,166.66666666666666,166.66666666666666,
eth_flow_3006d955ae4842__r7fam09__inst01__synth_split_src,bnb_flow_4bb53f8043264c__synth_split_e,1000.0,166.66666666666666,200.0,one_to_many,0.95,supervised_flow_pair,Celer,semi_synthetic_split,1,166.66666666666666,166.66666666666666,
eth_flow_3006d955ae4842__r7fam09__inst01__synth_split_src,bnb_flow_4bb53f8043264c__synth_split_f,1000.0,166.66666666666666,200.0,one_to_many,0.95,supervised_flow_pair,Celer,semi_synthetic_split,1,166.66666666666666,166.66666666666666,
eth_flow_3006d955ae4842__r7fam09__inst01__synth_merge_src1,bnb_flow_4bb53f8043264c__synth_merge_dst,500.0,1000.0,200.0,many_to_one,1.0,supervised_flow_pair,Celer,semi_synthetic_merge,,500.0,500.0,
eth_flow_3006d955ae4842__r7fam09__inst01__synth_merge_src2,bnb_flow_4bb53f8043264c__synth_merge_dst,500.0,1000.0,200.0,many_to_one,1.0,supervised_flow_pair,Celer,semi_synthetic_merge,,500.0,500.0,
eth_flow_3006d955ae4842__r7fam09__inst01__synth_unmatched_src,bnb_flow_4bb53f8043264c__synth_hidden_dst,1000.0,0,200.0,one_to_one,0.2,supervised_flow_pair,Celer,semi_synthetic_unmatched,,,0,0
eth_flow_3006d955ae4842__r7fam09__inst01__synth_noise_src_0,bnb_flow_4bb53f8043264c__synth_noise_dst_0,1000.0,998.1555564801602,260,one_to_one,0.2409,supervised_flow_pair,Celer,semi_synthetic_delay_noise,,,,
eth_flow_3006d955ae4842__r7fam09__inst01__synth_noise_src_1,bnb_flow_4bb53f8043264c__synth_noise_dst_1,1000.0,998.1555564801602,320,one_to_one,0.23,supervised_flow_pair,Celer,semi_synthetic_delay_noise,,,,
eth_flow_2e9d9761d2ec4b__r7fam10__inst00__synth_split_src,bnb_flow_f368bee7e3a940__synth_split_a,548.431325,68.553915625,236.0,one_to_many,0.95,supervised_flow_pair,Celer,semi_synthetic_split,1,68.553915625,68.553915625,
eth_flow_2e9d9761d2ec4b__r7fam10__inst00__synth_split_src,bnb_flow_f368bee7e3a940__synth_split_b,548.431325,68.553915625,236.0,one_to_many,0.95,supervised_flow_pair,Celer,semi_synthetic_split,1,68.553915625,68.553915625,
eth_flow_2e9d9761d2ec4b__r7fam10__inst00__synth_split_src,bnb_flow_f368bee7e3a940__synth_split_c,548.431325,68.553915625,236.0,one_to_many,0.95,supervised_flow_pair,Celer,semi_synthetic_split,1,68.553915625,68.553915625,
eth_flow_2e9d9761d2ec4b__r7fam10__inst00__synth_split_src,bnb_flow_f368bee7e3a940__synth_split_d,548.431325,68.553915625,236.0,one_to_many,0.95,supervised_flow_pair,Celer,semi_synthetic_split,1,68.553915625,68.553915625,
eth_flow_2e9d9761d2ec4b__r7fam10__inst00__synth_split_src,bnb_flow_f368bee7e3a940__synth_split_e,548.431325,68.553915625,236.0,one_to_many,0.95,supervised_flow_pair,Celer,semi_synthetic_split,1,68.553915625,68.553915625,
eth_flow_2e9d9761d2ec4b__r7fam10__inst00__synth_split_src,bnb_flow_f368bee7e3a940__synth_split_f,548.431325,68.553915625,236.0,one_to_many,0.95,supervised_flow_pair,Celer,semi_synthetic_split,1,68.553915625,68.553915625,
eth_flow_2e9d9761d2ec4b__r7fam10__inst00__synth_split_src,bnb_flow_f368bee7e3a940__synth_split_g,548.431325,68.553915625,236.0,one_to_many,0.95,supervised_flow_pair,Celer,semi_synthetic_split,1,68.553915625,68.553915625,
eth_flow_2e9d9761d2ec4b__r7fam10__inst00__synth_split_src,bnb_flow_f368bee7e3a940__synth_split_h,548.431325,68.553915625,236.0,one_to_many,0.95,supervised_flow_pair,Celer,semi_synthetic_split,1,68.553915625,68.553915625,
eth_flow_2e9d9761d2ec4b__r7fam10__inst00__synth_merge_src1,bnb_flow_f368bee7e3a940__synth_merge_dst,274.2156625,548.431325,236.0,many_to_one,1.0,supervised_flow_pair,Celer,semi_synthetic_merge,,274.2156625,274.2156625,
eth_flow_2e9d9761d2ec4b__r7fam10__inst00__synth_merge_src2,bnb_flow_f368bee7e3a940__synth_merge_dst,274.2156625,548.431325,236.0,many_to_one,1.0,supervised_flow_pair,Celer,semi_synthetic_merge,,274.2156625,274.2156625,
eth_flow_2e9d9761d2ec4b__r7fam10__inst00__synth_unmatched_src,bnb_flow_f368bee7e3a940__synth_hidden_dst,548.431325,0,236.0,one_to_one,0.2,supervised_flow_pair,Celer,semi_synthetic_unmatched,,,0,0
eth_flow_2e9d9761d2ec4b__r7fam10__inst00__synth_noise_src_0,bnb_flow_f368bee7e3a940__synth_noise_dst_0,548.431325,546.775888769028,296,one_to_one,0.2348,supervised_flow_pair,Celer,semi_synthetic_delay_noise,,,,
eth_flow_2e9d9761d2ec4b__r7fam10__inst00__synth_noise_src_1,bnb_flow_f368bee7e3a940__synth_noise_dst_1,548.431325,546.775888769028,356,one_to_one,0.2414,supervised_flow_pair,Celer,semi_synthetic_delay_noise,,,,
eth_flow_6d12a719b2da40__r7fam10__inst01__synth_split_src,bnb_flow_3a235dbd89b84d__synth_split_a,352.0,176.0,225.0,one_to_many,0.95,supervised_flow_pair,Celer,semi_synthetic_split,1,176.0,176.0,
eth_flow_6d12a719b2da40__r7fam10__inst01__synth_split_src,bnb_flow_3a235dbd89b84d__synth_split_b,352.0,176.0,225.0,one_to_many,0.95,supervised_flow_pair,Celer,semi_synthetic_split,1,176.0,176.0,
eth_flow_6d12a719b2da40__r7fam10__inst01__synth_merge_src1,bnb_flow_3a235dbd89b84d__synth_merge_dst,176.0,352.0,225.0,many_to_one,1.0,supervised_flow_pair,Celer,semi_synthetic_merge,,176.0,176.0,
eth_flow_6d12a719b2da40__r7fam10__inst01__synth_merge_src2,bnb_flow_3a235dbd89b84d__synth_merge_dst,176.0,352.0,225.0,many_to_one,1.0,supervised_flow_pair,Celer,semi_synthetic_merge,,176.0,176.0,
eth_flow_6d12a719b2da40__r7fam10__inst01__synth_unmatched_src,bnb_flow_3a235dbd89b84d__synth_hidden_dst,352.0,0,225.0,one_to_one,0.2,supervised_flow_pair,Celer,semi_synthetic_unmatched,,,0,0
eth_flow_6d12a719b2da40__r7fam10__inst01__synth_noise_src_0,bnb_flow_3a235dbd89b84d__synth_noise_dst_0,352.0,350.3496259482173,285,one_to_one,0.2219,supervised_flow_pair,Celer,semi_synthetic_delay_noise,,,,
eth_flow_6d12a719b2da40__r7fam10__inst01__synth_noise_src_1,bnb_flow_3a235dbd89b84d__synth_noise_dst_1,352.0,350.3496259482173,345,one_to_one,0.2495,supervised_flow_pair,Celer,semi_synthetic_delay_noise,,,,
eth_flow_4177c67ad5864b__r7fam11__inst00__synth_split_src,bnb_flow_10ca42e3003049__synth_split_a,312.4,156.2,355.0,one_to_many,0.95,supervised_flow_pair,Celer,semi_synthetic_split,1,156.2,156.2,
eth_flow_4177c67ad5864b__r7fam11__inst00__synth_split_src,bnb_flow_10ca42e3003049__synth_split_b,312.4,156.2,355.0,one_to_many,0.95,supervised_flow_pair,Celer,semi_synthetic_split,1,156.2,156.2,
eth_flow_4177c67ad5864b__r7fam11__inst00__synth_merge_src1,bnb_flow_10ca42e3003049__synth_merge_dst,156.2,312.4,355.0,many_to_one,1.0,supervised_flow_pair,Celer,semi_synthetic_merge,,156.2,156.2,
eth_flow_4177c67ad5864b__r7fam11__inst00__synth_merge_src2,bnb_flow_10ca42e3003049__synth_merge_dst,156.2,312.4,355.0,many_to_one,1.0,supervised_flow_pair,Celer,semi_synthetic_merge,,156.2,156.2,
eth_flow_4177c67ad5864b__r7fam11__inst00__synth_unmatched_src,bnb_flow_10ca42e3003049__synth_hidden_dst,312.4,0,355.0,one_to_one,0.2,supervised_flow_pair,Celer,semi_synthetic_unmatched,,,0,0
eth_flow_4177c67ad5864b__r7fam11__inst00__synth_noise_src_0,bnb_flow_10ca42e3003049__synth_noise_dst_0,312.4,310.79466231835795,415,one_to_one,0.2258,supervised_flow_pair,Celer,semi_synthetic_delay_noise,,,,
eth_flow_4177c67ad5864b__r7fam11__inst00__synth_noise_src_1,bnb_flow_10ca42e3003049__synth_noise_dst_1,312.4,310.79466231835795,475,one_to_one,0.2377,supervised_flow_pair,Celer,semi_synthetic_delay_noise,,,,
eth_flow_44d5d5927f724e__r7fam11__inst01__synth_split_src,bnb_flow_b6fc2738d83845__synth_split_a,489.060702,61.13258775,256.0,one_to_many,0.95,supervised_flow_pair,Celer,semi_synthetic_split,1,61.13258775,61.13258775,
eth_flow_44d5d5927f724e__r7fam11__inst01__synth_split_src,bnb_flow_b6fc2738d83845__synth_split_b,489.060702,61.13258775,256.0,one_to_many,0.95,supervised_flow_pair,Celer,semi_synthetic_split,1,61.13258775,61.13258775,
eth_flow_44d5d5927f724e__r7fam11__inst01__synth_split_src,bnb_flow_b6fc2738d83845__synth_split_c,489.060702,61.13258775,256.0,one_to_many,0.95,supervised_flow_pair,Celer,semi_synthetic_split,1,61.13258775,61.13258775,
eth_flow_44d5d5927f724e__r7fam11__inst01__synth_split_src,bnb_flow_b6fc2738d83845__synth_split_d,489.060702,61.13258775,256.0,one_to_many,0.95,supervised_flow_pair,Celer,semi_synthetic_split,1,61.13258775,61.13258775,
eth_flow_44d5d5927f724e__r7fam11__inst01__synth_split_src,bnb_flow_b6fc2738d83845__synth_split_e,489.060702,61.13258775,256.0,one_to_many,0.95,supervised_flow_pair,Celer,semi_synthetic_split,1,61.13258775,61.13258775,
eth_flow_44d5d5927f724e__r7fam11__inst01__synth_split_src,bnb_flow_b6fc2738d83845__synth_split_f,489.060702,61.13258775,256.0,one_to_many,0.95,supervised_flow_pair,Celer,semi_synthetic_split,1,61.13258775,61.13258775,
eth_flow_44d5d5927f724e__r7fam11__inst01__synth_split_src,bnb_flow_b6fc2738d83845__synth_split_g,489.060702,61.13258775,256.0,one_to_many,0.95,supervised_flow_pair,Celer,semi_synthetic_split,1,61.13258775,61.13258775,
eth_flow_44d5d5927f724e__r7fam11__inst01__synth_split_src,bnb_flow_b6fc2738d83845__synth_split_h,489.060702,61.13258775,256.0,one_to_many,0.95,supervised_flow_pair,Celer,semi_synthetic_split,1,61.13258775,61.13258775,
eth_flow_44d5d5927f724e__r7fam11__inst01__synth_merge_src1,bnb_flow_b6fc2738d83845__synth_merge_dst,244.530351,489.060702,256.0,many_to_one,1.0,supervised_flow_pair,Celer,semi_synthetic_merge,,244.530351,244.530351,
eth_flow_44d5d5927f724e__r7fam11__inst01__synth_merge_src2,bnb_flow_b6fc2738d83845__synth_merge_dst,244.530351,489.060702,256.0,many_to_one,1.0,supervised_flow_pair,Celer,semi_synthetic_merge,,244.530351,244.530351,
eth_flow_44d5d5927f724e__r7fam11__inst01__synth_unmatched_src,bnb_flow_b6fc2738d83845__synth_hidden_dst,489.060702,0,256.0,one_to_one,0.2,supervised_flow_pair,Celer,semi_synthetic_unmatched,,,0,0
eth_flow_44d5d5927f724e__r7fam11__inst01__synth_noise_src_0,bnb_flow_b6fc2738d83845__synth_noise_dst_0,489.060702,488.4750478461061,316,one_to_one,0.2211,supervised_flow_pair,Celer,semi_synthetic_delay_noise,,,,
eth_flow_44d5d5927f724e__r7fam11__inst01__synth_noise_src_1,bnb_flow_b6fc2738d83845__synth_noise_dst_1,489.060702,488.4750478461061,376,one_to_one,0.2223,supervised_flow_pair,Celer,semi_synthetic_delay_noise,,,,
eth_flow_b9f1beb284cb49__r7fam12__inst00__synth_split_src,bnb_flow_fb517d0f355d43__synth_split_a,3159.269493,1579.6347465,139.0,one_to_many,0.95,supervised_flow_pair,Celer,semi_synthetic_split,1,1579.6347465,1579.6347465,
eth_flow_b9f1beb284cb49__r7fam12__inst00__synth_split_src,bnb_flow_fb517d0f355d43__synth_split_b,3159.269493,1579.6347465,139.0,one_to_many,0.95,supervised_flow_pair,Celer,semi_synthetic_split,1,1579.6347465,1579.6347465,
eth_flow_b9f1beb284cb49__r7fam12__inst00__synth_merge_src1,bnb_flow_fb517d0f355d43__synth_merge_dst,1579.6347465,3159.269493,139.0,many_to_one,1.0,supervised_flow_pair,Celer,semi_synthetic_merge,,1579.6347465,1579.6347465,
eth_flow_b9f1beb284cb49__r7fam12__inst00__synth_merge_src2,bnb_flow_fb517d0f355d43__synth_merge_dst,1579.6347465,3159.269493,139.0,many_to_one,1.0,supervised_flow_pair,Celer,semi_synthetic_merge,,1579.6347465,1579.6347465,
eth_flow_b9f1beb284cb49__r7fam12__inst00__synth_unmatched_src,bnb_flow_fb517d0f355d43__synth_hidden_dst,3159.269493,0,139.0,one_to_one,0.2,supervised_flow_pair,Celer,semi_synthetic_unmatched,,,0,0
eth_flow_b9f1beb284cb49__r7fam12__inst00__synth_noise_src_0,bnb_flow_fb517d0f355d43__synth_noise_dst_0,3159.269493,3156.559083382088,199,one_to_one,0.2409,supervised_flow_pair,Celer,semi_synthetic_delay_noise,,,,
eth_flow_b9f1beb284cb49__r7fam12__inst00__synth_noise_src_1,bnb_flow_fb517d0f355d43__synth_noise_dst_1,3159.269493,3156.559083382088,259,one_to_one,0.2252,supervised_flow_pair,Celer,semi_synthetic_delay_noise,,,,
eth_flow_f0ff5b9460b24d__r7fam12__inst01__synth_split_src,bnb_flow_02e1c6deeb2e46__synth_split_a,1552.0,776.0,130.0,one_to_many,0.95,supervised_flow_pair,Celer,semi_synthetic_split,1,776.0,776.0,
eth_flow_f0ff5b9460b24d__r7fam12__inst01__synth_split_src,bnb_flow_02e1c6deeb2e46__synth_split_b,1552.0,776.0,130.0,one_to_many,0.95,supervised_flow_pair,Celer,semi_synthetic_split,1,776.0,776.0,
eth_flow_f0ff5b9460b24d__r7fam12__inst01__synth_merge_src1,bnb_flow_02e1c6deeb2e46__synth_merge_dst,776.0,1552.0,130.0,many_to_one,1.0,supervised_flow_pair,Celer,semi_synthetic_merge,,776.0,776.0,
eth_flow_f0ff5b9460b24d__r7fam12__inst01__synth_merge_src2,bnb_flow_02e1c6deeb2e46__synth_merge_dst,776.0,1552.0,130.0,many_to_one,1.0,supervised_flow_pair,Celer,semi_synthetic_merge,,776.0,776.0,
eth_flow_f0ff5b9460b24d__r7fam12__inst01__synth_unmatched_src,bnb_flow_02e1c6deeb2e46__synth_hidden_dst,1552.0,0,130.0,one_to_one,0.2,supervised_flow_pair,Celer,semi_synthetic_unmatched,,,0,0
eth_flow_f0ff5b9460b24d__r7fam12__inst01__synth_noise_src_0,bnb_flow_02e1c6deeb2e46__synth_noise_dst_0,1552.0,1550.9625087023617,190,one_to_one,0.2599,supervised_flow_pair,Celer,semi_synthetic_delay_noise,,,,
eth_flow_f0ff5b9460b24d__r7fam12__inst01__synth_noise_src_1,bnb_flow_02e1c6deeb2e46__synth_noise_dst_1,1552.0,1550.9625087023617,250,one_to_one,0.2207,supervised_flow_pair,Celer,semi_synthetic_delay_noise,,,,
eth_flow_d992e003098442__r7fam13__inst00__synth_split_src,bnb_flow_67e05dc59b4a4a__synth_split_a,1443.617609,288.72352179999996,181.0,one_to_many,0.95,supervised_flow_pair,Celer,semi_synthetic_split,1,288.72352179999996,288.72352179999996,
eth_flow_d992e003098442__r7fam13__inst00__synth_split_src,bnb_flow_67e05dc59b4a4a__synth_split_b,1443.617609,288.72352179999996,181.0,one_to_many,0.95,supervised_flow_pair,Celer,semi_synthetic_split,1,288.72352179999996,288.72352179999996,
eth_flow_d992e003098442__r7fam13__inst00__synth_split_src,bnb_flow_67e05dc59b4a4a__synth_split_c,1443.617609,288.72352179999996,181.0,one_to_many,0.95,supervised_flow_pair,Celer,semi_synthetic_split,1,288.72352179999996,288.72352179999996,
eth_flow_d992e003098442__r7fam13__inst00__synth_split_src,bnb_flow_67e05dc59b4a4a__synth_split_d,1443.617609,288.72352179999996,181.0,one_to_many,0.95,supervised_flow_pair,Celer,semi_synthetic_split,1,288.72352179999996,288.72352179999996,
eth_flow_d992e003098442__r7fam13__inst00__synth_split_src,bnb_flow_67e05dc59b4a4a__synth_split_e,1443.617609,288.72352179999996,181.0,one_to_many,0.95,supervised_flow_pair,Celer,semi_synthetic_split,1,288.72352179999996,288.72352179999996,
eth_flow_d992e003098442__r7fam13__inst00__synth_merge_src1,bnb_flow_67e05dc59b4a4a__synth_merge_dst,721.8088045,1443.617609,181.0,many_to_one,1.0,supervised_flow_pair,Celer,semi_synthetic_merge,,721.8088045,721.8088045,
eth_flow_d992e003098442__r7fam13__inst00__synth_merge_src2,bnb_flow_67e05dc59b4a4a__synth_merge_dst,721.8088045,1443.617609,181.0,many_to_one,1.0,supervised_flow_pair,Celer,semi_synthetic_merge,,721.8088045,721.8088045,
eth_flow_d992e003098442__r7fam13__inst00__synth_unmatched_src,bnb_flow_67e05dc59b4a4a__synth_hidden_dst,1443.617609,0,181.0,one_to_one,0.2,supervised_flow_pair,Celer,semi_synthetic_unmatched,,,0,0
eth_flow_d992e003098442__r7fam13__inst00__synth_noise_src_0,bnb_flow_67e05dc59b4a4a__synth_noise_dst_0,1443.617609,1442.5888788389202,241,one_to_one,0.2546,supervised_flow_pair,Celer,semi_synthetic_delay_noise,,,,
eth_flow_d992e003098442__r7fam13__inst00__synth_noise_src_1,bnb_flow_67e05dc59b4a4a__synth_noise_dst_1,1443.617609,1442.5888788389202,301,one_to_one,0.2258,supervised_flow_pair,Celer,semi_synthetic_delay_noise,,,,
eth_flow_efcacc96435140__r7fam13__inst01__synth_split_src,bnb_flow_89f56f2ba76546__synth_split_a,2502.0,1251.0,173.0,one_to_many,0.95,supervised_flow_pair,Celer,semi_synthetic_split,1,1251.0,1251.0,
eth_flow_efcacc96435140__r7fam13__inst01__synth_split_src,bnb_flow_89f56f2ba76546__synth_split_b,2502.0,1251.0,173.0,one_to_many,0.95,supervised_flow_pair,Celer,semi_synthetic_split,1,1251.0,1251.0,
eth_flow_efcacc96435140__r7fam13__inst01__synth_merge_src1,bnb_flow_89f56f2ba76546__synth_merge_dst,1251.0,2502.0,173.0,many_to_one,1.0,supervised_flow_pair,Celer,semi_synthetic_merge,,1251.0,1251.0,
eth_flow_efcacc96435140__r7fam13__inst01__synth_merge_src2,bnb_flow_89f56f2ba76546__synth_merge_dst,1251.0,2502.0,173.0,many_to_one,1.0,supervised_flow_pair,Celer,semi_synthetic_merge,,1251.0,1251.0,
eth_flow_efcacc96435140__r7fam13__inst01__synth_unmatched_src,bnb_flow_89f56f2ba76546__synth_hidden_dst,2502.0,0,173.0,one_to_one,0.2,supervised_flow_pair,Celer,semi_synthetic_unmatched,,,0,0
eth_flow_efcacc96435140__r7fam13__inst01__synth_noise_src_0,bnb_flow_89f56f2ba76546__synth_noise_dst_0,2502.0,2500.721863527966,233,one_to_one,0.2441,supervised_flow_pair,Celer,semi_synthetic_delay_noise,,,,
eth_flow_efcacc96435140__r7fam13__inst01__synth_noise_src_1,bnb_flow_89f56f2ba76546__synth_noise_dst_1,2502.0,2500.721863527966,293,one_to_one,0.2386,supervised_flow_pair,Celer,semi_synthetic_delay_noise,,,,
eth_flow_32a0c06c64294c__r7fam14__inst00__synth_split_src,bnb_flow_c41728ee1fe44b__synth_split_a,4998.320302,2499.160151,199.0,one_to_many,0.95,supervised_flow_pair,Celer,semi_synthetic_split,1,2499.160151,2499.160151,
eth_flow_32a0c06c64294c__r7fam14__inst00__synth_split_src,bnb_flow_c41728ee1fe44b__synth_split_b,4998.320302,2499.160151,199.0,one_to_many,0.95,supervised_flow_pair,Celer,semi_synthetic_split,1,2499.160151,2499.160151,
eth_flow_32a0c06c64294c__r7fam14__inst00__synth_merge_src1,bnb_flow_c41728ee1fe44b__synth_merge_dst,2499.160151,4998.320302,199.0,many_to_one,1.0,supervised_flow_pair,Celer,semi_synthetic_merge,,2499.160151,2499.160151,
eth_flow_32a0c06c64294c__r7fam14__inst00__synth_merge_src2,bnb_flow_c41728ee1fe44b__synth_merge_dst,2499.160151,4998.320302,199.0,many_to_one,1.0,supervised_flow_pair,Celer,semi_synthetic_merge,,2499.160151,2499.160151,
eth_flow_32a0c06c64294c__r7fam14__inst00__synth_unmatched_src,bnb_flow_c41728ee1fe44b__synth_hidden_dst,4998.320302,0,199.0,one_to_one,0.2,supervised_flow_pair,Celer,semi_synthetic_unmatched,,,0,0
eth_flow_32a0c06c64294c__r7fam14__inst00__synth_noise_src_0,bnb_flow_c41728ee1fe44b__synth_noise_dst_0,4998.320302,4995.447894624449,259,one_to_one,0.2528,supervised_flow_pair,Celer,semi_synthetic_delay_noise,,,,
eth_flow_32a0c06c64294c__r7fam14__inst00__synth_noise_src_1,bnb_flow_c41728ee1fe44b__synth_noise_dst_1,4998.320302,4995.447894624449,319,one_to_one,0.2236,supervised_flow_pair,Celer,semi_synthetic_delay_noise,,,,
eth_flow_4c507d60b66b45__r7fam14__inst01__synth_split_src,bnb_flow_b65ef3295c724b__synth_split_a,6758.0172,3379.0086,198.0,one_to_many,0.95,supervised_flow_pair,Celer,semi_synthetic_split,1,3379.0086,3379.0086,
eth_flow_4c507d60b66b45__r7fam14__inst01__synth_split_src,bnb_flow_b65ef3295c724b__synth_split_b,6758.0172,3379.0086,198.0,one_to_many,0.95,supervised_flow_pair,Celer,semi_synthetic_split,1,3379.0086,3379.0086,
eth_flow_4c507d60b66b45__r7fam14__inst01__synth_merge_src1,bnb_flow_b65ef3295c724b__synth_merge_dst,3379.0086,6758.0172,198.0,many_to_one,1.0,supervised_flow_pair,Celer,semi_synthetic_merge,,3379.0086,3379.0086,
eth_flow_4c507d60b66b45__r7fam14__inst01__synth_merge_src2,bnb_flow_b65ef3295c724b__synth_merge_dst,3379.0086,6758.0172,198.0,many_to_one,1.0,supervised_flow_pair,Celer,semi_synthetic_merge,,3379.0086,3379.0086,
eth_flow_4c507d60b66b45__r7fam14__inst01__synth_unmatched_src,bnb_flow_b65ef3295c724b__synth_hidden_dst,6758.0172,0,198.0,one_to_one,0.2,supervised_flow_pair,Celer,semi_synthetic_unmatched,,,0,0
eth_flow_4c507d60b66b45__r7fam14__inst01__synth_noise_src_0,bnb_flow_b65ef3295c724b__synth_noise_dst_0,6758.0172,6750.803858799423,258,one_to_one,0.2338,supervised_flow_pair,Celer,semi_synthetic_delay_noise,,,,
eth_flow_4c507d60b66b45__r7fam14__inst01__synth_noise_src_1,bnb_flow_b65ef3295c724b__synth_noise_dst_1,6758.0172,6750.803858799423,318,one_to_one,0.2384,supervised_flow_pair,Celer,semi_synthetic_delay_noise,,,,
eth_flow_d4cb4bfbbe0541__r7fam15__inst00__synth_split_src,bnb_flow_09d44459070347__synth_split_a,5000.0,2500.0,215.0,one_to_many,0.95,supervised_flow_pair,Celer,semi_synthetic_split,1,2500.0,2500.0,
eth_flow_d4cb4bfbbe0541__r7fam15__inst00__synth_split_src,bnb_flow_09d44459070347__synth_split_b,5000.0,2500.0,215.0,one_to_many,0.95,supervised_flow_pair,Celer,semi_synthetic_split,1,2500.0,2500.0,
eth_flow_d4cb4bfbbe0541__r7fam15__inst00__synth_merge_src1,bnb_flow_09d44459070347__synth_merge_dst,2500.0,5000.0,215.0,many_to_one,1.0,supervised_flow_pair,Celer,semi_synthetic_merge,,2500.0,2500.0,
eth_flow_d4cb4bfbbe0541__r7fam15__inst00__synth_merge_src2,bnb_flow_09d44459070347__synth_merge_dst,2500.0,5000.0,215.0,many_to_one,1.0,supervised_flow_pair,Celer,semi_synthetic_merge,,2500.0,2500.0,
eth_flow_d4cb4bfbbe0541__r7fam15__inst00__synth_unmatched_src,bnb_flow_09d44459070347__synth_hidden_dst,5000.0,0,215.0,one_to_one,0.2,supervised_flow_pair,Celer,semi_synthetic_unmatched,,,0,0
eth_flow_d4cb4bfbbe0541__r7fam15__inst00__synth_noise_src_0,bnb_flow_09d44459070347__synth_noise_dst_0,5000.0,4996.65336453071,275,one_to_one,0.2318,supervised_flow_pair,Celer,semi_synthetic_delay_noise,,,,
eth_flow_d4cb4bfbbe0541__r7fam15__inst00__synth_noise_src_1,bnb_flow_09d44459070347__synth_noise_dst_1,5000.0,4996.65336453071,335,one_to_one,0.2405,supervised_flow_pair,Celer,semi_synthetic_delay_noise,,,,
eth_flow_36ae96cc71134e__r7fam15__inst01__synth_split_src,bnb_flow_02ebc4d135c744__synth_split_a,2001.916393,1000.9581965,206.0,one_to_many,0.95,supervised_flow_pair,Celer,semi_synthetic_split,1,1000.9581965,1000.9581965,
eth_flow_36ae96cc71134e__r7fam15__inst01__synth_split_src,bnb_flow_02ebc4d135c744__synth_split_b,2001.916393,1000.9581965,206.0,one_to_many,0.95,supervised_flow_pair,Celer,semi_synthetic_split,1,1000.9581965,1000.9581965,
eth_flow_36ae96cc71134e__r7fam15__inst01__synth_merge_src1,bnb_flow_02ebc4d135c744__synth_merge_dst,1000.9581965,2001.916393,206.0,many_to_one,1.0,supervised_flow_pair,Celer,semi_synthetic_merge,,1000.9581965,1000.9581965,
eth_flow_36ae96cc71134e__r7fam15__inst01__synth_merge_src2,bnb_flow_02ebc4d135c744__synth_merge_dst,1000.9581965,2001.916393,206.0,many_to_one,1.0,supervised_flow_pair,Celer,semi_synthetic_merge,,1000.9581965,1000.9581965,
eth_flow_36ae96cc71134e__r7fam15__inst01__synth_unmatched_src,bnb_flow_02ebc4d135c744__synth_hidden_dst,2001.916393,0,206.0,one_to_one,0.2,supervised_flow_pair,Celer,semi_synthetic_unmatched,,,0,0
eth_flow_36ae96cc71134e__r7fam15__inst01__synth_noise_src_0,bnb_flow_02ebc4d135c744__synth_noise_dst_0,2001.916393,1999.70691719632,266,one_to_one,0.2535,supervised_flow_pair,Celer,semi_synthetic_delay_noise,,,,
eth_flow_36ae96cc71134e__r7fam15__inst01__synth_noise_src_1,bnb_flow_02ebc4d135c744__synth_noise_dst_1,2001.916393,1999.70691719632,326,one_to_one,0.2293,supervised_flow_pair,Celer,semi_synthetic_delay_noise,,,,
eth_flow_35b297df13e14e__r7fam16__inst00__synth_split_src,bnb_flow_51e6afc17b5747__synth_split_a,7923.369067749265,2641.123022583088,220.0,one_to_many,0.95,supervised_flow_pair,Celer,semi_synthetic_split,1,2641.123022583088,2641.123022583088,
eth_flow_35b297df13e14e__r7fam16__inst00__synth_split_src,bnb_flow_51e6afc17b5747__synth_split_b,7923.369067749265,2641.123022583088,220.0,one_to_many,0.95,supervised_flow_pair,Celer,semi_synthetic_split,1,2641.123022583088,2641.123022583088,
eth_flow_35b297df13e14e__r7fam16__inst00__synth_split_src,bnb_flow_51e6afc17b5747__synth_split_c,7923.369067749265,2641.123022583088,220.0,one_to_many,0.95,supervised_flow_pair,Celer,semi_synthetic_split,1,2641.123022583088,2641.123022583088,
eth_flow_35b297df13e14e__r7fam16__inst00__synth_merge_src1,bnb_flow_51e6afc17b5747__synth_merge_dst,3961.6845338746325,7923.369067749265,220.0,many_to_one,1.0,supervised_flow_pair,Celer,semi_synthetic_merge,,3961.6845338746325,3961.6845338746325,
eth_flow_35b297df13e14e__r7fam16__inst00__synth_merge_src2,bnb_flow_51e6afc17b5747__synth_merge_dst,3961.6845338746325,7923.369067749265,220.0,many_to_one,1.0,supervised_flow_pair,Celer,semi_synthetic_merge,,3961.6845338746325,3961.6845338746325,
eth_flow_35b297df13e14e__r7fam16__inst00__synth_unmatched_src,bnb_flow_51e6afc17b5747__synth_hidden_dst,7923.369067749265,0,220.0,one_to_one,0.2,supervised_flow_pair,Celer,semi_synthetic_unmatched,,,0,0
eth_flow_35b297df13e14e__r7fam16__inst00__synth_noise_src_0,bnb_flow_51e6afc17b5747__synth_noise_dst_0,7923.369067749265,7955.693945752853,280,one_to_one,0.2598,supervised_flow_pair,Celer,semi_synthetic_delay_noise,,,,
eth_flow_35b297df13e14e__r7fam16__inst00__synth_noise_src_1,bnb_flow_51e6afc17b5747__synth_noise_dst_1,7923.369067749265,7955.693945752853,340,one_to_one,0.2318,supervised_flow_pair,Celer,semi_synthetic_delay_noise,,,,
eth_flow_86430808228749__r7fam16__inst01__synth_split_src,bnb_flow_e60e2e31a6a647__synth_split_a,5200.0,1733.3333333333333,234.0,one_to_many,0.95,supervised_flow_pair,Celer,semi_synthetic_split,1,1733.3333333333333,1733.3333333333333,
eth_flow_86430808228749__r7fam16__inst01__synth_split_src,bnb_flow_e60e2e31a6a647__synth_split_b,5200.0,1733.3333333333333,234.0,one_to_many,0.95,supervised_flow_pair,Celer,semi_synthetic_split,1,1733.3333333333333,1733.3333333333333,
eth_flow_86430808228749__r7fam16__inst01__synth_split_src,bnb_flow_e60e2e31a6a647__synth_split_c,5200.0,1733.3333333333333,234.0,one_to_many,0.95,supervised_flow_pair,Celer,semi_synthetic_split,1,1733.3333333333333,1733.3333333333333,
eth_flow_86430808228749__r7fam16__inst01__synth_merge_src1,bnb_flow_e60e2e31a6a647__synth_merge_dst,2600.0,5200.0,234.0,many_to_one,1.0,supervised_flow_pair,Celer,semi_synthetic_merge,,2600.0,2600.0,
eth_flow_86430808228749__r7fam16__inst01__synth_merge_src2,bnb_flow_e60e2e31a6a647__synth_merge_dst,2600.0,5200.0,234.0,many_to_one,1.0,supervised_flow_pair,Celer,semi_synthetic_merge,,2600.0,2600.0,
eth_flow_86430808228749__r7fam16__inst01__synth_unmatched_src,bnb_flow_e60e2e31a6a647__synth_hidden_dst,5200.0,0,234.0,one_to_one,0.2,supervised_flow_pair,Celer,semi_synthetic_unmatched,,,0,0
eth_flow_86430808228749__r7fam16__inst01__synth_noise_src_0,bnb_flow_e60e2e31a6a647__synth_noise_dst_0,5200.0,5192.737301157001,294,one_to_one,0.2378,supervised_flow_pair,Celer,semi_synthetic_delay_noise,,,,
eth_flow_86430808228749__r7fam16__inst01__synth_noise_src_1,bnb_flow_e60e2e31a6a647__synth_noise_dst_1,5200.0,5192.737301157001,354,one_to_one,0.2524,supervised_flow_pair,Celer,semi_synthetic_delay_noise,,,,
eth_flow_20fe6e88c55740__r7fam17__inst00__synth_split_src,bnb_flow_519f374175bc4d__synth_split_a,4000.0,2000.0,259.0,one_to_many,0.95,supervised_flow_pair,Celer,semi_synthetic_split,1,2000.0,2000.0,
eth_flow_20fe6e88c55740__r7fam17__inst00__synth_split_src,bnb_flow_519f374175bc4d__synth_split_b,4000.0,2000.0,259.0,one_to_many,0.95,supervised_flow_pair,Celer,semi_synthetic_split,1,2000.0,2000.0,
eth_flow_20fe6e88c55740__r7fam17__inst00__synth_merge_src1,bnb_flow_519f374175bc4d__synth_merge_dst,2000.0,4000.0,259.0,many_to_one,1.0,supervised_flow_pair,Celer,semi_synthetic_merge,,2000.0,2000.0,
eth_flow_20fe6e88c55740__r7fam17__inst00__synth_merge_src2,bnb_flow_519f374175bc4d__synth_merge_dst,2000.0,4000.0,259.0,many_to_one,1.0,supervised_flow_pair,Celer,semi_synthetic_merge,,2000.0,2000.0,
eth_flow_20fe6e88c55740__r7fam17__inst00__synth_unmatched_src,bnb_flow_519f374175bc4d__synth_hidden_dst,4000.0,0,259.0,one_to_one,0.2,supervised_flow_pair,Celer,semi_synthetic_unmatched,,,0,0
eth_flow_20fe6e88c55740__r7fam17__inst00__synth_noise_src_0,bnb_flow_519f374175bc4d__synth_noise_dst_0,4000.0,3997.924897831229,319,one_to_one,0.2403,supervised_flow_pair,Celer,semi_synthetic_delay_noise,,,,
eth_flow_20fe6e88c55740__r7fam17__inst00__synth_noise_src_1,bnb_flow_519f374175bc4d__synth_noise_dst_1,4000.0,3997.924897831229,379,one_to_one,0.2497,supervised_flow_pair,Celer,semi_synthetic_delay_noise,,,,
eth_flow_dd477abcf9d74a__r7fam17__inst01__synth_split_src,bnb_flow_87d18efb14564a__synth_split_a,2881.71,1440.855,1209.0,one_to_many,0.95,supervised_flow_pair,Celer,semi_synthetic_split,1,1440.855,1440.855,
eth_flow_dd477abcf9d74a__r7fam17__inst01__synth_split_src,bnb_flow_87d18efb14564a__synth_split_b,2881.71,1440.855,1209.0,one_to_many,0.95,supervised_flow_pair,Celer,semi_synthetic_split,1,1440.855,1440.855,
eth_flow_dd477abcf9d74a__r7fam17__inst01__synth_merge_src1,bnb_flow_87d18efb14564a__synth_merge_dst,960.57,2881.71,1209.0,many_to_one,1.0,supervised_flow_pair,Celer,semi_synthetic_merge,,960.57,960.57,
eth_flow_dd477abcf9d74a__r7fam17__inst01__synth_merge_src2,bnb_flow_87d18efb14564a__synth_merge_dst,960.57,2881.71,1209.0,many_to_one,1.0,supervised_flow_pair,Celer,semi_synthetic_merge,,960.57,960.57,
eth_flow_dd477abcf9d74a__r7fam17__inst01__synth_merge_src3,bnb_flow_87d18efb14564a__synth_merge_dst,960.57,2881.71,1209.0,many_to_one,1.0,supervised_flow_pair,Celer,semi_synthetic_merge,,960.57,960.57,
eth_flow_dd477abcf9d74a__r7fam17__inst01__synth_unmatched_src,bnb_flow_87d18efb14564a__synth_hidden_dst,2881.71,0,1209.0,one_to_one,0.2,supervised_flow_pair,Celer,semi_synthetic_unmatched,,,0,0
eth_flow_dd477abcf9d74a__r7fam17__inst01__synth_noise_src_0,bnb_flow_87d18efb14564a__synth_noise_dst_0,2881.71,2869.08717217197,1269,one_to_one,0.2552,supervised_flow_pair,Celer,semi_synthetic_delay_noise,,,,
eth_flow_dd477abcf9d74a__r7fam17__inst01__synth_noise_src_1,bnb_flow_87d18efb14564a__synth_noise_dst_1,2881.71,2869.08717217197,1329,one_to_one,0.2349,supervised_flow_pair,Celer,semi_synthetic_delay_noise,,,,
eth_flow_292830487a2a47__r7fam18__inst00__synth_split_src,bnb_flow_a5c95bb4760346__synth_split_a,30050.0,15025.0,159.0,one_to_many,0.95,supervised_flow_pair,Celer,semi_synthetic_split,1,15025.0,15025.0,
eth_flow_292830487a2a47__r7fam18__inst00__synth_split_src,bnb_flow_a5c95bb4760346__synth_split_b,30050.0,15025.0,159.0,one_to_many,0.95,supervised_flow_pair,Celer,semi_synthetic_split,1,15025.0,15025.0,
eth_flow_292830487a2a47__r7fam18__inst00__synth_merge_src1,bnb_flow_a5c95bb4760346__synth_merge_dst,15025.0,30050.0,159.0,many_to_one,1.0,supervised_flow_pair,Celer,semi_synthetic_merge,,15025.0,15025.0,
eth_flow_292830487a2a47__r7fam18__inst00__synth_merge_src2,bnb_flow_a5c95bb4760346__synth_merge_dst,15025.0,30050.0,159.0,many_to_one,1.0,supervised_flow_pair,Celer,semi_synthetic_merge,,15025.0,15025.0,
eth_flow_292830487a2a47__r7fam18__inst00__synth_unmatched_src,bnb_flow_a5c95bb4760346__synth_hidden_dst,30050.0,0,159.0,one_to_one,0.2,supervised_flow_pair,Celer,semi_synthetic_unmatched,,,0,0
eth_flow_292830487a2a47__r7fam18__inst00__synth_noise_src_0,bnb_flow_a5c95bb4760346__synth_noise_dst_0,30050.0,30037.19316664216,219,one_to_one,0.2528,supervised_flow_pair,Celer,semi_synthetic_delay_noise,,,,
eth_flow_292830487a2a47__r7fam18__inst00__synth_noise_src_1,bnb_flow_a5c95bb4760346__synth_noise_dst_1,30050.0,30037.19316664216,279,one_to_one,0.2573,supervised_flow_pair,Celer,semi_synthetic_delay_noise,,,,
eth_flow_f294128be8784f__r7fam18__inst01__synth_split_src,bnb_flow_94bb69534b0840__synth_split_a,75012.994427,25004.331475666666,149.0,one_to_many,0.95,supervised_flow_pair,Celer,semi_synthetic_split,1,25004.331475666666,25004.331475666666,
eth_flow_f294128be8784f__r7fam18__inst01__synth_split_src,bnb_flow_94bb69534b0840__synth_split_b,75012.994427,25004.331475666666,149.0,one_to_many,0.95,supervised_flow_pair,Celer,semi_synthetic_split,1,25004.331475666666,25004.331475666666,
eth_flow_f294128be8784f__r7fam18__inst01__synth_split_src,bnb_flow_94bb69534b0840__synth_split_c,75012.994427,25004.331475666666,149.0,one_to_many,0.95,supervised_flow_pair,Celer,semi_synthetic_split,1,25004.331475666666,25004.331475666666,
eth_flow_f294128be8784f__r7fam18__inst01__synth_merge_src1,bnb_flow_94bb69534b0840__synth_merge_dst,37506.4972135,75012.994427,149.0,many_to_one,1.0,supervised_flow_pair,Celer,semi_synthetic_merge,,37506.4972135,37506.4972135,
eth_flow_f294128be8784f__r7fam18__inst01__synth_merge_src2,bnb_flow_94bb69534b0840__synth_merge_dst,37506.4972135,75012.994427,149.0,many_to_one,1.0,supervised_flow_pair,Celer,semi_synthetic_merge,,37506.4972135,37506.4972135,
eth_flow_f294128be8784f__r7fam18__inst01__synth_unmatched_src,bnb_flow_94bb69534b0840__synth_hidden_dst,75012.994427,0,149.0,one_to_one,0.2,supervised_flow_pair,Celer,semi_synthetic_unmatched,,,0,0
eth_flow_f294128be8784f__r7fam18__inst01__synth_noise_src_0,bnb_flow_94bb69534b0840__synth_noise_dst_0,75012.994427,74982.0489285594,209,one_to_one,0.2368,supervised_flow_pair,Celer,semi_synthetic_delay_noise,,,,
eth_flow_f294128be8784f__r7fam18__inst01__synth_noise_src_1,bnb_flow_94bb69534b0840__synth_noise_dst_1,75012.994427,74982.0489285594,269,one_to_one,0.242,supervised_flow_pair,Celer,semi_synthetic_delay_noise,,,,
eth_flow_a9ac3b376bfc44__r7fam19__inst00__synth_split_src,bnb_flow_5add720e4e7e43__synth_split_a,732402.19215108,366201.09607554,179.0,one_to_many,0.95,supervised_flow_pair,Celer,semi_synthetic_split,1,366201.09607554,366201.09607554,
eth_flow_a9ac3b376bfc44__r7fam19__inst00__synth_split_src,bnb_flow_5add720e4e7e43__synth_split_b,732402.19215108,366201.09607554,179.0,one_to_many,0.95,supervised_flow_pair,Celer,semi_synthetic_split,1,366201.09607554,366201.09607554,
eth_flow_a9ac3b376bfc44__r7fam19__inst00__synth_merge_src1,bnb_flow_5add720e4e7e43__synth_merge_dst,366201.09607554,732402.19215108,179.0,many_to_one,1.0,supervised_flow_pair,Celer,semi_synthetic_merge,,366201.09607554,366201.09607554,
eth_flow_a9ac3b376bfc44__r7fam19__inst00__synth_merge_src2,bnb_flow_5add720e4e7e43__synth_merge_dst,366201.09607554,732402.19215108,179.0,many_to_one,1.0,supervised_flow_pair,Celer,semi_synthetic_merge,,366201.09607554,366201.09607554,
eth_flow_a9ac3b376bfc44__r7fam19__inst00__synth_unmatched_src,bnb_flow_5add720e4e7e43__synth_hidden_dst,732402.19215108,0,179.0,one_to_one,0.2,supervised_flow_pair,Celer,semi_synthetic_unmatched,,,0,0
eth_flow_a9ac3b376bfc44__r7fam19__inst00__synth_noise_src_0,bnb_flow_5add720e4e7e43__synth_noise_dst_0,732402.19215108,732084.7578982587,239,one_to_one,0.2342,supervised_flow_pair,Celer,semi_synthetic_delay_noise,,,,
eth_flow_a9ac3b376bfc44__r7fam19__inst00__synth_noise_src_1,bnb_flow_5add720e4e7e43__synth_noise_dst_1,732402.19215108,732084.7578982587,299,one_to_one,0.2265,supervised_flow_pair,Celer,semi_synthetic_delay_noise,,,,
eth_flow_5ba63049fe6244__r7fam19__inst01__synth_split_src,bnb_flow_d1e8c513e2dd4a__synth_split_a,538162.85070975,179387.61690325,182.0,one_to_many,0.95,supervised_flow_pair,Celer,semi_synthetic_split,1,179387.61690325,179387.61690325,
eth_flow_5ba63049fe6244__r7fam19__inst01__synth_split_src,bnb_flow_d1e8c513e2dd4a__synth_split_b,538162.85070975,179387.61690325,182.0,one_to_many,0.95,supervised_flow_pair,Celer,semi_synthetic_split,1,179387.61690325,179387.61690325,
eth_flow_5ba63049fe6244__r7fam19__inst01__synth_split_src,bnb_flow_d1e8c513e2dd4a__synth_split_c,538162.85070975,179387.61690325,182.0,one_to_many,0.95,supervised_flow_pair,Celer,semi_synthetic_split,1,179387.61690325,179387.61690325,
eth_flow_5ba63049fe6244__r7fam19__inst01__synth_merge_src1,bnb_flow_d1e8c513e2dd4a__synth_merge_dst,269081.425354875,538162.85070975,182.0,many_to_one,1.0,supervised_flow_pair,Celer,semi_synthetic_merge,,269081.425354875,269081.425354875,
eth_flow_5ba63049fe6244__r7fam19__inst01__synth_merge_src2,bnb_flow_d1e8c513e2dd4a__synth_merge_dst,269081.425354875,538162.85070975,182.0,many_to_one,1.0,supervised_flow_pair,Celer,semi_synthetic_merge,,269081.425354875,269081.425354875,
eth_flow_5ba63049fe6244__r7fam19__inst01__synth_unmatched_src,bnb_flow_d1e8c513e2dd4a__synth_hidden_dst,538162.85070975,0,182.0,one_to_one,0.2,supervised_flow_pair,Celer,semi_synthetic_unmatched,,,0,0
eth_flow_5ba63049fe6244__r7fam19__inst01__synth_noise_src_0,bnb_flow_d1e8c513e2dd4a__synth_noise_dst_0,538162.85070975,537832.9689183105,242,one_to_one,0.2211,supervised_flow_pair,Celer,semi_synthetic_delay_noise,,,,
eth_flow_5ba63049fe6244__r7fam19__inst01__synth_noise_src_1,bnb_flow_d1e8c513e2dd4a__synth_noise_dst_1,538162.85070975,537832.9689183105,302,one_to_one,0.2201,supervised_flow_pair,Celer,semi_synthetic_delay_noise,,,,
eth_flow_e2584ad93a0c42__r7fam20__inst00__synth_split_src,bnb_flow_a11db8b8bc704f__synth_split_a,11252.58897,5626.294485,194.0,one_to_many,0.95,supervised_flow_pair,Celer,semi_synthetic_split,1,5626.294485,5626.294485,
eth_flow_e2584ad93a0c42__r7fam20__inst00__synth_split_src,bnb_flow_a11db8b8bc704f__synth_split_b,11252.58897,5626.294485,194.0,one_to_many,0.95,supervised_flow_pair,Celer,semi_synthetic_split,1,5626.294485,5626.294485,
eth_flow_e2584ad93a0c42__r7fam20__inst00__synth_merge_src1,bnb_flow_a11db8b8bc704f__synth_merge_dst,5626.294485,11252.58897,194.0,many_to_one,1.0,supervised_flow_pair,Celer,semi_synthetic_merge,,5626.294485,5626.294485,
eth_flow_e2584ad93a0c42__r7fam20__inst00__synth_merge_src2,bnb_flow_a11db8b8bc704f__synth_merge_dst,5626.294485,11252.58897,194.0,many_to_one,1.0,supervised_flow_pair,Celer,semi_synthetic_merge,,5626.294485,5626.294485,
eth_flow_e2584ad93a0c42__r7fam20__inst00__synth_unmatched_src,bnb_flow_a11db8b8bc704f__synth_hidden_dst,11252.58897,0,194.0,one_to_one,0.2,supervised_flow_pair,Celer,semi_synthetic_unmatched,,,0,0
eth_flow_e2584ad93a0c42__r7fam20__inst00__synth_noise_src_0,bnb_flow_a11db8b8bc704f__synth_noise_dst_0,11252.58897,11246.76734733783,254,one_to_one,0.248,supervised_flow_pair,Celer,semi_synthetic_delay_noise,,,,
eth_flow_e2584ad93a0c42__r7fam20__inst00__synth_noise_src_1,bnb_flow_a11db8b8bc704f__synth_noise_dst_1,11252.58897,11246.76734733783,314,one_to_one,0.224,supervised_flow_pair,Celer,semi_synthetic_delay_noise,,,,
eth_flow_20e4603e245545__r7fam20__inst01__synth_split_src,bnb_flow_5d17b5a465d64c__synth_split_a,19386.564717,4846.64117925,188.0,one_to_many,0.95,supervised_flow_pair,Celer,semi_synthetic_split,1,4846.64117925,4846.64117925,
eth_flow_20e4603e245545__r7fam20__inst01__synth_split_src,bnb_flow_5d17b5a465d64c__synth_split_b,19386.564717,4846.64117925,188.0,one_to_many,0.95,supervised_flow_pair,Celer,semi_synthetic_split,1,4846.64117925,4846.64117925,
eth_flow_20e4603e245545__r7fam20__inst01__synth_split_src,bnb_flow_5d17b5a465d64c__synth_split_c,19386.564717,4846.64117925,188.0,one_to_many,0.95,supervised_flow_pair,Celer,semi_synthetic_split,1,4846.64117925,4846.64117925,
eth_flow_20e4603e245545__r7fam20__inst01__synth_split_src,bnb_flow_5d17b5a465d64c__synth_split_d,19386.564717,4846.64117925,188.0,one_to_many,0.95,supervised_flow_pair,Celer,semi_synthetic_split,1,4846.64117925,4846.64117925,
eth_flow_20e4603e245545__r7fam20__inst01__synth_merge_src1,bnb_flow_5d17b5a465d64c__synth_merge_dst,9693.2823585,19386.564717,188.0,many_to_one,1.0,supervised_flow_pair,Celer,semi_synthetic_merge,,9693.2823585,9693.2823585,
eth_flow_20e4603e245545__r7fam20__inst01__synth_merge_src2,bnb_flow_5d17b5a465d64c__synth_merge_dst,9693.2823585,19386.564717,188.0,many_to_one,1.0,supervised_flow_pair,Celer,semi_synthetic_merge,,9693.2823585,9693.2823585,
eth_flow_20e4603e245545__r7fam20__inst01__synth_unmatched_src,bnb_flow_5d17b5a465d64c__synth_hidden_dst,19386.564717,0,188.0,one_to_one,0.2,supervised_flow_pair,Celer,semi_synthetic_unmatched,,,0,0
eth_flow_20e4603e245545__r7fam20__inst01__synth_noise_src_0,bnb_flow_5d17b5a465d64c__synth_noise_dst_0,19386.564717,19376.09803187022,248,one_to_one,0.2361,supervised_flow_pair,Celer,semi_synthetic_delay_noise,,,,
eth_flow_20e4603e245545__r7fam20__inst01__synth_noise_src_1,bnb_flow_5d17b5a465d64c__synth_noise_dst_1,19386.564717,19376.09803187022,308,one_to_one,0.2481,supervised_flow_pair,Celer,semi_synthetic_delay_noise,,,,
eth_flow_9aa62594845d44__r7fam21__inst00__synth_split_src,bnb_flow_2169d0367bbd46__synth_split_a,22514.2216,11257.1108,212.0,one_to_many,0.95,supervised_flow_pair,Celer,semi_synthetic_split,1,11257.1108,11257.1108,
eth_flow_9aa62594845d44__r7fam21__inst00__synth_split_src,bnb_flow_2169d0367bbd46__synth_split_b,22514.2216,11257.1108,212.0,one_to_many,0.95,supervised_flow_pair,Celer,semi_synthetic_split,1,11257.1108,11257.1108,
eth_flow_9aa62594845d44__r7fam21__inst00__synth_merge_src1,bnb_flow_2169d0367bbd46__synth_merge_dst,11257.1108,22514.2216,212.0,many_to_one,1.0,supervised_flow_pair,Celer,semi_synthetic_merge,,11257.1108,11257.1108,
eth_flow_9aa62594845d44__r7fam21__inst00__synth_merge_src2,bnb_flow_2169d0367bbd46__synth_merge_dst,11257.1108,22514.2216,212.0,many_to_one,1.0,supervised_flow_pair,Celer,semi_synthetic_merge,,11257.1108,11257.1108,
eth_flow_9aa62594845d44__r7fam21__inst00__synth_unmatched_src,bnb_flow_2169d0367bbd46__synth_hidden_dst,22514.2216,0,212.0,one_to_one,0.2,supervised_flow_pair,Celer,semi_synthetic_unmatched,,,0,0
eth_flow_9aa62594845d44__r7fam21__inst00__synth_noise_src_0,bnb_flow_2169d0367bbd46__synth_noise_dst_0,22514.2216,22506.69083152717,272,one_to_one,0.2292,supervised_flow_pair,Celer,semi_synthetic_delay_noise,,,,
eth_flow_9aa62594845d44__r7fam21__inst00__synth_noise_src_1,bnb_flow_2169d0367bbd46__synth_noise_dst_1,22514.2216,22506.69083152717,332,one_to_one,0.2299,supervised_flow_pair,Celer,semi_synthetic_delay_noise,,,,
eth_flow_2635cd99864f4f__r7fam21__inst01__synth_split_src,bnb_flow_0770bc8efb0246__synth_split_a,9738.751949866397,4869.375974933198,214.0,one_to_many,0.95,supervised_flow_pair,Celer,semi_synthetic_split,1,4869.375974933198,4869.375974933198,
eth_flow_2635cd99864f4f__r7fam21__inst01__synth_split_src,bnb_flow_0770bc8efb0246__synth_split_b,9738.751949866397,4869.375974933198,214.0,one_to_many,0.95,supervised_flow_pair,Celer,semi_synthetic_split,1,4869.375974933198,4869.375974933198,
eth_flow_2635cd99864f4f__r7fam21__inst01__synth_merge_src1,bnb_flow_0770bc8efb0246__synth_merge_dst,4869.375974933198,9738.751949866397,214.0,many_to_one,1.0,supervised_flow_pair,Celer,semi_synthetic_merge,,4869.375974933198,4869.375974933198,
eth_flow_2635cd99864f4f__r7fam21__inst01__synth_merge_src2,bnb_flow_0770bc8efb0246__synth_merge_dst,4869.375974933198,9738.751949866397,214.0,many_to_one,1.0,supervised_flow_pair,Celer,semi_synthetic_merge,,4869.375974933198,4869.375974933198,
eth_flow_2635cd99864f4f__r7fam21__inst01__synth_unmatched_src,bnb_flow_0770bc8efb0246__synth_hidden_dst,9738.751949866397,0,214.0,one_to_one,0.2,supervised_flow_pair,Celer,semi_synthetic_unmatched,,,0,0
eth_flow_2635cd99864f4f__r7fam21__inst01__synth_noise_src_0,bnb_flow_0770bc8efb0246__synth_noise_dst_0,9738.751949866397,9727.560174752933,274,one_to_one,0.2353,supervised_flow_pair,Celer,semi_synthetic_delay_noise,,,,
eth_flow_2635cd99864f4f__r7fam21__inst01__synth_noise_src_1,bnb_flow_0770bc8efb0246__synth_noise_dst_1,9738.751949866397,9727.560174752933,334,one_to_one,0.239,supervised_flow_pair,Celer,semi_synthetic_delay_noise,,,,
eth_flow_7b692036387f48__r7fam22__inst00__synth_split_src,bnb_flow_749753df04a04d__synth_split_a,17572.4236,5857.474533333333,230.0,one_to_many,0.95,supervised_flow_pair,Celer,semi_synthetic_split,1,5857.474533333333,5857.474533333333,
eth_flow_7b692036387f48__r7fam22__inst00__synth_split_src,bnb_flow_749753df04a04d__synth_split_b,17572.4236,5857.474533333333,230.0,one_to_many,0.95,supervised_flow_pair,Celer,semi_synthetic_split,1,5857.474533333333,5857.474533333333,
eth_flow_7b692036387f48__r7fam22__inst00__synth_split_src,bnb_flow_749753df04a04d__synth_split_c,17572.4236,5857.474533333333,230.0,one_to_many,0.95,supervised_flow_pair,Celer,semi_synthetic_split,1,5857.474533333333,5857.474533333333,
eth_flow_7b692036387f48__r7fam22__inst00__synth_merge_src1,bnb_flow_749753df04a04d__synth_merge_dst,8786.2118,17572.4236,230.0,many_to_one,1.0,supervised_flow_pair,Celer,semi_synthetic_merge,,8786.2118,8786.2118,
eth_flow_7b692036387f48__r7fam22__inst00__synth_merge_src2,bnb_flow_749753df04a04d__synth_merge_dst,8786.2118,17572.4236,230.0,many_to_one,1.0,supervised_flow_pair,Celer,semi_synthetic_merge,,8786.2118,8786.2118,
eth_flow_7b692036387f48__r7fam22__inst00__synth_unmatched_src,bnb_flow_749753df04a04d__synth_hidden_dst,17572.4236,0,230.0,one_to_one,0.2,supervised_flow_pair,Celer,semi_synthetic_unmatched,,,0,0
eth_flow_7b692036387f48__r7fam22__inst00__synth_noise_src_0,bnb_flow_749753df04a04d__synth_noise_dst_0,17572.4236,17515.530053999195,290,one_to_one,0.2492,supervised_flow_pair,Celer,semi_synthetic_delay_noise,,,,
eth_flow_7b692036387f48__r7fam22__inst00__synth_noise_src_1,bnb_flow_749753df04a04d__synth_noise_dst_1,17572.4236,17515.530053999195,350,one_to_one,0.2584,supervised_flow_pair,Celer,semi_synthetic_delay_noise,,,,
eth_flow_ec7d49320f504b__r7fam22__inst01__synth_split_src,bnb_flow_54eb5c21544341__synth_split_a,9950.0,4975.0,228.0,one_to_many,0.95,supervised_flow_pair,Celer,semi_synthetic_split,1,4975.0,4975.0,
eth_flow_ec7d49320f504b__r7fam22__inst01__synth_split_src,bnb_flow_54eb5c21544341__synth_split_b,9950.0,4975.0,228.0,one_to_many,0.95,supervised_flow_pair,Celer,semi_synthetic_split,1,4975.0,4975.0,
eth_flow_ec7d49320f504b__r7fam22__inst01__synth_merge_src1,bnb_flow_54eb5c21544341__synth_merge_dst,4975.0,9950.0,228.0,many_to_one,1.0,supervised_flow_pair,Celer,semi_synthetic_merge,,4975.0,4975.0,
eth_flow_ec7d49320f504b__r7fam22__inst01__synth_merge_src2,bnb_flow_54eb5c21544341__synth_merge_dst,4975.0,9950.0,228.0,many_to_one,1.0,supervised_flow_pair,Celer,semi_synthetic_merge,,4975.0,4975.0,
eth_flow_ec7d49320f504b__r7fam22__inst01__synth_unmatched_src,bnb_flow_54eb5c21544341__synth_hidden_dst,9950.0,0,228.0,one_to_one,0.2,supervised_flow_pair,Celer,semi_synthetic_unmatched,,,0,0
eth_flow_ec7d49320f504b__r7fam22__inst01__synth_noise_src_0,bnb_flow_54eb5c21544341__synth_noise_dst_0,9950.0,9915.83510114793,288,one_to_one,0.2421,supervised_flow_pair,Celer,semi_synthetic_delay_noise,,,,
eth_flow_ec7d49320f504b__r7fam22__inst01__synth_noise_src_1,bnb_flow_54eb5c21544341__synth_noise_dst_1,9950.0,9915.83510114793,348,one_to_one,0.2349,supervised_flow_pair,Celer,semi_synthetic_delay_noise,,,,
eth_flow_73803f29bda14a__r7fam23__inst00__synth_split_src,bnb_flow_7ad859234b0a46__synth_split_a,301540.0,100513.33333333333,319.0,one_to_many,0.95,supervised_flow_pair,Celer,semi_synthetic_split,1,100513.33333333333,100513.33333333333,
eth_flow_73803f29bda14a__r7fam23__inst00__synth_split_src,bnb_flow_7ad859234b0a46__synth_split_b,301540.0,100513.33333333333,319.0,one_to_many,0.95,supervised_flow_pair,Celer,semi_synthetic_split,1,100513.33333333333,100513.33333333333,
eth_flow_73803f29bda14a__r7fam23__inst00__synth_split_src,bnb_flow_7ad859234b0a46__synth_split_c,301540.0,100513.33333333333,319.0,one_to_many,0.95,supervised_flow_pair,Celer,semi_synthetic_split,1,100513.33333333333,100513.33333333333,
eth_flow_73803f29bda14a__r7fam23__inst00__synth_merge_src1,bnb_flow_7ad859234b0a46__synth_merge_dst,150770.0,301540.0,319.0,many_to_one,1.0,supervised_flow_pair,Celer,semi_synthetic_merge,,150770.0,150770.0,
eth_flow_73803f29bda14a__r7fam23__inst00__synth_merge_src2,bnb_flow_7ad859234b0a46__synth_merge_dst,150770.0,301540.0,319.0,many_to_one,1.0,supervised_flow_pair,Celer,semi_synthetic_merge,,150770.0,150770.0,
eth_flow_73803f29bda14a__r7fam23__inst00__synth_unmatched_src,bnb_flow_7ad859234b0a46__synth_hidden_dst,301540.0,0,319.0,one_to_one,0.2,supervised_flow_pair,Celer,semi_synthetic_unmatched,,,0,0
eth_flow_73803f29bda14a__r7fam23__inst00__synth_noise_src_0,bnb_flow_7ad859234b0a46__synth_noise_dst_0,301540.0,301210.53655154456,379,one_to_one,0.2235,supervised_flow_pair,Celer,semi_synthetic_delay_noise,,,,
eth_flow_73803f29bda14a__r7fam23__inst00__synth_noise_src_1,bnb_flow_7ad859234b0a46__synth_noise_dst_1,301540.0,301210.53655154456,439,one_to_one,0.2481,supervised_flow_pair,Celer,semi_synthetic_delay_noise,,,,
eth_flow_a0abd6d0af4241__r7fam23__inst01__synth_split_src,bnb_flow_0950fccdaa6045__synth_split_a,14560.7426,7280.3713,1246.0,one_to_many,0.95,supervised_flow_pair,Celer,semi_synthetic_split,1,7280.3713,7280.3713,
eth_flow_a0abd6d0af4241__r7fam23__inst01__synth_split_src,bnb_flow_0950fccdaa6045__synth_split_b,14560.7426,7280.3713,1246.0,one_to_many,0.95,supervised_flow_pair,Celer,semi_synthetic_split,1,7280.3713,7280.3713,
eth_flow_a0abd6d0af4241__r7fam23__inst01__synth_merge_src1,bnb_flow_0950fccdaa6045__synth_merge_dst,7280.3713,14560.7426,1246.0,many_to_one,1.0,supervised_flow_pair,Celer,semi_synthetic_merge,,7280.3713,7280.3713,
eth_flow_a0abd6d0af4241__r7fam23__inst01__synth_merge_src2,bnb_flow_0950fccdaa6045__synth_merge_dst,7280.3713,14560.7426,1246.0,many_to_one,1.0,supervised_flow_pair,Celer,semi_synthetic_merge,,7280.3713,7280.3713,
eth_flow_a0abd6d0af4241__r7fam23__inst01__synth_unmatched_src,bnb_flow_0950fccdaa6045__synth_hidden_dst,14560.7426,0,1246.0,one_to_one,0.2,supervised_flow_pair,Celer,semi_synthetic_unmatched,,,0,0
eth_flow_a0abd6d0af4241__r7fam23__inst01__synth_noise_src_0,bnb_flow_0950fccdaa6045__synth_noise_dst_0,14560.7426,14512.748579957108,1306,one_to_one,0.2595,supervised_flow_pair,Celer,semi_synthetic_delay_noise,,,,
eth_flow_a0abd6d0af4241__r7fam23__inst01__synth_noise_src_1,bnb_flow_0950fccdaa6045__synth_noise_dst_1,14560.7426,14512.748579957108,1366,one_to_one,0.225,supervised_flow_pair,Celer,semi_synthetic_delay_noise,,,,
