method,variant,bridge,omitted_component,is_primary_cost,n_seeds,seeds,mean_macro_edge_f1,std_macro_edge_f1,mean_precision,std_precision,mean_recall,std_recall,baseline_primary_cost_f1,delta_f1_vs_primary_cost,baseline_full_d6_f1,delta_f1_vs_full_d6,per_seed_f1_json,per_seed_delta_vs_primary_json,n_seeds_with_negative_delta,n_seeds_with_positive_delta
CONDITIONAL_UOT_D4,FULL_D6,Celer,none,False,5,"201,202,203,204,205",0.23757311513647528,0.005649731589538076,0.14735793805630762,0.002712332644677087,0.6180555555555556,0.023677398779489326,0.3190860215053763,-0.08151290636890102,0.23757311513647528,0.0,"{""201"": 0.23697669352389875, ""202"": 0.237987303710452, ""203"": 0.24440484084880634, ""204"": 0.22884604316137716, ""205"": 0.23965069443784218}","{""201"": -0.08291577959438076, ""202"": -0.07652882532180602, ""203"": -0.07414354624796785, ""204"": -0.09239051597840778, ""205"": -0.08158586470194276}",5,0
CONDITIONAL_UOT_D4,FULL_D6,Multi,none,False,5,"201,202,203,204,205",0.18538541676650414,0.006462101478974128,0.11678893704174445,0.0038972245165618704,0.4541666666666666,0.019081432866714047,0.3029753176930596,-0.11758990092655544,0.18538541676650414,0.0,"{""201"": 0.18282676017874033, ""202"": 0.1899317033181049, ""203"": 0.17714733511079292, ""204"": 0.18339109602058015, ""205"": 0.19363018920430233}","{""201"": -0.11799649250943167, ""202"": -0.12298832356361547, ""203"": -0.1318244390827554, ""204"": -0.09576640642321257, ""205"": -0.11937384305376217}",5,0
CONDITIONAL_UOT_D4,FULL_D6,Poly,none,False,5,"201,202,203,204,205",0.242969867600002,0.004587156579124912,0.14974487947501441,0.002459899712921644,0.6444444444444445,0.01780677972910846,0.3166666666666666,-0.0736967990666646,0.24296986760000197,2.7755575615628914e-17,"{""201"": 0.2451957614942529, ""202"": 0.24479166666666666, ""203"": 0.24739583333333334, ""204"": 0.24192708333333335, ""205"": 0.2355389931724237}","{""201"": -0.07066445355951048, ""202"": -0.07106854838709672, ""203"": -0.07115255376344085, ""204"": -0.07527721774193541, ""205"": -0.08032122188133975}",5,0
CONDITIONAL_UOT_D4,LOCO_AMOUNT,Celer,amount,True,5,"201,202,203,204,205",0.31908602150537635,0.002787156095877398,0.1978333333333333,0.0017280367794439485,0.8243055555555555,0.007200153247683254,0.3190860215053763,5.551115123125783e-17,0.23757311513647528,0.08151290636890107,"{""201"": 0.3198924731182795, ""202"": 0.314516129032258, ""203"": 0.3185483870967742, ""204"": 0.32123655913978494, ""205"": 0.32123655913978494}","{""201"": 0.0, ""202"": 0.0, ""203"": 0.0, ""204"": 0.0, ""205"": 0.0}",0,0
CONDITIONAL_UOT_D4,LOCO_AMOUNT,Multi,amount,True,5,"201,202,203,204,205",0.3029753176930596,0.014206948601556742,0.1893333333333333,0.008114844080106808,0.7736111111111111,0.03892917060603876,0.3029753176930596,0.0,0.18538541676650414,0.11758990092655544,"{""201"": 0.300823252688172, ""202"": 0.3129200268817204, ""203"": 0.3089717741935483, ""204"": 0.2791575024437927, ""205"": 0.3130040322580645}","{""201"": 0.0, ""202"": 0.0, ""203"": 0.0, ""204"": 0.0, ""205"": 0.0}",0,0
CONDITIONAL_UOT_D4,LOCO_AMOUNT,Poly,amount,True,5,"201,202,203,204,205",0.31666666666666665,0.0012021870846773176,0.1963333333333333,0.0007453559924999425,0.8180555555555555,0.003105649968749647,0.3166666666666666,5.551115123125783e-17,0.24296986760000197,0.07369679906666468,"{""201"": 0.3158602150537634, ""202"": 0.3158602150537634, ""203"": 0.3185483870967742, ""204"": 0.31720430107526876, ""205"": 0.31586021505376344}","{""201"": 0.0, ""202"": 0.0, ""203"": 0.0, ""204"": 0.0, ""205"": 0.0}",0,0
CONDITIONAL_UOT_D4,LOCO_EVIDENCE,Celer,evidence,False,5,"201,202,203,204,205",0.23871217068575823,0.003059502055759783,0.14805128627411238,0.0015746610987583363,0.6201388888888888,0.01711632992203643,0.3190860215053763,-0.08037385081961806,0.23757311513647528,0.0011390555492829524,"{""201"": 0.23933164883874003, ""202"": 0.23820851786815808, ""203"": 0.24350685234305924, ""204"": 0.2353190258533221, ""205"": 0.23719480852551164}","{""201"": -0.08056082427953948, ""202"": -0.07630761116409993, ""203"": -0.07504153475371494, ""204"": -0.08591753328646284, ""205"": -0.0840417506142733}",5,0
CONDITIONAL_UOT_D4,LOCO_EVIDENCE,Multi,evidence,False,5,"201,202,203,204,205",0.1840081449606311,0.008062852138307913,0.11592893020075937,0.004888025574630284,0.4506944444444444,0.02295346372366447,0.3029753176930596,-0.11896717273242849,0.18538541676650414,-0.0013772718058730482,"{""201"": 0.18163870713185107, ""202"": 0.18862961998477157, ""203"": 0.17442075035295812, ""204"": 0.1801179072261525, ""205"": 0.1952337401074222}","{""201"": -0.11918454555632094, ""202"": -0.12429040689694881, ""203"": -0.1345510238405902, ""204"": -0.09903959521764022, ""205"": -0.1177702921506423}",5,0
CONDITIONAL_UOT_D4,LOCO_EVIDENCE,Poly,evidence,False,5,"201,202,203,204,205",0.24447824178300853,0.004447145408168841,0.15066444601958096,0.0023607020630647874,0.648611111111111,0.01760248868838412,0.3166666666666666,-0.07218842488365806,0.24296986760000197,0.0015083741830065611,"{""201"": 0.2451957614942529, ""202"": 0.24869791666666666, ""203"": 0.24609375, ""204"": 0.2454861111111111, ""205"": 0.23691766964301195}","{""201"": -0.07066445355951048, ""202"": -0.06716229838709672, ""203"": -0.07245463709677419, ""204"": -0.07171818996415766, ""205"": -0.07894254541075149}",5,0
CONDITIONAL_UOT_D4,LOCO_NOVELTY,Celer,novelty,False,5,"201,202,203,204,205",0.23665281311312986,0.005032590299517293,0.14695795629491284,0.002588317269313236,0.6124999999999999,0.023240556292613193,0.3190860215053763,-0.08243320839224644,0.23757311513647528,-0.0009203020233454207,"{""201"": 0.23617476773623514, ""202"": 0.2428918601984161, ""203"": 0.24000469717064546, ""204"": 0.2299288654031771, ""205"": 0.2342638750571755}","{""201"": -0.08371770538204437, ""202"": -0.0716242688338419, ""203"": -0.07854368992612873, ""204"": -0.09130769373660783, ""205"": -0.08697268408260944}",5,0
CONDITIONAL_UOT_D4,LOCO_NOVELTY,Multi,novelty,False,5,"201,202,203,204,205",0.17827096366348516,0.008752327098241789,0.11257692950477809,0.005302678695624189,0.4333333333333333,0.02496621946145493,0.3029753176930596,-0.12470435402957442,0.18538541676650414,-0.007114453103018975,"{""201"": 0.1693615689474548, ""202"": 0.18603077107665542, ""203"": 0.17295243937618907, ""204"": 0.17383638011129202, ""205"": 0.1891736588058345}","{""201"": -0.1314616837407172, ""202"": -0.12688925580506497, ""203"": -0.13601933481735926, ""204"": -0.10532112233250071, ""205"": -0.12383037345223}",5,0
CONDITIONAL_UOT_D4,LOCO_NOVELTY,Poly,novelty,False,5,"201,202,203,204,205",0.24462310720043984,0.003293868746136769,0.15077883947636572,0.0016618363012854502,0.648611111111111,0.014400306495366466,0.3166666666666666,-0.07204355946622676,0.24296986760000197,0.0016532396004378669,"{""201"": 0.2451957614942529, ""202"": 0.24739583333333334, ""203"": 0.24739583333333334, ""204"": 0.24368286466885603, ""205"": 0.2394452431724237}","{""201"": -0.07066445355951048, ""202"": -0.06846438172043004, ""203"": -0.07115255376344085, ""204"": -0.07352143640641273, ""205"": -0.07641497188133975}",5,0
CONDITIONAL_UOT_D4,LOCO_RISK,Celer,risk,False,5,"201,202,203,204,205",0.23564723273387322,0.006378015033717375,0.1462419382798219,0.0032729203258467627,0.6097222222222222,0.027842805828790895,0.3190860215053763,-0.08343878877150307,0.23757311513647528,-0.0019258824026020527,"{""201"": 0.23407691147454077, ""202"": 0.24224666596480868, ""203"": 0.24040879199823165, ""204"": 0.2259510218310682, ""205"": 0.23555277240071684}","{""201"": -0.08581556164373874, ""202"": -0.07226946306744933, ""203"": -0.07813959509854254, ""204"": -0.09528553730871675, ""205"": -0.0856837867390681}",5,0
CONDITIONAL_UOT_D4,LOCO_RISK,Multi,risk,False,5,"201,202,203,204,205",0.18059211341710837,0.006830785896767809,0.11387325171392146,0.004114826294230671,0.4409722222222222,0.019794712241304496,0.3029753176930596,-0.1223832042759512,0.18538541676650414,-0.004793303349395761,"{""201"": 0.17528788169876988, ""202"": 0.18540914154877589, ""203"": 0.1740527395323611, ""204"": 0.17828088056553715, ""205"": 0.18992992374009776}","{""201"": -0.12553537098940212, ""202"": -0.1275108853329445, ""203"": -0.1349190346611872, ""204"": -0.10087662187825558, ""205"": -0.12307410851796674}",5,0
CONDITIONAL_UOT_D4,LOCO_RISK,Poly,risk,False,5,"201,202,203,204,205",0.242528797232461,0.006353250666828965,0.14944263542277036,0.0035633395312738847,0.6437499999999999,0.02217877697593235,0.3166666666666666,-0.07413786943420558,0.24296986760000197,-0.00044107036754095774,"{""201"": 0.2451957614942529, ""202"": 0.24479166666666666, ""203"": 0.24609375, ""204"": 0.24536773989898988, ""205"": 0.23119506810239568}","{""201"": -0.07066445355951048, ""202"": -0.07106854838709672, ""203"": -0.07245463709677419, ""204"": -0.07183656117627887, ""205"": -0.08466514695136776}",5,0
CONDITIONAL_UOT_D4,LOCO_ROUTE,Celer,route,False,5,"201,202,203,204,205",0.2327116260260298,0.0064994199751358265,0.14459382250670613,0.003313208988449659,0.6006944444444444,0.027993950514925474,0.3190860215053763,-0.0863743954793465,0.23757311513647528,-0.004861489110445483,"{""201"": 0.22926866895078102, ""202"": 0.2403698321219525, ""203"": 0.23840558687002653, ""204"": 0.2248458052086102, ""205"": 0.23066823697877878}","{""201"": -0.09062380416749849, ""202"": -0.0741462969103055, ""203"": -0.08014280022674766, ""204"": -0.09639075393117474, ""205"": -0.09056832216100616}",5,0
CONDITIONAL_UOT_D4,LOCO_ROUTE,Multi,route,False,5,"201,202,203,204,205",0.1762600521478252,0.00810913962712847,0.11141031596475381,0.00477613425632818,0.4263888888888888,0.025206515851224354,0.3029753176930596,-0.12671526554523438,0.18538541676650414,-0.009125364618678938,"{""201"": 0.17147099928095355, ""202"": 0.17976069516757087, ""203"": 0.17186352249939407, ""204"": 0.1692955266480248, ""205"": 0.18890951714318258}","{""201"": -0.12935225340721845, ""202"": -0.1331593317141495, ""203"": -0.13710825169415425, ""204"": -0.10986197579576792, ""205"": -0.12409451511488193}",5,0
CONDITIONAL_UOT_D4,LOCO_ROUTE,Poly,route,False,5,"201,202,203,204,205",0.24208350711498952,0.007386259699731149,0.14927352890668108,0.0039650782651031785,0.6409722222222222,0.028484922641657844,0.3166666666666666,-0.07458315955167708,0.24296986760000197,-0.0008863604850124496,"{""201"": 0.24389367816091956, ""202"": 0.24609375, ""203"": 0.24609375, ""204"": 0.24536773989898988, ""205"": 0.22896861751503828}","{""201"": -0.07196653689284382, ""202"": -0.06976646505376338, ""203"": -0.07245463709677419, ""204"": -0.07183656117627887, ""205"": -0.08689159753872516}",5,0
CONDITIONAL_UOT_D4,LOCO_TIME,Celer,time,False,5,"201,202,203,204,205",0.13605182810011432,0.00214959508182808,0.08591251611216628,0.0017261655269784242,0.3354166666666666,0.006768607183895125,0.3190860215053763,-0.18303419340526197,0.23757311513647528,-0.10152128703636096,"{""201"": 0.13394631078366, ""202"": 0.1385405394825584, ""203"": 0.1381270887468201, ""204"": 0.134309063009355, ""205"": 0.1353361384781781}","{""201"": -0.1859461623346195, ""202"": -0.1759755895496996, ""203"": -0.1804212983499541, ""204"": -0.18692749613042994, ""205"": -0.18590042066160684}",5,0
CONDITIONAL_UOT_D4,LOCO_TIME,Multi,time,False,5,"201,202,203,204,205",0.13408042624932237,0.0015461852446731746,0.083926854354578,0.0011140814214473675,0.3354166666666666,0.003105649968749697,0.3029753176930596,-0.1688948914437372,0.18538541676650414,-0.051304990517181764,"{""201"": 0.13402184417659468, ""202"": 0.13423670548583988, ""203"": 0.1357117094863897, ""204"": 0.131575946937412, ""205"": 0.13485592516037562}","{""201"": -0.16680140851157732, ""202"": -0.1786833213958805, ""203"": -0.17326006470715863, ""204"": -0.14758155550638072, ""205"": -0.17814810709768888}",5,0
CONDITIONAL_UOT_D4,LOCO_TIME,Poly,time,False,5,"201,202,203,204,205",0.13377118292720322,0.002045539462349636,0.08374493418921206,0.0015131108914535065,0.3347222222222222,0.003105649968749697,0.3166666666666666,-0.18289548373946338,0.24296986760000197,-0.10919868467279875,"{""201"": 0.13591240129506368, ""202"": 0.13385540964737755, ""203"": 0.13251979787076654, ""204"": 0.13553189127438292, ""205"": 0.13103641454842543}","{""201"": -0.1799478137586997, ""202"": -0.18200480540638583, ""203"": -0.18602858922600765, ""204"": -0.18167240980088584, ""205"": -0.184823800505338}",5,0
RAW_UOT_PLAN_D4,FULL_D6,Celer,none,False,5,"201,202,203,204,205",0.23793016907999992,0.007653183264187116,0.14923825228716533,0.005425289580616581,0.6138888888888887,0.030998214056480063,0.243631100082713,-0.005700931002713072,0.23793016907999992,0.0,"{""201"": 0.23874093989760703, ""202"": 0.24312896255245395, ""203"": 0.24553178299962922, ""204"": 0.2258244180388577, ""205"": 0.23642474191145169}","{""201"": -0.0026258921950315095, ""202"": 0.01251481863185841, ""203"": -0.012532733129403034, ""204"": -0.015542414053780845, ""205"": -0.010318434267208354}",4,1
RAW_UOT_PLAN_D4,FULL_D6,Multi,none,False,5,"201,202,203,204,205",0.18246902604133752,0.006145245894944851,0.11442318141287222,0.003816443336641295,0.45486111111111105,0.01610003211023562,0.21058906893584312,-0.028120042894505592,0.18246902604133752,0.0,"{""201"": 0.17830184682949668, ""202"": 0.190452872819565, ""203"": 0.1780086764499422, ""204"": 0.177798517170099, ""205"": 0.1877832169375847}","{""201"": -0.025251991804987134, ""202"": -0.037017054952782125, ""203"": -0.036140413707212465, ""204"": -0.009468852556948126, ""205"": -0.032721901450598195}",5,0
RAW_UOT_PLAN_D4,FULL_D6,Poly,none,False,5,"201,202,203,204,205",0.24120000150711357,0.007576056793804848,0.14857949853420868,0.004385586970742758,0.6409722222222222,0.024379846779919414,0.25806451612903225,-0.01686451462191868,0.24120000150711357,0.0,"{""201"": 0.23868534482758622, ""202"": 0.24479166666666666, ""203"": 0.24739583333333334, ""204"": 0.24609375, ""205"": 0.2290334127079817}","{""201"": -0.019379171301446035, ""202"": -0.013272849462365593, ""203"": -0.010668682795698908, ""204"": -0.011970766129032251, ""205"": -0.029031103421050558}",5,0
RAW_UOT_PLAN_D4,LOCO_AMOUNT,Celer,amount,True,5,"201,202,203,204,205",0.243631100082713,0.009971252218018438,0.15116666666666667,0.006130099917619604,0.6277777777777777,0.02648920989272312,0.243631100082713,0.0,0.23793016907999992,0.005700931002713072,"{""201"": 0.24136683209263854, ""202"": 0.23061414392059554, ""203"": 0.25806451612903225, ""204"": 0.24136683209263854, ""205"": 0.24674317617866004}","{""201"": 0.0, ""202"": 0.0, ""203"": 0.0, ""204"": 0.0, ""205"": 0.0}",0,0
RAW_UOT_PLAN_D4,LOCO_AMOUNT,Multi,amount,True,5,"201,202,203,204,205",0.21058906893584312,0.015727057117227394,0.1343680555555556,0.010008026292820073,0.5208333333333333,0.044398305043556956,0.21058906893584312,0.0,0.18246902604133752,0.028120042894505592,"{""201"": 0.2035538386344838, ""202"": 0.22746992777234712, ""203"": 0.21414909015715466, ""204"": 0.18726736972704713, ""205"": 0.2205051183881829}","{""201"": 0.0, ""202"": 0.0, ""203"": 0.0, ""204"": 0.0, ""205"": 0.0}",0,0
RAW_UOT_PLAN_D4,LOCO_AMOUNT,Poly,amount,True,5,"201,202,203,204,205",0.25806451612903225,0.0,0.16,0.0,0.6666666666666666,0.0,0.25806451612903225,0.0,0.24120000150711357,0.01686451462191868,"{""201"": 0.25806451612903225, ""202"": 0.25806451612903225, ""203"": 0.25806451612903225, ""204"": 0.25806451612903225, ""205"": 0.25806451612903225}","{""201"": 0.0, ""202"": 0.0, ""203"": 0.0, ""204"": 0.0, ""205"": 0.0}",0,0
RAW_UOT_PLAN_D4,LOCO_EVIDENCE,Celer,evidence,False,5,"201,202,203,204,205",0.23783947553025464,0.005509528269200348,0.14916134399014835,0.005092114960723729,0.6138888888888888,0.02372826328231927,0.243631100082713,-0.005791624552458352,0.23793016907999992,-9.069354974527988e-05,"{""201"": 0.24079088647880362, ""202"": 0.24299426427659188, ""203"": 0.24162553299962922, ""204"": 0.23115516946335912, ""205"": 0.23263152443288937}","{""201"": -0.0005759456138349217, ""202"": 0.012380120355996338, ""203"": -0.016438983129403034, ""204"": -0.010211662629279417, ""205"": -0.01411165174577067}",4,1
RAW_UOT_PLAN_D4,LOCO_EVIDENCE,Multi,evidence,False,5,"201,202,203,204,205",0.1819717911295911,0.0056465931237448495,0.1141724780099949,0.0035751493609193015,0.45277777777777767,0.014018492526518303,0.21058906893584312,-0.028617277806252006,0.18246902604133752,-0.0004972349117464137,"{""201"": 0.18090601349616334, ""202"": 0.1877698315499576, ""203"": 0.1780086764499422, ""204"": 0.17539121721430764, ""205"": 0.1877832169375847}","{""201"": -0.022647825138320477, ""202"": -0.039700096222389514, ""203"": -0.036140413707212465, ""204"": -0.01187615251273949, ""205"": -0.032721901450598195}",5,0
RAW_UOT_PLAN_D4,LOCO_EVIDENCE,Poly,evidence,False,5,"201,202,203,204,205",0.2404187515071136,0.009329832167313097,0.14809872930343945,0.005445768458552622,0.6388888888888887,0.029257464490195683,0.25806451612903225,-0.017645764621918664,0.24120000150711357,-0.0007812499999999833,"{""201"": 0.24389367816091956, ""202"": 0.24348958333333334, ""203"": 0.24609375, ""204"": 0.24479166666666666, ""205"": 0.22382507937464835}","{""201"": -0.014170837968112693, ""202"": -0.014574932795698908, ""203"": -0.011970766129032251, ""204"": -0.013272849462365593, ""205"": -0.0342394367543839}",5,0
RAW_UOT_PLAN_D4,LOCO_NOVELTY,Celer,novelty,False,5,"201,202,203,204,205",0.2359349200636974,0.008150513432020534,0.14802197068229678,0.005640981799036006,0.6083333333333332,0.03157622928997129,0.243631100082713,-0.007696180019015592,0.23793016907999992,-0.0019952490163025194,"{""201"": 0.24004302323094037, ""202"": 0.24158575267591073, ""203"": 0.24076954718205412, ""204"": 0.22204058613002578, ""205"": 0.23523569109955603}","{""201"": -0.001323808861698167, ""202"": 0.010971608755315193, ""203"": -0.01729496894697813, ""204"": -0.01932624596261276, ""205"": -0.011507485079104013}",4,1
RAW_UOT_PLAN_D4,LOCO_NOVELTY,Multi,novelty,False,5,"201,202,203,204,205",0.17569754381149189,0.008024135382837605,0.11062561317483857,0.004970588692000179,0.43194444444444446,0.021488539509396963,0.21058906893584312,-0.03489152512435123,0.18246902604133752,-0.006771482229845638,"{""201"": 0.17693684574866553, ""202"": 0.1824576283210877, ""203"": 0.17534886724855084, ""204"": 0.16236103419490053, ""205"": 0.1813833435442549}","{""201"": -0.026616992885818286, ""202"": -0.045012299451259424, ""203"": -0.038800222908603826, ""204"": -0.024906335532146606, ""205"": -0.03912177484392801}",5,0
RAW_UOT_PLAN_D4,LOCO_NOVELTY,Poly,novelty,False,5,"201,202,203,204,205",0.24038347727464107,0.009172439352194105,0.14807300967814463,0.005367384347528085,0.6388888888888887,0.028527216536727407,0.25806451612903225,-0.01768103885439118,0.24120000150711357,-0.0008165242324724986,"{""201"": 0.23998742816091956, ""202"": 0.24348958333333334, ""203"": 0.24479166666666666, ""204"": 0.24869791666666666, ""205"": 0.22495079154561912}","{""201"": -0.018077087968112693, ""202"": -0.014574932795698908, ""203"": -0.013272849462365593, ""204"": -0.009366599462365593, ""205"": -0.033113724583413134}",5,0
RAW_UOT_PLAN_D4,LOCO_RISK,Celer,risk,False,5,"201,202,203,204,205",0.23947110244254471,0.00788009456773692,0.1496650712411582,0.005960470220947689,0.6194444444444442,0.02805847757060681,0.243631100082713,-0.004159997640168278,0.23793016907999992,0.001540933362544794,"{""201"": 0.2434762583426029, ""202"": 0.2457124612297026, ""203"": 0.24597788051538746, ""204"": 0.22878002759626748, ""205"": 0.2334088845287631}","{""201"": 0.0021094262499643524, ""202"": 0.015098317309107073, ""203"": -0.012086635613644786, ""204"": -0.012586804496371062, ""205"": -0.01333429164989694}",3,2
RAW_UOT_PLAN_D4,LOCO_RISK,Multi,risk,False,5,"201,202,203,204,205",0.18062433826833751,0.006044975914321547,0.11352686948401407,0.003685952236112746,0.44652777777777775,0.01729152721942878,0.21058906893584312,-0.0299647306675056,0.18246902604133752,-0.0018446877730000089,"{""201"": 0.17857124338122085, ""202"": 0.1883817685034894, ""203"": 0.17721331520199476, ""204"": 0.17366780718131758, ""205"": 0.18528755707366504}","{""201"": -0.024982595253262962, ""202"": -0.039088159268857725, ""203"": -0.0369357749551599, ""204"": -0.013599562545729554, ""205"": -0.035217561314517865}",5,0
RAW_UOT_PLAN_D4,LOCO_RISK,Poly,risk,False,5,"201,202,203,204,205",0.24112535393246598,0.009245132770574658,0.14852033409286033,0.0054230442965902,0.6409722222222222,0.028590540069776266,0.25806451612903225,-0.01693916219656627,0.24120000150711357,-7.464757464759053e-05,"{""201"": 0.24389367816091956, ""202"": 0.24479166666666666, ""203"": 0.24739583333333334, ""204"": 0.24479166666666666, ""205"": 0.2247539248347438}","{""201"": -0.014170837968112693, ""202"": -0.013272849462365593, ""203"": -0.010668682795698908, ""204"": -0.013272849462365593, ""205"": -0.033310591294288455}",5,0
RAW_UOT_PLAN_D4,LOCO_ROUTE,Celer,route,False,5,"201,202,203,204,205",0.23665164690160462,0.006636461299949975,0.1481201795386578,0.00583683700248577,0.611111111111111,0.024429248749080368,0.243631100082713,-0.006979453181108375,0.23793016907999992,-0.0012785221783953027,"{""201"": 0.2395700083426029, ""202"": 0.24299426427659188, ""203"": 0.24113163932146828, ""204"": 0.22723681771972423, ""205"": 0.2323255048476359}","{""201"": -0.0017968237500356476, ""202"": 0.012380120355996338, ""203"": -0.016932876807563974, ""204"": -0.014130014372914307, ""205"": -0.014417671331024146}",4,1
RAW_UOT_PLAN_D4,LOCO_ROUTE,Multi,route,False,5,"201,202,203,204,205",0.175967202471915,0.006893921177915438,0.11095087107287074,0.004046718964958075,0.4298611111111111,0.022287231299835016,0.21058906893584312,-0.03462186646392812,0.18246902604133752,-0.006501823569422527,"{""201"": 0.1759467157297535, ""202"": 0.178710918387237, ""203"": 0.17530434952686527, ""204"": 0.16544980583872174, ""205"": 0.18442422287699753}","{""201"": -0.027607122904730302, ""202"": -0.04875900938511013, ""203"": -0.03884474063028939, ""204"": -0.021817563888325398, ""205"": -0.036080895511185374}",5,0
RAW_UOT_PLAN_D4,LOCO_ROUTE,Poly,route,False,5,"201,202,203,204,205",0.2404293744649348,0.009337573332612563,0.14815264019255775,0.005344295529019126,0.6381944444444444,0.0309008270295652,0.25806451612903225,-0.017635141664097465,0.24120000150711357,-0.0007706270421787842,"{""201"": 0.24259159482758622, ""202"": 0.24479166666666666, ""203"": 0.24609375, ""204"": 0.24479166666666666, ""205"": 0.2238781941637545}","{""201"": -0.015472921301446035, ""202"": -0.013272849462365593, ""203"": -0.011970766129032251, ""204"": -0.013272849462365593, ""205"": -0.03418632196527774}",5,0
RAW_UOT_PLAN_D4,LOCO_TIME,Celer,time,False,5,"201,202,203,204,205",0.13513652138388363,0.007735507196224789,0.09104270951506707,0.015811037623997402,0.3263888888888889,0.014934592477504569,0.243631100082713,-0.10849457869882936,0.23793016907999992,-0.10279364769611629,"{""201"": 0.1349688168903487, ""202"": 0.12235134045015394, ""203"": 0.13705109658102088, ""204"": 0.14303007805220913, ""205"": 0.13828127494568557}","{""201"": -0.10639801520228984, ""202"": -0.1082628034704416, ""203"": -0.12101341954801137, ""204"": -0.09833675404042941, ""205"": -0.10846190123297447}",5,0
RAW_UOT_PLAN_D4,LOCO_TIME,Multi,time,False,5,"201,202,203,204,205",0.1340618931296686,0.000556620695317949,0.08395674774491615,0.00045912214432811355,0.3347222222222222,0.003105649968749697,0.21058906893584312,-0.07652717580617452,0.18246902604133752,-0.048407132911668926,"{""201"": 0.13392760791242084, ""202"": 0.13337653505803984, ""203"": 0.1339524671143136, ""204"": 0.13413399992278485, ""205"": 0.13491885564078387}","{""201"": -0.06962623072206298, ""202"": -0.09409339271430728, ""203"": -0.08019662304284106, ""204"": -0.05313336980426228, ""205"": -0.08558626274739903}",5,0
RAW_UOT_PLAN_D4,LOCO_TIME,Poly,time,False,5,"201,202,203,204,205",0.13413556474385774,0.0022645255202164887,0.083946111538973,0.001647432360497993,0.3361111111111111,0.00380362887156364,0.25806451612903225,-0.12392895138517451,0.24120000150711357,-0.10706443676325583,"{""201"": 0.1366674718418009, ""202"": 0.1346872466322318, ""203"": 0.1325447524459158, ""204"": 0.13564223232222397, ""205"": 0.13113612047711617}","{""201"": -0.12139704428723136, ""202"": -0.12337726949680045, ""203"": -0.12551976368311646, ""204"": -0.12242228380680828, ""205"": -0.12692839565191608}",5,0
