bridge,seed,solver_call_id,reg,reg_m,numItermax,stopThr,iterations,final_err,converged,hit_max_iter,runtime_sec,marginal_violation_row_l1,marginal_violation_col_l1,marginal_violation_row_max,marginal_violation_col_max,transport_mass_total,plan_sha256,cost_matrix_sha256,solver_invocations_for_this_cell,kkt
Celer,411,UOT|Celer|411|eps0.05|lam0.5,0.05,0.5,20000,1e-11,131,8.807034699043408e-12,True,False,0.04395413398742676,0.2516073221378299,0.2516073221378296,0.024856986327826264,0.024423374213674062,0.7483926778621701,4904d2c079355c6cdea11d9716b96960fca3cc00905b752342f5b3ab7c0c3a3a,48e8fecb8ad7cfa9121ede014df329b36556a9cfa15ec9bba547c712e5c91d77,1,"{'definition': ""KKT marginal residual of the entropic UNBALANCED OT optimum as POT solves it (reg_type='kl', K_eff = exp(-C/reg) * a outer b): max|P1 - a*u^(-reg/reg_m)| and max|P^T1 - b*v^(-reg/reg_m)|"", 'pot_reg_type': 'kl (POT default since 0.9.5)', 'effective_kernel': 'exp(-C/reg) * outer(a, b)', 'marginal_kkt_row_max': 2.742667204458371e-13, 'marginal_kkt_col_max': 2.757100103778498e-13, 'marginal_kkt_max': 2.757100103778498e-13, 'plan_reconstruction_abs_err': 5.506012312750386e-14, 'plan_reconstruction_rel_err': 2.8736461674636493e-12, 'n_iter': 187, 'balanced_marginal_row_max': 0.024856986327826264, 'balanced_marginal_col_max': 0.024423374213674062, 'note': ""the 'balanced' figures are reported only to document that a raw |P1-a| check is not the right diagnostic for an unbalanced solve""}"
Celer,412,UOT|Celer|412|eps0.05|lam0.5,0.05,0.5,20000,1e-11,131,9.063762260771562e-12,True,False,0.032334327697753906,0.2781302570615727,0.27813025706157285,0.016730251522097936,0.015294454093615198,0.7218697429384273,bcae718c8ba9e819975b7bde7a0b10bb257fc244844ecc0d7e5e3062caeeefc9,b3921f5d05d1b9e80ebbca07e67b950f9470ae3803a47da35e50bba742a92319,1,"{'definition': ""KKT marginal residual of the entropic UNBALANCED OT optimum as POT solves it (reg_type='kl', K_eff = exp(-C/reg) * a outer b): max|P1 - a*u^(-reg/reg_m)| and max|P^T1 - b*v^(-reg/reg_m)|"", 'pot_reg_type': 'kl (POT default since 0.9.5)', 'effective_kernel': 'exp(-C/reg) * outer(a, b)', 'marginal_kkt_row_max': 1.7302825838783065e-13, 'marginal_kkt_col_max': 1.7401358132218547e-13, 'marginal_kkt_max': 1.7401358132218547e-13, 'plan_reconstruction_abs_err': 3.474477650033947e-14, 'plan_reconstruction_rel_err': 3.1425409361183937e-12, 'n_iter': 186, 'balanced_marginal_row_max': 0.016730251522097936, 'balanced_marginal_col_max': 0.015294454093615198, 'note': ""the 'balanced' figures are reported only to document that a raw |P1-a| check is not the right diagnostic for an unbalanced solve""}"
Celer,413,UOT|Celer|413|eps0.05|lam0.5,0.05,0.5,20000,1e-11,131,8.573271927172235e-12,True,False,0.05040311813354492,0.26394470078991816,0.26394470078991833,0.019058461304634816,0.020199337505153778,0.7360552992100817,f349618305817b02a0872a3ca3323afd60eb164c54a28c08755fe7aac8146dbf,479535d76db0b6e9121633283121665df3511fea1372de1ba7179fb9306f60ca,1,"{'definition': ""KKT marginal residual of the entropic UNBALANCED OT optimum as POT solves it (reg_type='kl', K_eff = exp(-C/reg) * a outer b): max|P1 - a*u^(-reg/reg_m)| and max|P^T1 - b*v^(-reg/reg_m)|"", 'pot_reg_type': 'kl (POT default since 0.9.5)', 'effective_kernel': 'exp(-C/reg) * outer(a, b)', 'marginal_kkt_row_max': 2.094505124894397e-13, 'marginal_kkt_col_max': 2.0990154059319366e-13, 'marginal_kkt_max': 2.0990154059319366e-13, 'plan_reconstruction_abs_err': 4.191438862655161e-14, 'plan_reconstruction_rel_err': 3.5113818415828494e-12, 'n_iter': 185, 'balanced_marginal_row_max': 0.019058461304634816, 'balanced_marginal_col_max': 0.020199337505153778, 'note': ""the 'balanced' figures are reported only to document that a raw |P1-a| check is not the right diagnostic for an unbalanced solve""}"
Celer,414,UOT|Celer|414|eps0.05|lam0.5,0.05,0.5,20000,1e-11,131,9.114117901724375e-12,True,False,0.031055450439453125,0.2875020904513679,0.28750209045136776,0.03185431960028583,0.03323035607721157,0.712497909548632,fadc703814889ebb8cb45e0695f1f06a64b7a71d15a0434f0fa0c01e6fce9ef6,6f964743eeb2c285f4121a62545d8aecbabe3cbfb222113bf7604b75ed98dce8,1,"{'definition': ""KKT marginal residual of the entropic UNBALANCED OT optimum as POT solves it (reg_type='kl', K_eff = exp(-C/reg) * a outer b): max|P1 - a*u^(-reg/reg_m)| and max|P^T1 - b*v^(-reg/reg_m)|"", 'pot_reg_type': 'kl (POT default since 0.9.5)', 'effective_kernel': 'exp(-C/reg) * outer(a, b)', 'marginal_kkt_row_max': 3.3920088959860095e-13, 'marginal_kkt_col_max': 3.400890680183011e-13, 'marginal_kkt_max': 3.400890680183011e-13, 'plan_reconstruction_abs_err': 6.792483242534786e-14, 'plan_reconstruction_rel_err': 3.936006739544925e-12, 'n_iter': 186, 'balanced_marginal_row_max': 0.03185431960028583, 'balanced_marginal_col_max': 0.03323035607721157, 'note': ""the 'balanced' figures are reported only to document that a raw |P1-a| check is not the right diagnostic for an unbalanced solve""}"
Celer,415,UOT|Celer|415|eps0.05|lam0.5,0.05,0.5,20000,1e-11,130,9.96612132087734e-12,True,False,0.031022310256958008,0.24453264357203314,0.2445326435720333,0.024145214413885965,0.023059555441638888,0.7554673564279668,3c743e3de99f9007af4e4d661e7332701803705525a40865ad8def4235938f4a,0ea85fcac870caaf7cf3d9d4c09203174b78a1b9fe8589c429483ce4cc72bcd7,1,"{'definition': ""KKT marginal residual of the entropic UNBALANCED OT optimum as POT solves it (reg_type='kl', K_eff = exp(-C/reg) * a outer b): max|P1 - a*u^(-reg/reg_m)| and max|P^T1 - b*v^(-reg/reg_m)|"", 'pot_reg_type': 'kl (POT default since 0.9.5)', 'effective_kernel': 'exp(-C/reg) * outer(a, b)', 'marginal_kkt_row_max': 3.1452618287630685e-13, 'marginal_kkt_col_max': 3.1616376183762895e-13, 'marginal_kkt_max': 3.1616376183762895e-13, 'plan_reconstruction_abs_err': 6.31196483968921e-14, 'plan_reconstruction_rel_err': 3.4067824178163984e-12, 'n_iter': 189, 'balanced_marginal_row_max': 0.024145214413885965, 'balanced_marginal_col_max': 0.023059555441638888, 'note': ""the 'balanced' figures are reported only to document that a raw |P1-a| check is not the right diagnostic for an unbalanced solve""}"
Celer,416,UOT|Celer|416|eps0.05|lam0.5,0.05,0.5,20000,1e-11,131,8.728192197500605e-12,True,False,0.03202462196350098,0.25782973721348673,0.25782973721348684,0.023498964384270335,0.02198225167739261,0.7421702627865131,544ae3d4af732a7671a13c0c1151adc0e2499908d0513ae6ae99e990ba0f6fde,115d7ec24aafcc549c03c9d1c7cf78c7d008964c458b9bf5e95df66f0ec1f6b2,1,"{'definition': ""KKT marginal residual of the entropic UNBALANCED OT optimum as POT solves it (reg_type='kl', K_eff = exp(-C/reg) * a outer b): max|P1 - a*u^(-reg/reg_m)| and max|P^T1 - b*v^(-reg/reg_m)|"", 'pot_reg_type': 'kl (POT default since 0.9.5)', 'effective_kernel': 'exp(-C/reg) * outer(a, b)', 'marginal_kkt_row_max': 2.4658053376924727e-13, 'marginal_kkt_col_max': 2.478572902475662e-13, 'marginal_kkt_max': 2.478572902475662e-13, 'plan_reconstruction_abs_err': 4.950553855742612e-14, 'plan_reconstruction_rel_err': 2.874352740452649e-12, 'n_iter': 187, 'balanced_marginal_row_max': 0.023498964384270335, 'balanced_marginal_col_max': 0.02198225167739261, 'note': ""the 'balanced' figures are reported only to document that a raw |P1-a| check is not the right diagnostic for an unbalanced solve""}"
Celer,417,UOT|Celer|417|eps0.05|lam0.5,0.05,0.5,20000,1e-11,131,8.798101384864996e-12,True,False,0.03195929527282715,0.2771581650224384,0.27715816502243845,0.016614411315272977,0.017422633120357328,0.7228418349775616,26eeb25b53dfbc713c1882f54e4d8fc40dac2107840b14453c045af8a35fd872,176902d7310d0bdd54b45f507e9c96d34f15fba09cb8ac3fb31fa213701898ef,1,"{'definition': ""KKT marginal residual of the entropic UNBALANCED OT optimum as POT solves it (reg_type='kl', K_eff = exp(-C/reg) * a outer b): max|P1 - a*u^(-reg/reg_m)| and max|P^T1 - b*v^(-reg/reg_m)|"", 'pot_reg_type': 'kl (POT default since 0.9.5)', 'effective_kernel': 'exp(-C/reg) * outer(a, b)', 'marginal_kkt_row_max': 1.892097589717423e-13, 'marginal_kkt_col_max': 1.89979976195076e-13, 'marginal_kkt_max': 1.89979976195076e-13, 'plan_reconstruction_abs_err': 3.789676905618933e-14, 'plan_reconstruction_rel_err': 3.6140140075875013e-12, 'n_iter': 189, 'balanced_marginal_row_max': 0.016614411315272977, 'balanced_marginal_col_max': 0.017422633120357328, 'note': ""the 'balanced' figures are reported only to document that a raw |P1-a| check is not the right diagnostic for an unbalanced solve""}"
Celer,418,UOT|Celer|418|eps0.05|lam0.5,0.05,0.5,20000,1e-11,130,9.570007356462591e-12,True,False,0.037386178970336914,0.21609573373328028,0.2160957337332804,0.03262864938715526,0.03253096781282161,0.7839042662667199,9e509ca0725ed99fc04669a96b315d159b0accb184023cd816a58546a5176c0e,d21b750622a3faccc7e4cee4abe3bf68e10fc62a69ced322ec8f9d9ee4cabaa2,1,"{'definition': ""KKT marginal residual of the entropic UNBALANCED OT optimum as POT solves it (reg_type='kl', K_eff = exp(-C/reg) * a outer b): max|P1 - a*u^(-reg/reg_m)| and max|P^T1 - b*v^(-reg/reg_m)|"", 'pot_reg_type': 'kl (POT default since 0.9.5)', 'effective_kernel': 'exp(-C/reg) * outer(a, b)', 'marginal_kkt_row_max': 4.3778869418531485e-13, 'marginal_kkt_col_max': 4.3939851757102133e-13, 'marginal_kkt_max': 4.3939851757102133e-13, 'plan_reconstruction_abs_err': 8.776659954357058e-14, 'plan_reconstruction_rel_err': 3.196574895776076e-12, 'n_iter': 184, 'balanced_marginal_row_max': 0.03262864938715526, 'balanced_marginal_col_max': 0.03253096781282161, 'note': ""the 'balanced' figures are reported only to document that a raw |P1-a| check is not the right diagnostic for an unbalanced solve""}"
Celer,419,UOT|Celer|419|eps0.05|lam0.5,0.05,0.5,20000,1e-11,131,9.627429796207481e-12,True,False,0.03958749771118164,0.3143848864138637,0.3143848864138638,0.008497649456328627,0.007636796845541225,0.6856151135861362,e093d286b310de2f548668ee526daba1119da8cba692dc8d6a7b05c5e33b2fa7,6c76eda55e728f67b76dc8be4512af3e299b884372ace6a1194ff1c2097f90ff,1,"{'definition': ""KKT marginal residual of the entropic UNBALANCED OT optimum as POT solves it (reg_type='kl', K_eff = exp(-C/reg) * a outer b): max|P1 - a*u^(-reg/reg_m)| and max|P^T1 - b*v^(-reg/reg_m)|"", 'pot_reg_type': 'kl (POT default since 0.9.5)', 'effective_kernel': 'exp(-C/reg) * outer(a, b)', 'marginal_kkt_row_max': 8.742659374227912e-14, 'marginal_kkt_col_max': 8.701372955499664e-14, 'marginal_kkt_max': 8.742659374227912e-14, 'plan_reconstruction_abs_err': 1.7367184079741804e-14, 'plan_reconstruction_rel_err': 4.28409386822932e-12, 'n_iter': 186, 'balanced_marginal_row_max': 0.008497649456328627, 'balanced_marginal_col_max': 0.007636796845541225, 'note': ""the 'balanced' figures are reported only to document that a raw |P1-a| check is not the right diagnostic for an unbalanced solve""}"
Celer,420,UOT|Celer|420|eps0.05|lam0.5,0.05,0.5,20000,1e-11,131,9.120488735121001e-12,True,False,0.034615278244018555,0.2841921237374343,0.28419212373743447,0.017499850023683435,0.0180520236461411,0.7158078762625654,cbd2d3bf13c2626b5d8f20486767821d24a045110325d70133bb351d06653b55,49bf4a3f09f5c5e00a24ca1d1f8f60009942964403329d38865f81c910008289,1,"{'definition': ""KKT marginal residual of the entropic UNBALANCED OT optimum as POT solves it (reg_type='kl', K_eff = exp(-C/reg) * a outer b): max|P1 - a*u^(-reg/reg_m)| and max|P^T1 - b*v^(-reg/reg_m)|"", 'pot_reg_type': 'kl (POT default since 0.9.5)', 'effective_kernel': 'exp(-C/reg) * outer(a, b)', 'marginal_kkt_row_max': 1.9470536294363683e-13, 'marginal_kkt_col_max': 1.9581558596826198e-13, 'marginal_kkt_max': 1.9581558596826198e-13, 'plan_reconstruction_abs_err': 3.8979236505198855e-14, 'plan_reconstruction_rel_err': 3.678966577264521e-12, 'n_iter': 185, 'balanced_marginal_row_max': 0.017499850023683435, 'balanced_marginal_col_max': 0.0180520236461411, 'note': ""the 'balanced' figures are reported only to document that a raw |P1-a| check is not the right diagnostic for an unbalanced solve""}"
Multi,411,UOT|Multi|411|eps0.05|lam0.5,0.05,0.5,20000,1e-11,131,9.501390061783326e-12,True,False,0.029718637466430664,0.32948929795220655,0.3294892979522063,0.016164958857577696,0.01689651540341911,0.6705107020477937,61e5c2b375d8fafc6621039a713b3c1bdf755ee4688cd73098cc74e93808b2d3,34af73bf19610d33c3ae79ad0df19f01d6b55600024a0eecd6945ed3c1c403f0,1,"{'definition': ""KKT marginal residual of the entropic UNBALANCED OT optimum as POT solves it (reg_type='kl', K_eff = exp(-C/reg) * a outer b): max|P1 - a*u^(-reg/reg_m)| and max|P^T1 - b*v^(-reg/reg_m)|"", 'pot_reg_type': 'kl (POT default since 0.9.5)', 'effective_kernel': 'exp(-C/reg) * outer(a, b)', 'marginal_kkt_row_max': 2.0227569619279961e-13, 'marginal_kkt_col_max': 2.0222018504156836e-13, 'marginal_kkt_max': 2.0227569619279961e-13, 'plan_reconstruction_abs_err': 4.0054765060304476e-14, 'plan_reconstruction_rel_err': 4.288426804483484e-12, 'n_iter': 188, 'balanced_marginal_row_max': 0.016164958857577696, 'balanced_marginal_col_max': 0.01689651540341911, 'note': ""the 'balanced' figures are reported only to document that a raw |P1-a| check is not the right diagnostic for an unbalanced solve""}"
Multi,412,UOT|Multi|412|eps0.05|lam0.5,0.05,0.5,20000,1e-11,131,8.620274361902664e-12,True,False,0.032704830169677734,0.2933908492018924,0.2933908492018921,0.027472122147729802,0.02806731751448266,0.7066091507981076,60a3611f8d591ff60f613f01f631e07785bac533c79eb9f2473c167e9497e629,b718c72b3ccb0c8148fe77de4081d5ba05b2fcccce31ba58bd06b4483b87f0e6,1,"{'definition': ""KKT marginal residual of the entropic UNBALANCED OT optimum as POT solves it (reg_type='kl', K_eff = exp(-C/reg) * a outer b): max|P1 - a*u^(-reg/reg_m)| and max|P^T1 - b*v^(-reg/reg_m)|"", 'pot_reg_type': 'kl (POT default since 0.9.5)', 'effective_kernel': 'exp(-C/reg) * outer(a, b)', 'marginal_kkt_row_max': 3.274464033253821e-13, 'marginal_kkt_col_max': 3.2759905899126807e-13, 'marginal_kkt_max': 3.2759905899126807e-13, 'plan_reconstruction_abs_err': 6.521172490892013e-14, 'plan_reconstruction_rel_err': 3.8583874069666e-12, 'n_iter': 185, 'balanced_marginal_row_max': 0.027472122147729802, 'balanced_marginal_col_max': 0.02806731751448266, 'note': ""the 'balanced' figures are reported only to document that a raw |P1-a| check is not the right diagnostic for an unbalanced solve""}"
Multi,413,UOT|Multi|413|eps0.05|lam0.5,0.05,0.5,20000,1e-11,131,8.347054824610678e-12,True,False,0.03251791000366211,0.2793000278477225,0.27930002784772306,0.03220148847366819,0.03252121900674307,0.7206999721522774,93df774cb0992618014cadbb08e8c3dd5f0552711926119d808f2e06c436742d,72a99f0d1269be44edafee534dea8219cc884db021dd2b9f6a84135a246e524b,1,"{'definition': ""KKT marginal residual of the entropic UNBALANCED OT optimum as POT solves it (reg_type='kl', K_eff = exp(-C/reg) * a outer b): max|P1 - a*u^(-reg/reg_m)| and max|P^T1 - b*v^(-reg/reg_m)|"", 'pot_reg_type': 'kl (POT default since 0.9.5)', 'effective_kernel': 'exp(-C/reg) * outer(a, b)', 'marginal_kkt_row_max': 3.8161140913928193e-13, 'marginal_kkt_col_max': 3.8261060986144457e-13, 'marginal_kkt_max': 3.8261060986144457e-13, 'plan_reconstruction_abs_err': 7.617864672404551e-14, 'plan_reconstruction_rel_err': 3.694304169689846e-12, 'n_iter': 185, 'balanced_marginal_row_max': 0.03220148847366819, 'balanced_marginal_col_max': 0.03252121900674307, 'note': ""the 'balanced' figures are reported only to document that a raw |P1-a| check is not the right diagnostic for an unbalanced solve""}"
Multi,414,UOT|Multi|414|eps0.05|lam0.5,0.05,0.5,20000,1e-11,131,9.76768014269191e-12,True,False,0.03099203109741211,0.32217330477618267,0.3221733047761828,0.016310196457386517,0.017650331047061027,0.6778266952238173,8520299aa2c1bb1d772f7eb873a5b039abf92c6d84ab49dd18b876b19d4e600e,3191c3a115728bc5f476989892660e519e2ab5a5e5b4110e2fad65662eacf6f0,1,"{'definition': ""KKT marginal residual of the entropic UNBALANCED OT optimum as POT solves it (reg_type='kl', K_eff = exp(-C/reg) * a outer b): max|P1 - a*u^(-reg/reg_m)| and max|P^T1 - b*v^(-reg/reg_m)|"", 'pot_reg_type': 'kl (POT default since 0.9.5)', 'effective_kernel': 'exp(-C/reg) * outer(a, b)', 'marginal_kkt_row_max': 2.0462104233232026e-13, 'marginal_kkt_col_max': 2.054398318129813e-13, 'marginal_kkt_max': 2.054398318129813e-13, 'plan_reconstruction_abs_err': 4.069487802293992e-14, 'plan_reconstruction_rel_err': 4.396549579848285e-12, 'n_iter': 184, 'balanced_marginal_row_max': 0.016310196457386517, 'balanced_marginal_col_max': 0.017650331047061027, 'note': ""the 'balanced' figures are reported only to document that a raw |P1-a| check is not the right diagnostic for an unbalanced solve""}"
Multi,415,UOT|Multi|415|eps0.05|lam0.5,0.05,0.5,20000,1e-11,131,9.835946414601855e-12,True,False,0.03858542442321777,0.3449412750185777,0.3449412750185778,0.016913945858064775,0.01984058619301541,0.6550587249814224,a66161cb5700f74d8ab7b5c06617741c23c30766f742687d648ef409a2499ccf,11c2e34a4031b2ab837c5f889b71865ae8e6100bbfc6b742f58bb3be552dc084,1,"{'definition': ""KKT marginal residual of the entropic UNBALANCED OT optimum as POT solves it (reg_type='kl', K_eff = exp(-C/reg) * a outer b): max|P1 - a*u^(-reg/reg_m)| and max|P^T1 - b*v^(-reg/reg_m)|"", 'pot_reg_type': 'kl (POT default since 0.9.5)', 'effective_kernel': 'exp(-C/reg) * outer(a, b)', 'marginal_kkt_row_max': 1.0137723993608461e-13, 'marginal_kkt_col_max': 1.575267694065019e-13, 'marginal_kkt_max': 1.575267694065019e-13, 'plan_reconstruction_abs_err': 3.1493037344620944e-14, 'plan_reconstruction_rel_err': 4.460868468615053e-12, 'n_iter': 187, 'balanced_marginal_row_max': 0.016913945858064775, 'balanced_marginal_col_max': 0.01984058619301541, 'note': ""the 'balanced' figures are reported only to document that a raw |P1-a| check is not the right diagnostic for an unbalanced solve""}"
Multi,416,UOT|Multi|416|eps0.05|lam0.5,0.05,0.5,20000,1e-11,131,9.419680062323582e-12,True,False,0.043623924255371094,0.3135901747563874,0.31359017475638684,0.011751203572045881,0.012205910308460088,0.6864098252436127,eadd44841dcacdfa27ce8fdf50c3b21dd0f45375edb37f9c52f1f0734e20e597,16ff739d825ecd6bee6aa72a2e66cc57a395bd6a0e542c0fe77807d79bd692ed,1,"{'definition': ""KKT marginal residual of the entropic UNBALANCED OT optimum as POT solves it (reg_type='kl', K_eff = exp(-C/reg) * a outer b): max|P1 - a*u^(-reg/reg_m)| and max|P^T1 - b*v^(-reg/reg_m)|"", 'pot_reg_type': 'kl (POT default since 0.9.5)', 'effective_kernel': 'exp(-C/reg) * outer(a, b)', 'marginal_kkt_row_max': 1.3349737981727117e-13, 'marginal_kkt_col_max': 1.3394840792102514e-13, 'marginal_kkt_max': 1.3394840792102514e-13, 'plan_reconstruction_abs_err': 2.6521319862471415e-14, 'plan_reconstruction_rel_err': 4.261424461550984e-12, 'n_iter': 187, 'balanced_marginal_row_max': 0.011751203572045881, 'balanced_marginal_col_max': 0.012205910308460088, 'note': ""the 'balanced' figures are reported only to document that a raw |P1-a| check is not the right diagnostic for an unbalanced solve""}"
Multi,417,UOT|Multi|417|eps0.05|lam0.5,0.05,0.5,20000,1e-11,132,9.628754885051698e-12,True,False,0.0312657356262207,0.3760528261557589,0.3760528261557585,0.029202840867472553,0.028550195743477974,0.6239471738442411,e92fa785325b0b91742c50e0bd7d71045bcad58c9c1c0b52d4e8710a795237b9,7eb6dc8a1934f1574b641d07cedea9c120c4c25abb718486c0f10d3a1b262236,1,"{'definition': ""KKT marginal residual of the entropic UNBALANCED OT optimum as POT solves it (reg_type='kl', K_eff = exp(-C/reg) * a outer b): max|P1 - a*u^(-reg/reg_m)| and max|P^T1 - b*v^(-reg/reg_m)|"", 'pot_reg_type': 'kl (POT default since 0.9.5)', 'effective_kernel': 'exp(-C/reg) * outer(a, b)', 'marginal_kkt_row_max': 1.438987817792281e-13, 'marginal_kkt_col_max': 1.3877093918424066e-13, 'marginal_kkt_max': 1.438987817792281e-13, 'plan_reconstruction_abs_err': 2.241089258614437e-14, 'plan_reconstruction_rel_err': 4.367612895396504e-12, 'n_iter': 188, 'balanced_marginal_row_max': 0.029202840867472553, 'balanced_marginal_col_max': 0.028550195743477974, 'note': ""the 'balanced' figures are reported only to document that a raw |P1-a| check is not the right diagnostic for an unbalanced solve""}"
Multi,418,UOT|Multi|418|eps0.05|lam0.5,0.05,0.5,20000,1e-11,132,8.598131294248617e-12,True,False,0.043457984924316406,0.34537084285761227,0.34537084285761205,0.017336944199442067,0.018006933580614948,0.6546291571423879,1fc2da05e7b9e6348543e59aacd532dae636727095b0a57d4a4e19301e8c792f,e8121f5385e3f375beacbc9e61670ce8f38a55bc17ee7c2032edd18a2cfdfd8d,1,"{'definition': ""KKT marginal residual of the entropic UNBALANCED OT optimum as POT solves it (reg_type='kl', K_eff = exp(-C/reg) * a outer b): max|P1 - a*u^(-reg/reg_m)| and max|P^T1 - b*v^(-reg/reg_m)|"", 'pot_reg_type': 'kl (POT default since 0.9.5)', 'effective_kernel': 'exp(-C/reg) * outer(a, b)', 'marginal_kkt_row_max': 1.8879342533750787e-13, 'marginal_kkt_col_max': 1.8914037003270323e-13, 'marginal_kkt_max': 1.8914037003270323e-13, 'plan_reconstruction_abs_err': 3.733992282040077e-14, 'plan_reconstruction_rel_err': 3.8891210207883845e-12, 'n_iter': 187, 'balanced_marginal_row_max': 0.017336944199442067, 'balanced_marginal_col_max': 0.018006933580614948, 'note': ""the 'balanced' figures are reported only to document that a raw |P1-a| check is not the right diagnostic for an unbalanced solve""}"
Multi,419,UOT|Multi|419|eps0.05|lam0.5,0.05,0.5,20000,1e-11,132,8.51254286869066e-12,True,False,0.03188037872314453,0.3356622846911832,0.33566228469118337,0.01690412958274198,0.01613835232485535,0.6643377153088166,51035ac5e6150f88cb38b70cdf48ea46348bcd0099593fee610ed42fbe424616,e505b1cf3bd244531031c0a4646788584305256fd5e48af98d92478a6dde12b3,1,"{'definition': ""KKT marginal residual of the entropic UNBALANCED OT optimum as POT solves it (reg_type='kl', K_eff = exp(-C/reg) * a outer b): max|P1 - a*u^(-reg/reg_m)| and max|P^T1 - b*v^(-reg/reg_m)|"", 'pot_reg_type': 'kl (POT default since 0.9.5)', 'effective_kernel': 'exp(-C/reg) * outer(a, b)', 'marginal_kkt_row_max': 1.6258522306245027e-13, 'marginal_kkt_col_max': 1.6340401254311132e-13, 'marginal_kkt_max': 1.6340401254311132e-13, 'plan_reconstruction_abs_err': 3.2460145682478014e-14, 'plan_reconstruction_rel_err': 3.688284198054803e-12, 'n_iter': 186, 'balanced_marginal_row_max': 0.01690412958274198, 'balanced_marginal_col_max': 0.01613835232485535, 'note': ""the 'balanced' figures are reported only to document that a raw |P1-a| check is not the right diagnostic for an unbalanced solve""}"
Multi,420,UOT|Multi|420|eps0.05|lam0.5,0.05,0.5,20000,1e-11,133,8.597388864443447e-12,True,False,0.05264472961425781,0.39371774645232355,0.39371774645232366,0.04122937161849081,0.0401821850436299,0.6062822535476764,9f32779db9c35c068512e71fb17f235969d87d45bce3843225ea88a13a021dcb,1f67da206484d20dd13c8522161fb718c5ce56e14ca608c0273c837706b89f28,1,"{'definition': ""KKT marginal residual of the entropic UNBALANCED OT optimum as POT solves it (reg_type='kl', K_eff = exp(-C/reg) * a outer b): max|P1 - a*u^(-reg/reg_m)| and max|P^T1 - b*v^(-reg/reg_m)|"", 'pot_reg_type': 'kl (POT default since 0.9.5)', 'effective_kernel': 'exp(-C/reg) * outer(a, b)', 'marginal_kkt_row_max': 1.9405310691666955e-13, 'marginal_kkt_col_max': 1.8760687447993973e-13, 'marginal_kkt_max': 1.9405310691666955e-13, 'plan_reconstruction_abs_err': 3.0928384853190494e-14, 'plan_reconstruction_rel_err': 3.8997912391522175e-12, 'n_iter': 185, 'balanced_marginal_row_max': 0.04122937161849081, 'balanced_marginal_col_max': 0.0401821850436299, 'note': ""the 'balanced' figures are reported only to document that a raw |P1-a| check is not the right diagnostic for an unbalanced solve""}"
Poly,411,UOT|Poly|411|eps0.05|lam0.5,0.05,0.5,20000,1e-11,131,9.315356902387935e-12,True,False,0.03657126426696777,0.2971388439659248,0.2971388439659247,0.010472878074626893,0.01076927635249876,0.7028611560340753,cb6cc2bb905db9bf682c9e8fae88355d79fc4f564e92439e7b22f91e8de85d08,07eb7c0cfbd5ff407e737edf3fb696c3091ac77a5d6cd96024828eb0a67292ad,1,"{'definition': ""KKT marginal residual of the entropic UNBALANCED OT optimum as POT solves it (reg_type='kl', K_eff = exp(-C/reg) * a outer b): max|P1 - a*u^(-reg/reg_m)| and max|P^T1 - b*v^(-reg/reg_m)|"", 'pot_reg_type': 'kl (POT default since 0.9.5)', 'effective_kernel': 'exp(-C/reg) * outer(a, b)', 'marginal_kkt_row_max': 1.218643241873707e-13, 'marginal_kkt_col_max': 1.2252351910824189e-13, 'marginal_kkt_max': 1.2252351910824189e-13, 'plan_reconstruction_abs_err': 2.4387609987019943e-14, 'plan_reconstruction_rel_err': 3.945708292091903e-12, 'n_iter': 184, 'balanced_marginal_row_max': 0.010472878074626893, 'balanced_marginal_col_max': 0.01076927635249876, 'note': ""the 'balanced' figures are reported only to document that a raw |P1-a| check is not the right diagnostic for an unbalanced solve""}"
Poly,412,UOT|Poly|412|eps0.05|lam0.5,0.05,0.5,20000,1e-11,131,9.693413538212976e-12,True,False,0.030059099197387695,0.31058534269588156,0.3105853426958817,0.00543371436095994,0.005180149586617741,0.6894146573041187,69297e6fdfc09eaf52fa64f07bb82593651a670d345a86b92915e0409c6d6cb9,393251b80bc63a08b01ecceffeadcaa25587375d238d9fb2d727cffde6c3bc53,1,"{'definition': ""KKT marginal residual of the entropic UNBALANCED OT optimum as POT solves it (reg_type='kl', K_eff = exp(-C/reg) * a outer b): max|P1 - a*u^(-reg/reg_m)| and max|P^T1 - b*v^(-reg/reg_m)|"", 'pot_reg_type': 'kl (POT default since 0.9.5)', 'effective_kernel': 'exp(-C/reg) * outer(a, b)', 'marginal_kkt_row_max': 5.5989934910627426e-14, 'marginal_kkt_col_max': 5.6088814148758104e-14, 'marginal_kkt_max': 5.6088814148758104e-14, 'plan_reconstruction_abs_err': 1.1142562567068026e-14, 'plan_reconstruction_rel_err': 4.332608365376247e-12, 'n_iter': 185, 'balanced_marginal_row_max': 0.00543371436095994, 'balanced_marginal_col_max': 0.005180149586617741, 'note': ""the 'balanced' figures are reported only to document that a raw |P1-a| check is not the right diagnostic for an unbalanced solve""}"
Poly,413,UOT|Poly|413|eps0.05|lam0.5,0.05,0.5,20000,1e-11,130,8.830215654035417e-12,True,False,0.04050850868225098,0.1897181203095721,0.18971812030957272,0.035263967247503886,0.035750074437386564,0.8102818796904278,d826e3ce1b623be683629880798116c380e4140d6eb390cbdb5cb262eaae90aa,166ee2caaf3ddba20efbd67128076882a983f1839ba8c4c0fce69bd05eecf85c,1,"{'definition': ""KKT marginal residual of the entropic UNBALANCED OT optimum as POT solves it (reg_type='kl', K_eff = exp(-C/reg) * a outer b): max|P1 - a*u^(-reg/reg_m)| and max|P^T1 - b*v^(-reg/reg_m)|"", 'pot_reg_type': 'kl (POT default since 0.9.5)', 'effective_kernel': 'exp(-C/reg) * outer(a, b)', 'marginal_kkt_row_max': 4.660993813132563e-13, 'marginal_kkt_col_max': 4.669042930061096e-13, 'marginal_kkt_max': 4.669042930061096e-13, 'plan_reconstruction_abs_err': 9.336281747707176e-14, 'plan_reconstruction_rel_err': 2.9469518767357036e-12, 'n_iter': 186, 'balanced_marginal_row_max': 0.035263967247503886, 'balanced_marginal_col_max': 0.035750074437386564, 'note': ""the 'balanced' figures are reported only to document that a raw |P1-a| check is not the right diagnostic for an unbalanced solve""}"
Poly,414,UOT|Poly|414|eps0.05|lam0.5,0.05,0.5,20000,1e-11,131,9.023441466788729e-12,True,False,0.03111577033996582,0.2773259960548121,0.27732599605481206,0.02245365760486659,0.023223291205471175,0.7226740039451879,ec018619b9ff9ec64c03d419354feed4d2d65e689af148b56a8c6c92ab271453,c4032ed86a42f8626b697424947c521084f8957135232bc38d119bf72162529a,1,"{'definition': ""KKT marginal residual of the entropic UNBALANCED OT optimum as POT solves it (reg_type='kl', K_eff = exp(-C/reg) * a outer b): max|P1 - a*u^(-reg/reg_m)| and max|P^T1 - b*v^(-reg/reg_m)|"", 'pot_reg_type': 'kl (POT default since 0.9.5)', 'effective_kernel': 'exp(-C/reg) * outer(a, b)', 'marginal_kkt_row_max': 2.729899639675182e-13, 'marginal_kkt_col_max': 2.750022431996513e-13, 'marginal_kkt_max': 2.750022431996513e-13, 'plan_reconstruction_abs_err': 5.473399511402022e-14, 'plan_reconstruction_rel_err': 3.4830827022123463e-12, 'n_iter': 188, 'balanced_marginal_row_max': 0.02245365760486659, 'balanced_marginal_col_max': 0.023223291205471175, 'note': ""the 'balanced' figures are reported only to document that a raw |P1-a| check is not the right diagnostic for an unbalanced solve""}"
Poly,415,UOT|Poly|415|eps0.05|lam0.5,0.05,0.5,20000,1e-11,131,8.941845911575882e-12,True,False,0.0324857234954834,0.2834769588689792,0.28347695886897906,0.017504851218326477,0.018187577141158623,0.7165230411310207,0adf6cc7103aff3d14f6b62f861166f18c2cd05d6df08aa34635b1e4b7ba6cff,1da6e60e13a9592d197b763b444a005ec04e96807c5e3529ab4bbbcedb23f4c5,1,"{'definition': ""KKT marginal residual of the entropic UNBALANCED OT optimum as POT solves it (reg_type='kl', K_eff = exp(-C/reg) * a outer b): max|P1 - a*u^(-reg/reg_m)| and max|P^T1 - b*v^(-reg/reg_m)|"", 'pot_reg_type': 'kl (POT default since 0.9.5)', 'effective_kernel': 'exp(-C/reg) * outer(a, b)', 'marginal_kkt_row_max': 2.1039420206037107e-13, 'marginal_kkt_col_max': 2.1188606424971113e-13, 'marginal_kkt_max': 2.1188606424971113e-13, 'plan_reconstruction_abs_err': 4.214857629580848e-14, 'plan_reconstruction_rel_err': 3.6209373075861556e-12, 'n_iter': 185, 'balanced_marginal_row_max': 0.017504851218326477, 'balanced_marginal_col_max': 0.018187577141158623, 'note': ""the 'balanced' figures are reported only to document that a raw |P1-a| check is not the right diagnostic for an unbalanced solve""}"
Poly,416,UOT|Poly|416|eps0.05|lam0.5,0.05,0.5,20000,1e-11,131,9.335422298645195e-12,True,False,0.031807661056518555,0.29724335444139,0.29724335444138983,0.009306802307673431,0.009721298476965758,0.7027566455586101,a19252c439ddc03e2731fbd3092c460f127f93b4592eb7da5814c39c0d301a6f,a32fdf8c6990e17b054c74b4a4609ed70f06b5cde522160b7ac72d659bebd376,1,"{'definition': ""KKT marginal residual of the entropic UNBALANCED OT optimum as POT solves it (reg_type='kl', K_eff = exp(-C/reg) * a outer b): max|P1 - a*u^(-reg/reg_m)| and max|P^T1 - b*v^(-reg/reg_m)|"", 'pot_reg_type': 'kl (POT default since 0.9.5)', 'effective_kernel': 'exp(-C/reg) * outer(a, b)', 'marginal_kkt_row_max': 1.0804898642469141e-13, 'marginal_kkt_col_max': 1.0859022014919617e-13, 'marginal_kkt_max': 1.0859022014919617e-13, 'plan_reconstruction_abs_err': 2.1611185063719063e-14, 'plan_reconstruction_rel_err': 3.994993159475859e-12, 'n_iter': 185, 'balanced_marginal_row_max': 0.009306802307673431, 'balanced_marginal_col_max': 0.009721298476965758, 'note': ""the 'balanced' figures are reported only to document that a raw |P1-a| check is not the right diagnostic for an unbalanced solve""}"
Poly,417,UOT|Poly|417|eps0.05|lam0.5,0.05,0.5,20000,1e-11,131,8.875424803378331e-12,True,False,0.032930850982666016,0.278150193650686,0.27815019365068616,0.019457625271068313,0.020136254900013292,0.721849806349314,7811e8647df81e8127c733091d8195ad60db6594b10e6b935c3cf23012de6b2d,1dd92043b2df191190981655c0fb88bdca476535839b6ee2c81bb3457dd1521e,1,"{'definition': ""KKT marginal residual of the entropic UNBALANCED OT optimum as POT solves it (reg_type='kl', K_eff = exp(-C/reg) * a outer b): max|P1 - a*u^(-reg/reg_m)| and max|P^T1 - b*v^(-reg/reg_m)|"", 'pot_reg_type': 'kl (POT default since 0.9.5)', 'effective_kernel': 'exp(-C/reg) * outer(a, b)', 'marginal_kkt_row_max': 2.345346139520643e-13, 'marginal_kkt_col_max': 2.3610280397434735e-13, 'marginal_kkt_max': 2.3610280397434735e-13, 'plan_reconstruction_abs_err': 4.701794509287538e-14, 'plan_reconstruction_rel_err': 3.5055383127288344e-12, 'n_iter': 189, 'balanced_marginal_row_max': 0.019457625271068313, 'balanced_marginal_col_max': 0.020136254900013292, 'note': ""the 'balanced' figures are reported only to document that a raw |P1-a| check is not the right diagnostic for an unbalanced solve""}"
Poly,418,UOT|Poly|418|eps0.05|lam0.5,0.05,0.5,20000,1e-11,131,9.651883778477473e-12,True,False,0.040186166763305664,0.30892332572084474,0.3089233257208451,0.005765355079183236,0.005991455711859007,0.691076674279155,bebc57fcecede2c353d96a617e52c91b69d84a287d0e1b263d2ecbccdaaa826a,5be9d22eded6786e7d6f409d0adfdb7b144e5594a7f68966b04c0a248473f59f,1,"{'definition': ""KKT marginal residual of the entropic UNBALANCED OT optimum as POT solves it (reg_type='kl', K_eff = exp(-C/reg) * a outer b): max|P1 - a*u^(-reg/reg_m)| and max|P^T1 - b*v^(-reg/reg_m)|"", 'pot_reg_type': 'kl (POT default since 0.9.5)', 'effective_kernel': 'exp(-C/reg) * outer(a, b)', 'marginal_kkt_row_max': 6.42940561901284e-14, 'marginal_kkt_col_max': 6.452650913590929e-14, 'marginal_kkt_max': 6.452650913590929e-14, 'plan_reconstruction_abs_err': 1.2830882190062454e-14, 'plan_reconstruction_rel_err': 4.25237483320406e-12, 'n_iter': 188, 'balanced_marginal_row_max': 0.005765355079183236, 'balanced_marginal_col_max': 0.005991455711859007, 'note': ""the 'balanced' figures are reported only to document that a raw |P1-a| check is not the right diagnostic for an unbalanced solve""}"
Poly,419,UOT|Poly|419|eps0.05|lam0.5,0.05,0.5,20000,1e-11,131,8.866573597380983e-12,True,False,0.03266429901123047,0.285938092611509,0.2859380926115091,0.01822276422394719,0.018953492566255836,0.7140619073884911,27ae7d222436e5cb10395106c70d8a172c9681da3091f65522910cf5d1873b5a,0116b1b47a32abc93ec11bee773245f69bb64ff650586db9753dabebbacc82ad,1,"{'definition': ""KKT marginal residual of the entropic UNBALANCED OT optimum as POT solves it (reg_type='kl', K_eff = exp(-C/reg) * a outer b): max|P1 - a*u^(-reg/reg_m)| and max|P^T1 - b*v^(-reg/reg_m)|"", 'pot_reg_type': 'kl (POT default since 0.9.5)', 'effective_kernel': 'exp(-C/reg) * outer(a, b)', 'marginal_kkt_row_max': 2.2710305858097968e-13, 'marginal_kkt_col_max': 2.2862267634593536e-13, 'marginal_kkt_max': 2.2862267634593536e-13, 'plan_reconstruction_abs_err': 4.5434142559308555e-14, 'plan_reconstruction_rel_err': 3.713303610434405e-12, 'n_iter': 184, 'balanced_marginal_row_max': 0.01822276422394719, 'balanced_marginal_col_max': 0.018953492566255836, 'note': ""the 'balanced' figures are reported only to document that a raw |P1-a| check is not the right diagnostic for an unbalanced solve""}"
Poly,420,UOT|Poly|420|eps0.05|lam0.5,0.05,0.5,20000,1e-11,131,9.22847241373378e-12,True,False,0.030303001403808594,0.2925149623222989,0.2925149623222988,0.01724388977685272,0.017931906842388157,0.7074850376777011,7052e2ad78f7d239ba91d1b66f6545988dde86f38f43235908071e995cf3e4f2,38e626501a73dac89e5bcbcd945b363ff84ac543aaaa375f1095e1d270f9caf8,1,"{'definition': ""KKT marginal residual of the entropic UNBALANCED OT optimum as POT solves it (reg_type='kl', K_eff = exp(-C/reg) * a outer b): max|P1 - a*u^(-reg/reg_m)| and max|P^T1 - b*v^(-reg/reg_m)|"", 'pot_reg_type': 'kl (POT default since 0.9.5)', 'effective_kernel': 'exp(-C/reg) * outer(a, b)', 'marginal_kkt_row_max': 2.0793783361838791e-13, 'marginal_kkt_col_max': 2.0929091792964982e-13, 'marginal_kkt_max': 2.0929091792964982e-13, 'plan_reconstruction_abs_err': 4.1661118999059e-14, 'plan_reconstruction_rel_err': 3.7807011360494775e-12, 'n_iter': 184, 'balanced_marginal_row_max': 0.01724388977685272, 'balanced_marginal_col_max': 0.017931906842388157, 'note': ""the 'balanced' figures are reported only to document that a raw |P1-a| check is not the right diagnostic for an unbalanced solve""}"
