bridge,seed,method,macro_edge_f1,family_mean_edge_precision,family_mean_edge_recall,family_mean_split_exact,family_mean_merge_exact,family_mean_overall_exact,n_pred_edges_total,mean_edges_per_family
Celer,411,UOT_KR,0.4560383802643864,0.39351851851851843,0.5489357864357864,0.0,0.0,0.0,423,17.625
Celer,411,RAW_UOT_PLAN,0.11977899712516586,0.10416666666666667,0.14296536796536796,0.0,0.0,0.0,411,17.125
Celer,411,CONDITIONAL_UOT,0.4612467135977198,0.3981481481481481,0.5548881673881674,0.0,0.0,0.0,432,18.0
Celer,411,SUPPORT_PLUS_K,0.43971893581994204,0.3796296296296296,0.5290945165945166,0.0,0.0,0.0,414,17.25
Celer,411,HUNGARIAN_1TO1,0.47105471462089105,0.4791666666666667,0.46538600288600285,0.0,0.0,0.0,288,12.0
Celer,411,THRESHOLD_MM,0.08875046142488004,0.052083333333333336,0.30257936507936506,0.0,0.0,0.0,594,24.75
Celer,411,DUAL_SOFTMAX,0.2645837958337958,1.0,0.15288600288600288,0.0,0.0,0.0,48,2.0
Celer,412,UOT_KR,0.43830378642685136,0.3912037037037037,0.5109893578643578,0.0,0.0,0.0,432,18.0
Celer,412,RAW_UOT_PLAN,0.11473552140154307,0.10416666666666667,0.13130862193362192,0.0,0.0,0.0,405,16.875
Celer,412,CONDITIONAL_UOT,0.3867032573263223,0.3455306267806268,0.4507215007215007,0.0,0.0,0.0,439,18.291666666666668
Celer,412,SUPPORT_PLUS_K,0.3984007881905199,0.3564814814814814,0.46237824675324674,0.0,0.0,0.0,411,17.125
Celer,412,HUNGARIAN_1TO1,0.3929894928056692,0.4077380952380952,0.3837887806637807,0.0,0.0,0.0,290,12.083333333333334
Celer,412,THRESHOLD_MM,0.041666666666666664,0.024305555555555552,0.14583333333333334,0.0,0.0,0.0,300,12.5
Celer,412,DUAL_SOFTMAX,0.24708023458023456,1.0,0.14172528860028857,0.0,0.0,0.0,48,2.0
Celer,413,UOT_KR,0.4539929787704556,0.3981481481481481,0.5386431277056277,0.0,0.0,0.0,432,18.0
Celer,413,RAW_UOT_PLAN,0.10785381038380264,0.0949074074074074,0.1273065476190476,0.0,0.0,0.0,390,16.25
Celer,413,CONDITIONAL_UOT,0.4197915898815667,0.3680555555555555,0.4984645562770562,0.0,0.0,0.0,432,18.0
Celer,413,SUPPORT_PLUS_K,0.4205278054204138,0.36520655270655267,0.5049355158730159,0.0,0.0,0.0,400,16.666666666666668
Celer,413,HUNGARIAN_1TO1,0.43544472276089913,0.4469246031746031,0.42805961399711395,0.0,0.0,0.0,289,12.041666666666666
Celer,413,THRESHOLD_MM,0.05357142857142857,0.03125,0.1875,0.0,0.0,0.0,384,16.0
Celer,413,DUAL_SOFTMAX,0.2557989464239464,1.0,0.14730564574314575,0.0,0.0,0.0,48,2.0
Celer,414,UOT_KR,0.4522292250233427,0.3981481481481481,0.5344742063492064,0.0,0.0,0.0,432,18.0
Celer,414,RAW_UOT_PLAN,0.1063360760971055,0.0949074074074074,0.12413194444444443,0.0,0.0,0.0,396,16.5
Celer,414,CONDITIONAL_UOT,0.43868755835667606,0.386574074074074,0.5181051587301587,0.0,0.0,0.0,432,18.0
Celer,414,SUPPORT_PLUS_K,0.4349628108819285,0.38194444444444436,0.517609126984127,0.0,0.0,0.0,420,17.5
Celer,414,HUNGARIAN_1TO1,0.42749287749287745,0.439484126984127,0.419890873015873,0.0,0.0,0.0,290,12.083333333333334
Celer,414,THRESHOLD_MM,0.059523809523809514,0.03472222222222222,0.20833333333333334,0.0,0.0,0.0,444,18.5
Celer,414,DUAL_SOFTMAX,0.25388939763939766,1.0,0.1460813492063492,0.0,0.0,0.0,48,2.0
Celer,415,UOT_KR,0.4273677453437515,0.3819444444444444,0.49637896825396827,0.0,0.0,0.0,432,18.0
Celer,415,RAW_UOT_PLAN,0.11072641776008647,0.09953703703703705,0.12767857142857142,0.0,0.0,0.0,423,17.625
Celer,415,CONDITIONAL_UOT,0.4273677453437515,0.3819444444444444,0.49637896825396827,0.0,0.0,0.0,432,18.0
Celer,415,SUPPORT_PLUS_K,0.4212124423134485,0.375,0.4934027777777778,0.0,0.0,0.0,429,17.875
Celer,415,HUNGARIAN_1TO1,0.3630481786731787,0.37847222222222215,0.352959656084656,0.0,0.0,0.0,288,12.0
Celer,415,THRESHOLD_MM,0.06547619047619048,0.03819444444444444,0.22916666666666666,0.0,0.0,0.0,510,21.25
Celer,415,DUAL_SOFTMAX,0.2463221963221963,1.0,0.14115410052910052,0.0,0.0,0.0,48,2.0
Celer,416,UOT_KR,0.4516602474323063,0.39583333333333326,0.5359397546897547,0.0,0.0,0.0,432,18.0
Celer,416,RAW_UOT_PLAN,0.11216493541861187,0.09953703703703705,0.13139956108706108,0.0,0.0,0.0,387,16.125
Celer,416,CONDITIONAL_UOT,0.43777135854341737,0.38425925925925924,0.5185786435786436,0.0,0.0,0.0,432,18.0
Celer,416,SUPPORT_PLUS_K,0.4031614729225024,0.3541666666666667,0.47753201659451655,0.0,0.0,0.0,387,16.125
Celer,416,HUNGARIAN_1TO1,0.4362879767291532,0.4479166666666667,0.42864658489658486,0.0,0.0,0.0,288,12.0
Celer,416,THRESHOLD_MM,0.059523809523809514,0.03472222222222222,0.20833333333333334,0.0,0.0,0.0,474,19.75
Celer,416,DUAL_SOFTMAX,0.2559778184778185,1.0,0.1473965848965849,0.0,0.0,0.0,48,2.0
Celer,417,UOT_KR,0.4296334712114511,0.38194444444444436,0.5009882478632478,0.0,0.0,0.0,432,18.0
Celer,417,RAW_UOT_PLAN,0.09501123016989889,0.08564814814814814,0.10919184981684982,0.0,0.0,0.0,375,15.625
Celer,417,CONDITIONAL_UOT,0.41591819343367337,0.3703703703703704,0.48412316849816844,0.0,0.0,0.0,432,18.0
Celer,417,SUPPORT_PLUS_K,0.3748670570700369,0.3333333333333333,0.4389842796092796,0.0,0.0,0.0,393,16.375
Celer,417,HUNGARIAN_1TO1,0.36637222730972735,0.3799603174603175,0.3571415852665852,0.0,0.0,0.0,290,12.083333333333334
Celer,417,THRESHOLD_MM,0.047619047619047616,0.027777777777777776,0.16666666666666666,0.0,0.0,0.0,354,14.75
Celer,417,DUAL_SOFTMAX,0.24905696155696155,1.0,0.14285587098087096,0.0,0.0,0.0,48,2.0
Celer,418,UOT_KR,0.4410750374711288,0.38425925925925924,0.5235885642135641,0.0,0.0,0.0,432,18.0
Celer,418,RAW_UOT_PLAN,0.10319671728340458,0.09027777777777779,0.12175099206349205,0.0,0.0,0.0,351,14.625
Celer,418,CONDITIONAL_UOT,0.4047903152489066,0.35202991452991456,0.4824179292929292,0.0,0.0,0.0,436,18.166666666666668
Celer,418,SUPPORT_PLUS_K,0.3701804296279915,0.32175925925925924,0.44015376984126986,0.0,0.0,0.0,369,15.375
Celer,418,HUNGARIAN_1TO1,0.38572771523139177,0.3958333333333333,0.37823322510822505,0.0,0.0,0.0,288,12.0
Celer,418,THRESHOLD_MM,0.047619047619047616,0.027777777777777776,0.16666666666666666,0.0,0.0,0.0,342,14.25
Celer,418,DUAL_SOFTMAX,0.25889446201946203,1.0,0.14906655844155844,0.0,0.0,0.0,48,2.0
Celer,419,UOT_KR,0.4564964801710158,0.3981481481481481,0.5433779761904761,0.0,0.0,0.0,432,18.0
Celer,419,RAW_UOT_PLAN,0.1128715119088571,0.09953703703703705,0.13268022486772488,0.0,0.0,0.0,414,17.25
Celer,419,CONDITIONAL_UOT,0.4434177764673121,0.386574074074074,0.528166335978836,0.0,0.0,0.0,432,18.0
Celer,419,SUPPORT_PLUS_K,0.4370520357265713,0.38194444444444436,0.5190724206349207,0.0,0.0,0.0,423,17.625
Celer,419,HUNGARIAN_1TO1,0.44010353072853076,0.4503968253968254,0.433110119047619,0.0,0.0,0.0,289,12.041666666666666
Celer,419,THRESHOLD_MM,0.07142857142857142,0.041666666666666664,0.25,0.0,0.0,0.0,504,21.0
Celer,419,DUAL_SOFTMAX,0.25838085525585525,1.0,0.14888392857142854,0.0,0.0,0.0,48,2.0
Celer,420,UOT_KR,0.4344099372205022,0.38888888888888884,0.5065250721500721,0.0,0.0,0.0,432,18.0
Celer,420,RAW_UOT_PLAN,0.11504140764492932,0.10416666666666667,0.13238335738335738,0.0,0.0,0.0,405,16.875
Celer,420,CONDITIONAL_UOT,0.40399151985355547,0.361111111111111,0.47192685786435784,0.0,0.0,0.0,432,18.0
Celer,420,SUPPORT_PLUS_K,0.4232988261093911,0.3796296296296296,0.4926361832611832,0.0,0.0,0.0,423,17.625
Celer,420,HUNGARIAN_1TO1,0.40885996492614135,0.42509920634920634,0.39887641293891285,0.0,0.0,0.0,289,12.041666666666666
Celer,420,THRESHOLD_MM,0.06537176274018379,0.03812358276643991,0.22916666666666666,0.0,0.0,0.0,439,18.291666666666668
Celer,420,DUAL_SOFTMAX,0.24590120527620526,1.0,0.14106391293891293,0.0,0.0,0.0,48,2.0
Multi,411,UOT_KR,0.4075630252100841,0.34953703703703703,0.49553571428571425,0.0,0.0,0.0,378,15.75
Multi,411,RAW_UOT_PLAN,0.10115437734923029,0.09143518518518519,0.11855158730158731,0.0,0.0,0.0,351,14.625
Multi,411,CONDITIONAL_UOT,0.4217412659508247,0.3634259259259259,0.5100859788359787,0.0,0.0,0.0,417,17.375
Multi,411,SUPPORT_PLUS_K,0.3992296918767508,0.34259259259259256,0.4851190476190476,0.0,0.0,0.0,378,15.75
Multi,411,HUNGARIAN_1TO1,0.486523199023199,0.4945436507936507,0.4811921296296296,0.0,0.0,0.0,289,12.041666666666666
Multi,411,THRESHOLD_MM,0.021329365079365076,0.013888888888888888,0.06597222222222222,0.0,0.0,0.0,114,4.75
Multi,411,DUAL_SOFTMAX,0.24893416768416768,0.9375,0.14401455026455026,0.0,0.0,0.0,48,2.0
Multi,412,UOT_KR,0.34156953351516045,0.3009259259259259,0.4015625,0.0,0.0,0.0,369,15.375
Multi,412,RAW_UOT_PLAN,0.10529169635690533,0.09375,0.12228009259259258,0.0,0.0,0.0,363,15.125
Multi,412,CONDITIONAL_UOT,0.3348565705521975,0.29461279461279455,0.39461805555555557,0.0,0.0,0.0,413,17.208333333333332
Multi,412,SUPPORT_PLUS_K,0.34156953351516045,0.3009259259259259,0.4015625,0.0,0.0,0.0,369,15.375
Multi,412,HUNGARIAN_1TO1,0.3114271723646724,0.3229166666666667,0.30357969576719573,0.0,0.0,0.0,288,12.0
Multi,412,THRESHOLD_MM,0.016534391534391533,0.010416666666666666,0.048611111111111105,0.0,0.0,0.0,96,4.0
Multi,412,DUAL_SOFTMAX,0.22027058589558587,0.875,0.12649636243386242,0.0,0.0,0.0,47,1.9583333333333333
Multi,413,UOT_KR,0.37588702147525677,0.32638888888888884,0.4481646825396825,0.0,0.0,0.0,402,16.75
Multi,413,RAW_UOT_PLAN,0.10176469091910267,0.09027777777777778,0.11863425925925926,0.0,0.0,0.0,357,14.875
Multi,413,CONDITIONAL_UOT,0.36755368814192346,0.3194444444444444,0.4377480158730158,0.0,0.0,0.0,402,16.75
Multi,413,SUPPORT_PLUS_K,0.37588702147525677,0.32638888888888884,0.4481646825396825,0.0,0.0,0.0,402,16.75
Multi,413,HUNGARIAN_1TO1,0.3387311762311762,0.34722222222222215,0.3324239417989418,0.0,0.0,0.0,288,12.0
Multi,413,THRESHOLD_MM,0.005952380952380952,0.003472222222222222,0.020833333333333332,0.0,0.0,0.0,54,2.25
Multi,413,DUAL_SOFTMAX,0.21107549857549857,0.8125,0.12161044973544972,0.0,0.0,0.0,45,1.875
Multi,414,UOT_KR,0.4395687441643324,0.3819444444444444,0.5268871753246752,0.0,0.0,0.0,414,17.25
Multi,414,RAW_UOT_PLAN,0.10935678224281165,0.09722222222222222,0.12834069865319866,0.0,0.0,0.0,360,15.0
Multi,414,CONDITIONAL_UOT,0.3970918923124806,0.3449074074074074,0.47662262506012504,0.0,0.0,0.0,417,17.375
Multi,414,SUPPORT_PLUS_K,0.4395687441643324,0.3819444444444444,0.5268871753246752,0.0,0.0,0.0,414,17.25
Multi,414,HUNGARIAN_1TO1,0.45481667025784667,0.46378968253968256,0.4491078944203944,0.0,0.0,0.0,289,12.041666666666666
Multi,414,THRESHOLD_MM,0.02819548872180451,0.01736111111111111,0.08928571428571429,0.0,0.0,0.0,174,7.25
Multi,414,DUAL_SOFTMAX,0.24438721001221,0.9375,0.14107218013468012,0.0,0.0,0.0,47,1.9583333333333333
Multi,415,UOT_KR,0.38638607855422863,0.3449074074074074,0.4486426767676767,0.0,0.0,0.0,405,16.875
Multi,415,RAW_UOT_PLAN,0.0950569335921503,0.08564814814814814,0.10912848725348724,0.0,0.0,0.0,348,14.5
Multi,415,CONDITIONAL_UOT,0.3789208007764509,0.33796296296296297,0.4407061688311688,0.0,0.0,0.0,411,17.125
Multi,415,SUPPORT_PLUS_K,0.37076107855422863,0.32870370370370366,0.4337015993265993,0.0,0.0,0.0,393,16.375
Multi,415,HUNGARIAN_1TO1,0.34309711598314535,0.3566468253968254,0.3340713684463685,0.0,0.0,0.0,289,12.041666666666666
Multi,415,THRESHOLD_MM,0.017857142857142856,0.010416666666666666,0.0625,0.0,0.0,0.0,126,5.25
Multi,415,DUAL_SOFTMAX,0.22711281773781775,0.9166666666666666,0.13020232082732083,0.0,0.0,0.0,46,1.9166666666666667
Multi,416,UOT_KR,0.3691905929038282,0.32638888888888884,0.43226911976911975,0.0,0.0,0.0,378,15.75
Multi,416,RAW_UOT_PLAN,0.08619232415188298,0.0787037037037037,0.09837211399711399,0.0,0.0,0.0,339,14.125
Multi,416,CONDITIONAL_UOT,0.37994135154061626,0.33564814814814814,0.4447939213564213,0.0,0.0,0.0,420,17.5
Multi,416,SUPPORT_PLUS_K,0.36085725957049486,0.3194444444444444,0.42185245310245306,0.0,0.0,0.0,378,15.75
Multi,416,HUNGARIAN_1TO1,0.36711317005434657,0.37896825396825395,0.35862343674843666,0.0,0.0,0.0,290,12.083333333333334
Multi,416,THRESHOLD_MM,0.023644179894179895,0.013888888888888888,0.07986111111111112,0.0,0.0,0.0,198,8.25
Multi,416,DUAL_SOFTMAX,0.23688568376068372,0.9375,0.1360291907166907,0.0,0.0,0.0,48,2.0
Multi,417,UOT_KR,0.4138246965452848,0.3587962962962963,0.494171626984127,0.0,0.0,0.0,420,17.5
Multi,417,RAW_UOT_PLAN,0.09209536378654026,0.08449074074074074,0.10761408730158728,0.0,0.0,0.0,306,12.75
Multi,417,CONDITIONAL_UOT,0.4082691409897292,0.3541666666666667,0.4872271825396825,0.0,0.0,0.0,429,17.875
Multi,417,SUPPORT_PLUS_K,0.4138246965452848,0.3587962962962963,0.494171626984127,0.0,0.0,0.0,420,17.5
Multi,417,HUNGARIAN_1TO1,0.38448310948310943,0.3928571428571428,0.37822420634920634,0.0,0.0,0.0,290,12.083333333333334
Multi,417,THRESHOLD_MM,0.029761904761904757,0.01736111111111111,0.10416666666666667,0.0,0.0,0.0,240,10.0
Multi,417,DUAL_SOFTMAX,0.2397931929181929,0.9166666666666666,0.1382688492063492,0.0,0.0,0.0,47,1.9583333333333333
Multi,418,UOT_KR,0.38448295985060693,0.3356481481481481,0.45746527777777773,0.0,0.0,0.0,414,17.25
Multi,418,RAW_UOT_PLAN,0.10418222844693432,0.0925925925925926,0.12161044973544972,0.0,0.0,0.0,354,14.75
Multi,418,CONDITIONAL_UOT,0.36538573762838467,0.3194444444444444,0.43415178571428575,0.0,0.0,0.0,408,17.0
Multi,418,SUPPORT_PLUS_K,0.38448295985060693,0.3356481481481481,0.45746527777777773,0.0,0.0,0.0,414,17.25
Multi,418,HUNGARIAN_1TO1,0.33744658119658116,0.3462301587301588,0.3315558862433862,0.0,0.0,0.0,289,12.041666666666666
Multi,418,THRESHOLD_MM,0.023809523809523808,0.013888888888888888,0.08333333333333333,0.0,0.0,0.0,162,6.75
Multi,418,DUAL_SOFTMAX,0.2147575803825804,0.8333333333333334,0.12371858465608465,0.0,0.0,0.0,46,1.9166666666666667
Multi,419,UOT_KR,0.3757045800776451,0.3333333333333333,0.4407783189033189,0.0,0.0,0.0,387,16.125
Multi,419,RAW_UOT_PLAN,0.1012021219306436,0.09027777777777779,0.11790824915824916,0.0,0.0,0.0,351,14.625
Multi,419,CONDITIONAL_UOT,0.39256044523072386,0.34722222222222215,0.4617852633477633,0.0,0.0,0.0,423,17.625
Multi,419,SUPPORT_PLUS_K,0.3619396991252642,0.3194444444444444,0.4266414141414141,0.0,0.0,0.0,369,15.375
Multi,419,HUNGARIAN_1TO1,0.3759064362924656,0.38839285714285715,0.3677842412217412,0.0,0.0,0.0,289,12.041666666666666
Multi,419,THRESHOLD_MM,0.029761904761904757,0.01736111111111111,0.10416666666666667,0.0,0.0,0.0,210,8.75
Multi,419,DUAL_SOFTMAX,0.23597421097421098,0.9375,0.13564138407888407,0.0,0.0,0.0,47,1.9583333333333333
Multi,420,UOT_KR,0.41098564425770306,0.35648148148148145,0.49375450937950927,0.0,0.0,0.0,378,15.75
Multi,420,RAW_UOT_PLAN,0.08805390211640211,0.07638888888888888,0.10589526214526213,0.0,0.0,0.0,321,13.375
Multi,420,CONDITIONAL_UOT,0.4566453664799253,0.3958333333333333,0.5487238455988456,0.0,0.0,0.0,432,18.0
Multi,420,SUPPORT_PLUS_K,0.41098564425770306,0.35648148148148145,0.49375450937950927,0.0,0.0,0.0,378,15.75
Multi,420,HUNGARIAN_1TO1,0.4759477722713017,0.4861111111111111,0.46938882876382876,0.0,0.0,0.0,288,12.0
Multi,420,THRESHOLD_MM,0.011904761904761904,0.006944444444444444,0.041666666666666664,0.0,0.0,0.0,84,3.5
Multi,420,DUAL_SOFTMAX,0.25713776963776963,0.9791666666666666,0.14854647667147666,0.0,0.0,0.0,48,2.0
Poly,411,UOT_KR,0.46781629318394025,0.40509259259259256,0.5616319444444444,0.0,0.0,0.0,432,18.0
Poly,411,RAW_UOT_PLAN,0.12173737550575785,0.10648148148148147,0.144551917989418,0.0,0.0,0.0,432,18.0
Poly,411,CONDITIONAL_UOT,0.4591357376283847,0.39745370370370364,0.5517113095238094,0.0,0.0,0.0,433,18.041666666666668
Poly,411,SUPPORT_PLUS_K,0.46781629318394025,0.40509259259259256,0.5616319444444444,0.0,0.0,0.0,432,18.0
Poly,411,HUNGARIAN_1TO1,0.43760683760683755,0.4469246031746031,0.43125826719576715,0.0,0.0,0.0,289,12.041666666666666
Poly,411,THRESHOLD_MM,0.12106870727253764,0.07316468253968254,0.35809358465608465,0.0,0.0,0.0,754,31.416666666666668
Poly,411,DUAL_SOFTMAX,0.262376628001628,1.0,0.15149636243386244,0.0,0.0,0.0,48,2.0
Poly,412,UOT_KR,0.4695370472750504,0.40046296296296297,0.5728422619047618,0.0,0.0,0.0,423,17.625
Poly,412,RAW_UOT_PLAN,0.1157716083509427,0.09953703703703705,0.1400214947089947,0.0,0.0,0.0,414,17.25
Poly,412,CONDITIONAL_UOT,0.43394676949727257,0.3703703703703703,0.5291914682539682,0.0,0.0,0.0,423,17.625
Poly,412,SUPPORT_PLUS_K,0.4695370472750504,0.40046296296296297,0.5728422619047618,0.0,0.0,0.0,423,17.625
Poly,412,HUNGARIAN_1TO1,0.47662990944240935,0.48214285714285704,0.4728587962962963,0.0,0.0,0.0,289,12.041666666666666
Poly,412,THRESHOLD_MM,0.10354456018518517,0.06259920634920635,0.30744047619047615,0.0,0.0,0.0,593,24.708333333333332
Poly,412,DUAL_SOFTMAX,0.25953930328930325,0.9583333333333334,0.15043816137566135,0.0,0.0,0.0,47,1.9583333333333333
Poly,413,UOT_KR,0.449187383286648,0.39351851851851843,0.5326140873015873,0.0,0.0,0.0,432,18.0
Poly,413,RAW_UOT_PLAN,0.12009949813258636,0.10648148148148147,0.14050099206349206,0.0,0.0,0.0,432,18.0
Poly,413,CONDITIONAL_UOT,0.438249883286648,0.38425925925925924,0.5192212301587301,0.0,0.0,0.0,432,18.0
Poly,413,SUPPORT_PLUS_K,0.449187383286648,0.39351851851851843,0.5326140873015873,0.0,0.0,0.0,432,18.0
Poly,413,HUNGARIAN_1TO1,0.4014295889295889,0.4131944444444444,0.39347718253968256,0.0,0.0,0.0,288,12.0
Poly,413,THRESHOLD_MM,0.10328394953394952,0.0625,0.3039434523809524,0.0,0.0,0.0,618,25.75
Poly,413,DUAL_SOFTMAX,0.2561240842490842,1.0,0.1474454365079365,0.0,0.0,0.0,48,2.0
Poly,414,UOT_KR,0.44403011204481785,0.39351851851851843,0.519694715007215,0.0,0.0,0.0,432,18.0
Poly,414,RAW_UOT_PLAN,0.11940553999377529,0.10648148148148147,0.1385920214045214,0.0,0.0,0.0,423,17.625
Poly,414,CONDITIONAL_UOT,0.40720413165266106,0.3606481481481481,0.47765602453102446,0.0,0.0,0.0,433,18.041666666666668
Poly,414,SUPPORT_PLUS_K,0.44403011204481785,0.39351851851851843,0.519694715007215,0.0,0.0,0.0,432,18.0
Poly,414,HUNGARIAN_1TO1,0.351636979578156,0.3645833333333333,0.3430811087061087,0.0,0.0,0.0,293,12.208333333333334
Poly,414,THRESHOLD_MM,0.10918606578490299,0.0662202380952381,0.31646825396825395,0.0,0.0,0.0,712,29.666666666666668
Poly,414,DUAL_SOFTMAX,0.2504858567358567,1.0,0.1438003547378547,0.0,0.0,0.0,48,2.0
Poly,415,UOT_KR,0.4774276377217554,0.40972222222222215,0.5783730158730158,0.0,0.0,0.0,432,18.0
Poly,415,RAW_UOT_PLAN,0.12303143479614066,0.10648148148148147,0.1476521164021164,0.0,0.0,0.0,432,18.0
Poly,415,CONDITIONAL_UOT,0.46301791549953314,0.39745370370370364,0.5610119047619048,0.0,0.0,0.0,433,18.041666666666668
Poly,415,SUPPORT_PLUS_K,0.4774276377217554,0.40972222222222215,0.5783730158730158,0.0,0.0,0.0,432,18.0
Poly,415,HUNGARIAN_1TO1,0.468030118030118,0.4756944444444444,0.4626322751322751,0.0,0.0,0.0,288,12.0
Poly,415,THRESHOLD_MM,0.10368218278101998,0.0625,0.3103918650793651,0.0,0.0,0.0,612,25.5
Poly,415,DUAL_SOFTMAX,0.2671906796906797,1.0,0.15459656084656084,0.0,0.0,0.0,48,2.0
Poly,416,UOT_KR,0.454593361467394,0.3981481481481481,0.5402056277056277,0.0,0.0,0.0,432,18.0
Poly,416,RAW_UOT_PLAN,0.12282741678542762,0.10879629629629628,0.14418891293891292,0.0,0.0,0.0,432,18.0
Poly,416,CONDITIONAL_UOT,0.4434822503562828,0.38888888888888884,0.5263167388167388,0.0,0.0,0.0,432,18.0
Poly,416,SUPPORT_PLUS_K,0.454593361467394,0.3981481481481481,0.5402056277056277,0.0,0.0,0.0,432,18.0
Poly,416,HUNGARIAN_1TO1,0.43968007074624715,0.45089285714285715,0.4323833573833573,0.0,0.0,0.0,289,12.041666666666666
Poly,416,THRESHOLD_MM,0.09146440590406107,0.05555555555555555,0.26411886724386724,0.0,0.0,0.0,564,23.5
Poly,416,DUAL_SOFTMAX,0.2563430782180782,1.0,0.14766113516113516,0.0,0.0,0.0,48,2.0
Poly,417,UOT_KR,0.43366727173325464,0.38425925925925924,0.5067482864357863,0.0,0.0,0.0,432,18.0
Poly,417,RAW_UOT_PLAN,0.12146547946664045,0.10879629629629628,0.1401462542087542,0.0,0.0,0.0,432,18.0
Poly,417,CONDITIONAL_UOT,0.4038701226104477,0.3587962962962963,0.47043876262626255,0.0,0.0,0.0,432,18.0
Poly,417,SUPPORT_PLUS_K,0.43366727173325464,0.38425925925925924,0.5067482864357863,0.0,0.0,0.0,432,18.0
Poly,417,HUNGARIAN_1TO1,0.3499352091263856,0.36359126984126977,0.34054307960557956,0.0,0.0,0.0,289,12.041666666666666
Poly,417,THRESHOLD_MM,0.09246728871728871,0.05555555555555555,0.2816220238095238,0.0,0.0,0.0,588,24.5
Poly,417,DUAL_SOFTMAX,0.2503010878010878,1.0,0.14361847643097644,0.0,0.0,0.0,48,2.0
Poly,418,UOT_KR,0.4487920168067227,0.3912037037037037,0.5333581349206349,0.0,0.0,0.0,432,18.0
Poly,418,RAW_UOT_PLAN,0.1236714130096483,0.10879629629629628,0.14537863756613756,0.0,0.0,0.0,423,17.625
Poly,418,CONDITIONAL_UOT,0.4156322945845005,0.3625,0.494171626984127,0.0,0.0,0.0,433,18.041666666666668
Poly,418,SUPPORT_PLUS_K,0.4487920168067227,0.3912037037037037,0.5333581349206349,0.0,0.0,0.0,432,18.0
Poly,418,HUNGARIAN_1TO1,0.4028133903133903,0.4131944444444444,0.3953786375661375,0.0,0.0,0.0,288,12.0
Poly,418,THRESHOLD_MM,0.11513139258522297,0.06944444444444443,0.3448247354497354,0.0,0.0,0.0,672,28.0
Poly,418,DUAL_SOFTMAX,0.2584605209605209,1.0,0.1488508597883598,0.0,0.0,0.0,48,2.0
Poly,419,UOT_KR,0.45159881935230234,0.39583333333333326,0.5357661435786435,0.0,0.0,0.0,432,18.0
Poly,419,RAW_UOT_PLAN,0.12553293978410077,0.1111111111111111,0.14733871452621453,0.0,0.0,0.0,432,18.0
Poly,419,CONDITIONAL_UOT,0.41901780083378376,0.36574074074074064,0.49916501322751317,0.0,0.0,0.0,432,18.0
Poly,419,SUPPORT_PLUS_K,0.45159881935230234,0.39583333333333326,0.5357661435786435,0.0,0.0,0.0,432,18.0
Poly,419,HUNGARIAN_1TO1,0.42236601905719545,0.43402777777777773,0.4146998256373256,0.0,0.0,0.0,288,12.0
Poly,419,THRESHOLD_MM,0.1028504837145575,0.0625,0.29543650793650794,0.0,0.0,0.0,594,24.75
Poly,419,DUAL_SOFTMAX,0.2558871683871684,1.0,0.14733871452621453,0.0,0.0,0.0,48,2.0
Poly,420,UOT_KR,0.43329240687503073,0.38425925925925924,0.5065476190476189,0.0,0.0,0.0,432,18.0
Poly,420,RAW_UOT_PLAN,0.12160945152914966,0.10879629629629628,0.14078207671957668,0.0,0.0,0.0,432,18.0
Poly,420,CONDITIONAL_UOT,0.42376859735122113,0.375,0.4961309523809523,0.0,0.0,0.0,432,18.0
Poly,420,SUPPORT_PLUS_K,0.43329240687503073,0.38425925925925924,0.5065476190476189,0.0,0.0,0.0,432,18.0
Poly,420,HUNGARIAN_1TO1,0.357360347985348,0.3715277777777777,0.3477513227513227,0.0,0.0,0.0,288,12.0
Poly,420,THRESHOLD_MM,0.11314018372841901,0.06944444444444443,0.30778769841269843,0.0,0.0,0.0,654,27.25
Poly,420,DUAL_SOFTMAX,0.24987963425463425,1.0,0.14338624338624337,0.0,0.0,0.0,48,2.0
